slug	index	role	product	variation	description	features	prompt	image_path	old_src	new_src
acrylic-paints-craft	1	product variation	Acrylic paints	Acrylic paints	The reliable everyday choice for notes, lists, and long writing sessions, with a clean line and dependable flow.	0.7mm smooth ballpoint tip Quick-drying blue ink Balanced resin barrel	A distinct premium catalog photograph of Acrylic paints, variation 1: Acrylic paints. Show the real Acrylic paints object clearly and accurately, with a different physical presentation from every other asset: The reliable everyday choice for notes, lists, and long writing sessions, with a clean line and dependable flow. Product details: 0.7mm smooth ballpoint tip Quick-drying blue ink Balanced resin barrel. Use a distinct angle, arrangement, and tasteful material/color variation while keeping the item recognizable. Single product focus, realistic proportions, soft studio lighting, warm off-white craft-paper background, subtle natural shadow, no text, no logos, no watermark, square composition.	projects/acrylic-paints-craft/image/unique-01.png	./image/item.png	./image/unique-01.png
acrylic-paints-craft	2	product variation	Acrylic paints	Acrylic paints	Smooth-flowing gel ink brings bright, expressive color to notes, sketches, and everyday ideas.	24 signature ink colors Quick-drying gel ink Comfortable soft-touch grip	A distinct premium catalog photograph of Acrylic paints, variation 2: Acrylic paints. Show the real Acrylic paints object clearly and accurately, with a different physical presentation from every other asset: Smooth-flowing gel ink brings bright, expressive color to notes, sketches, and everyday ideas. Product details: 24 signature ink colors Quick-drying gel ink Comfortable soft-touch grip. Use a distinct angle, arrangement, and tasteful material/color variation while keeping the item recognizable. Single product focus, realistic proportions, soft studio lighting, warm off-white craft-paper background, subtle natural shadow, no text, no logos, no watermark, square composition.	projects/acrylic-paints-craft/image/unique-02.png	./image/item.png	./image/unique-02.png
acrylic-paints-craft	3	product variation	Acrylic paints	Acrylic paints	Liquid ink glides across the page with effortless flow, expressive line control, and a refined finish.	Silky liquid ink Ultra-smooth writing Premium roller tip	A distinct premium catalog photograph of Acrylic paints, variation 3: Acrylic paints. Show the real Acrylic paints object clearly and accurately, with a different physical presentation from every other asset: Liquid ink glides across the page with effortless flow, expressive line control, and a refined finish. Product details: Silky liquid ink Ultra-smooth writing Premium roller tip. Use a distinct angle, arrangement, and tasteful material/color variation while keeping the item recognizable. Single product focus, realistic proportions, soft studio lighting, warm off-white craft-paper background, subtle natural shadow, no text, no logos, no watermark, square composition.	projects/acrylic-paints-craft/image/unique-03.png	./image/item.png	./image/unique-03.png
acrylic-paints-craft	4	product variation	Acrylic paints	Acrylic paints	A smooth fountain nib and refillable reservoir turn every page into a more considered writing experience.	Refillable ink system Fine and medium nibs Polished metal nib	A distinct premium catalog photograph of Acrylic paints, variation 4: Acrylic paints. Show the real Acrylic paints object clearly and accurately, with a different physical presentation from every other asset: A smooth fountain nib and refillable reservoir turn every page into a more considered writing experience. Product details: Refillable ink system Fine and medium nibs Polished metal nib. Use a distinct angle, arrangement, and tasteful material/color variation while keeping the item recognizable. Single product focus, realistic proportions, soft studio lighting, warm off-white craft-paper background, subtle natural shadow, no text, no logos, no watermark, square composition.	projects/acrylic-paints-craft/image/unique-04.png	./image/item.png	./image/unique-04.png
acrylic-paints-craft	5	product variation	Acrylic paints	Acrylic paints	Precise fiber tips create clean, expressive lines for diagrams, journaling, lettering, and detail work.	0.4mm precision tip Fade-resistant black ink Long-lasting fiber point	A distinct premium catalog photograph of Acrylic paints, variation 5: Acrylic paints. Show the real Acrylic paints object clearly and accurately, with a different physical presentation from every other asset: Precise fiber tips create clean, expressive lines for diagrams, journaling, lettering, and detail work. Product details: 0.4mm precision tip Fade-resistant black ink Long-lasting fiber point. Use a distinct angle, arrangement, and tasteful material/color variation while keeping the item recognizable. Single product focus, realistic proportions, soft studio lighting, warm off-white craft-paper background, subtle natural shadow, no text, no logos, no watermark, square composition.	projects/acrylic-paints-craft/image/unique-05.png	./image/item.png	./image/unique-05.png
acrylic-paints-craft	6	about presentation	Acrylic paints	about presentation 6			A distinct editorial presentation image for a stationery and craft product webpage about Acrylic paints, role about presentation number 6. Feature Acrylic paints as the clear subject in a unique composition, different from every other image in the repository, realistic product photography, soft studio lighting, warm off-white craft-paper background, no text, no logos, no watermark, square composition.	projects/acrylic-paints-craft/image/unique-06.png	./image/item.png	./image/unique-06.png
address-labels-craft	1	product variation	Address labels	Address labels	The reliable everyday choice for notes, lists, and long writing sessions, with a clean line and dependable flow.	0.7mm smooth ballpoint tip Quick-drying blue ink Balanced resin barrel	A distinct premium catalog photograph of Address labels, variation 1: Address labels. Show the real Address labels object clearly and accurately, with a different physical presentation from every other asset: The reliable everyday choice for notes, lists, and long writing sessions, with a clean line and dependable flow. Product details: 0.7mm smooth ballpoint tip Quick-drying blue ink Balanced resin barrel. Use a distinct angle, arrangement, and tasteful material/color variation while keeping the item recognizable. Single product focus, realistic proportions, soft studio lighting, warm off-white craft-paper background, subtle natural shadow, no text, no logos, no watermark, square composition.	projects/address-labels-craft/image/unique-01.png	./image/item.png	./image/unique-01.png
address-labels-craft	2	product variation	Address labels	Address labels	Smooth-flowing gel ink brings bright, expressive color to notes, sketches, and everyday ideas.	24 signature ink colors Quick-drying gel ink Comfortable soft-touch grip	A distinct premium catalog photograph of Address labels, variation 2: Address labels. Show the real Address labels object clearly and accurately, with a different physical presentation from every other asset: Smooth-flowing gel ink brings bright, expressive color to notes, sketches, and everyday ideas. Product details: 24 signature ink colors Quick-drying gel ink Comfortable soft-touch grip. Use a distinct angle, arrangement, and tasteful material/color variation while keeping the item recognizable. Single product focus, realistic proportions, soft studio lighting, warm off-white craft-paper background, subtle natural shadow, no text, no logos, no watermark, square composition.	projects/address-labels-craft/image/unique-02.png	./image/item.png	./image/unique-02.png
address-labels-craft	3	product variation	Address labels	Address labels	Liquid ink glides across the page with effortless flow, expressive line control, and a refined finish.	Silky liquid ink Ultra-smooth writing Premium roller tip	A distinct premium catalog photograph of Address labels, variation 3: Address labels. Show the real Address labels object clearly and accurately, with a different physical presentation from every other asset: Liquid ink glides across the page with effortless flow, expressive line control, and a refined finish. Product details: Silky liquid ink Ultra-smooth writing Premium roller tip. Use a distinct angle, arrangement, and tasteful material/color variation while keeping the item recognizable. Single product focus, realistic proportions, soft studio lighting, warm off-white craft-paper background, subtle natural shadow, no text, no logos, no watermark, square composition.	projects/address-labels-craft/image/unique-03.png	./image/item.png	./image/unique-03.png
address-labels-craft	4	product variation	Address labels	Address labels	A smooth fountain nib and refillable reservoir turn every page into a more considered writing experience.	Refillable ink system Fine and medium nibs Polished metal nib	A distinct premium catalog photograph of Address labels, variation 4: Address labels. Show the real Address labels object clearly and accurately, with a different physical presentation from every other asset: A smooth fountain nib and refillable reservoir turn every page into a more considered writing experience. Product details: Refillable ink system Fine and medium nibs Polished metal nib. Use a distinct angle, arrangement, and tasteful material/color variation while keeping the item recognizable. Single product focus, realistic proportions, soft studio lighting, warm off-white craft-paper background, subtle natural shadow, no text, no logos, no watermark, square composition.	projects/address-labels-craft/image/unique-04.png	./image/item.png	./image/unique-04.png
address-labels-craft	5	product variation	Address labels	Address labels	Precise fiber tips create clean, expressive lines for diagrams, journaling, lettering, and detail work.	0.4mm precision tip Fade-resistant black ink Long-lasting fiber point	A distinct premium catalog photograph of Address labels, variation 5: Address labels. Show the real Address labels object clearly and accurately, with a different physical presentation from every other asset: Precise fiber tips create clean, expressive lines for diagrams, journaling, lettering, and detail work. Product details: 0.4mm precision tip Fade-resistant black ink Long-lasting fiber point. Use a distinct angle, arrangement, and tasteful material/color variation while keeping the item recognizable. Single product focus, realistic proportions, soft studio lighting, warm off-white craft-paper background, subtle natural shadow, no text, no logos, no watermark, square composition.	projects/address-labels-craft/image/unique-05.png	./image/item.png	./image/unique-05.png
address-labels-craft	6	about presentation	Address labels	about presentation 6			A distinct editorial presentation image for a stationery and craft product webpage about Address labels, role about presentation number 6. Feature Address labels as the clear subject in a unique composition, different from every other image in the repository, realistic product photography, soft studio lighting, warm off-white craft-paper background, no text, no logos, no watermark, square composition.	projects/address-labels-craft/image/unique-06.png	./image/item.png	./image/unique-06.png
art-aprons-craft	1	product variation	Art aprons	Art aprons	The reliable everyday choice for notes, lists, and long writing sessions, with a clean line and dependable flow.	0.7mm smooth ballpoint tip Quick-drying blue ink Balanced resin barrel	A distinct premium catalog photograph of Art aprons, variation 1: Art aprons. Show the real Art aprons object clearly and accurately, with a different physical presentation from every other asset: The reliable everyday choice for notes, lists, and long writing sessions, with a clean line and dependable flow. Product details: 0.7mm smooth ballpoint tip Quick-drying blue ink Balanced resin barrel. Use a distinct angle, arrangement, and tasteful material/color variation while keeping the item recognizable. Single product focus, realistic proportions, soft studio lighting, warm off-white craft-paper background, subtle natural shadow, no text, no logos, no watermark, square composition.	projects/art-aprons-craft/image/unique-01.png	./image/item.png	./image/unique-01.png
art-aprons-craft	2	product variation	Art aprons	Art aprons	Smooth-flowing gel ink brings bright, expressive color to notes, sketches, and everyday ideas.	24 signature ink colors Quick-drying gel ink Comfortable soft-touch grip	A distinct premium catalog photograph of Art aprons, variation 2: Art aprons. Show the real Art aprons object clearly and accurately, with a different physical presentation from every other asset: Smooth-flowing gel ink brings bright, expressive color to notes, sketches, and everyday ideas. Product details: 24 signature ink colors Quick-drying gel ink Comfortable soft-touch grip. Use a distinct angle, arrangement, and tasteful material/color variation while keeping the item recognizable. Single product focus, realistic proportions, soft studio lighting, warm off-white craft-paper background, subtle natural shadow, no text, no logos, no watermark, square composition.	projects/art-aprons-craft/image/unique-02.png	./image/item.png	./image/unique-02.png
art-aprons-craft	3	product variation	Art aprons	Art aprons	Liquid ink glides across the page with effortless flow, expressive line control, and a refined finish.	Silky liquid ink Ultra-smooth writing Premium roller tip	A distinct premium catalog photograph of Art aprons, variation 3: Art aprons. Show the real Art aprons object clearly and accurately, with a different physical presentation from every other asset: Liquid ink glides across the page with effortless flow, expressive line control, and a refined finish. Product details: Silky liquid ink Ultra-smooth writing Premium roller tip. Use a distinct angle, arrangement, and tasteful material/color variation while keeping the item recognizable. Single product focus, realistic proportions, soft studio lighting, warm off-white craft-paper background, subtle natural shadow, no text, no logos, no watermark, square composition.	projects/art-aprons-craft/image/unique-03.png	./image/item.png	./image/unique-03.png
art-aprons-craft	4	product variation	Art aprons	Art aprons	A smooth fountain nib and refillable reservoir turn every page into a more considered writing experience.	Refillable ink system Fine and medium nibs Polished metal nib	A distinct premium catalog photograph of Art aprons, variation 4: Art aprons. Show the real Art aprons object clearly and accurately, with a different physical presentation from every other asset: A smooth fountain nib and refillable reservoir turn every page into a more considered writing experience. Product details: Refillable ink system Fine and medium nibs Polished metal nib. Use a distinct angle, arrangement, and tasteful material/color variation while keeping the item recognizable. Single product focus, realistic proportions, soft studio lighting, warm off-white craft-paper background, subtle natural shadow, no text, no logos, no watermark, square composition.	projects/art-aprons-craft/image/unique-04.png	./image/item.png	./image/unique-04.png
art-aprons-craft	5	product variation	Art aprons	Art aprons	Precise fiber tips create clean, expressive lines for diagrams, journaling, lettering, and detail work.	0.4mm precision tip Fade-resistant black ink Long-lasting fiber point	A distinct premium catalog photograph of Art aprons, variation 5: Art aprons. Show the real Art aprons object clearly and accurately, with a different physical presentation from every other asset: Precise fiber tips create clean, expressive lines for diagrams, journaling, lettering, and detail work. Product details: 0.4mm precision tip Fade-resistant black ink Long-lasting fiber point. Use a distinct angle, arrangement, and tasteful material/color variation while keeping the item recognizable. Single product focus, realistic proportions, soft studio lighting, warm off-white craft-paper background, subtle natural shadow, no text, no logos, no watermark, square composition.	projects/art-aprons-craft/image/unique-05.png	./image/item.png	./image/unique-05.png
art-aprons-craft	6	about presentation	Art aprons	about presentation 6			A distinct editorial presentation image for a stationery and craft product webpage about Art aprons, role about presentation number 6. Feature Art aprons as the clear subject in a unique composition, different from every other image in the repository, realistic product photography, soft studio lighting, warm off-white craft-paper background, no text, no logos, no watermark, square composition.	projects/art-aprons-craft/image/unique-06.png	./image/item.png	./image/unique-06.png
art-markers-craft	1	product variation	Art markers	Art markers	The reliable everyday choice for notes, lists, and long writing sessions, with a clean line and dependable flow.	0.7mm smooth ballpoint tip Quick-drying blue ink Balanced resin barrel	A distinct premium catalog photograph of Art markers, variation 1: Art markers. Show the real Art markers object clearly and accurately, with a different physical presentation from every other asset: The reliable everyday choice for notes, lists, and long writing sessions, with a clean line and dependable flow. Product details: 0.7mm smooth ballpoint tip Quick-drying blue ink Balanced resin barrel. Use a distinct angle, arrangement, and tasteful material/color variation while keeping the item recognizable. Single product focus, realistic proportions, soft studio lighting, warm off-white craft-paper background, subtle natural shadow, no text, no logos, no watermark, square composition.	projects/art-markers-craft/image/unique-01.png	./image/item.png	./image/unique-01.png
art-markers-craft	2	product variation	Art markers	Art markers	Smooth-flowing gel ink brings bright, expressive color to notes, sketches, and everyday ideas.	24 signature ink colors Quick-drying gel ink Comfortable soft-touch grip	A distinct premium catalog photograph of Art markers, variation 2: Art markers. Show the real Art markers object clearly and accurately, with a different physical presentation from every other asset: Smooth-flowing gel ink brings bright, expressive color to notes, sketches, and everyday ideas. Product details: 24 signature ink colors Quick-drying gel ink Comfortable soft-touch grip. Use a distinct angle, arrangement, and tasteful material/color variation while keeping the item recognizable. Single product focus, realistic proportions, soft studio lighting, warm off-white craft-paper background, subtle natural shadow, no text, no logos, no watermark, square composition.	projects/art-markers-craft/image/unique-02.png	./image/item.png	./image/unique-02.png
art-markers-craft	3	product variation	Art markers	Art markers	Liquid ink glides across the page with effortless flow, expressive line control, and a refined finish.	Silky liquid ink Ultra-smooth writing Premium roller tip	A distinct premium catalog photograph of Art markers, variation 3: Art markers. Show the real Art markers object clearly and accurately, with a different physical presentation from every other asset: Liquid ink glides across the page with effortless flow, expressive line control, and a refined finish. Product details: Silky liquid ink Ultra-smooth writing Premium roller tip. Use a distinct angle, arrangement, and tasteful material/color variation while keeping the item recognizable. Single product focus, realistic proportions, soft studio lighting, warm off-white craft-paper background, subtle natural shadow, no text, no logos, no watermark, square composition.	projects/art-markers-craft/image/unique-03.png	./image/item.png	./image/unique-03.png
art-markers-craft	4	product variation	Art markers	Art markers	A smooth fountain nib and refillable reservoir turn every page into a more considered writing experience.	Refillable ink system Fine and medium nibs Polished metal nib	A distinct premium catalog photograph of Art markers, variation 4: Art markers. Show the real Art markers object clearly and accurately, with a different physical presentation from every other asset: A smooth fountain nib and refillable reservoir turn every page into a more considered writing experience. Product details: Refillable ink system Fine and medium nibs Polished metal nib. Use a distinct angle, arrangement, and tasteful material/color variation while keeping the item recognizable. Single product focus, realistic proportions, soft studio lighting, warm off-white craft-paper background, subtle natural shadow, no text, no logos, no watermark, square composition.	projects/art-markers-craft/image/unique-04.png	./image/item.png	./image/unique-04.png
art-markers-craft	5	product variation	Art markers	Art markers	Precise fiber tips create clean, expressive lines for diagrams, journaling, lettering, and detail work.	0.4mm precision tip Fade-resistant black ink Long-lasting fiber point	A distinct premium catalog photograph of Art markers, variation 5: Art markers. Show the real Art markers object clearly and accurately, with a different physical presentation from every other asset: Precise fiber tips create clean, expressive lines for diagrams, journaling, lettering, and detail work. Product details: 0.4mm precision tip Fade-resistant black ink Long-lasting fiber point. Use a distinct angle, arrangement, and tasteful material/color variation while keeping the item recognizable. Single product focus, realistic proportions, soft studio lighting, warm off-white craft-paper background, subtle natural shadow, no text, no logos, no watermark, square composition.	projects/art-markers-craft/image/unique-05.png	./image/item.png	./image/unique-05.png
art-markers-craft	6	about presentation	Art markers	about presentation 6			A distinct editorial presentation image for a stationery and craft product webpage about Art markers, role about presentation number 6. Feature Art markers as the clear subject in a unique composition, different from every other image in the repository, realistic product photography, soft studio lighting, warm off-white craft-paper background, no text, no logos, no watermark, square composition.	projects/art-markers-craft/image/unique-06.png	./image/item.png	./image/unique-06.png
attendance-registers-craft	1	product variation	Attendance registers	Attendance registers	The reliable everyday choice for notes, lists, and long writing sessions, with a clean line and dependable flow.	0.7mm smooth ballpoint tip Quick-drying blue ink Balanced resin barrel	A distinct premium catalog photograph of Attendance registers, variation 1: Attendance registers. Show the real Attendance registers object clearly and accurately, with a different physical presentation from every other asset: The reliable everyday choice for notes, lists, and long writing sessions, with a clean line and dependable flow. Product details: 0.7mm smooth ballpoint tip Quick-drying blue ink Balanced resin barrel. Use a distinct angle, arrangement, and tasteful material/color variation while keeping the item recognizable. Single product focus, realistic proportions, soft studio lighting, warm off-white craft-paper background, subtle natural shadow, no text, no logos, no watermark, square composition.	projects/attendance-registers-craft/image/unique-01.png	./image/item.png	./image/unique-01.png
attendance-registers-craft	2	product variation	Attendance registers	Attendance registers	Smooth-flowing gel ink brings bright, expressive color to notes, sketches, and everyday ideas.	24 signature ink colors Quick-drying gel ink Comfortable soft-touch grip	A distinct premium catalog photograph of Attendance registers, variation 2: Attendance registers. Show the real Attendance registers object clearly and accurately, with a different physical presentation from every other asset: Smooth-flowing gel ink brings bright, expressive color to notes, sketches, and everyday ideas. Product details: 24 signature ink colors Quick-drying gel ink Comfortable soft-touch grip. Use a distinct angle, arrangement, and tasteful material/color variation while keeping the item recognizable. Single product focus, realistic proportions, soft studio lighting, warm off-white craft-paper background, subtle natural shadow, no text, no logos, no watermark, square composition.	projects/attendance-registers-craft/image/unique-02.png	./image/item.png	./image/unique-02.png
attendance-registers-craft	3	product variation	Attendance registers	Attendance registers	Liquid ink glides across the page with effortless flow, expressive line control, and a refined finish.	Silky liquid ink Ultra-smooth writing Premium roller tip	A distinct premium catalog photograph of Attendance registers, variation 3: Attendance registers. Show the real Attendance registers object clearly and accurately, with a different physical presentation from every other asset: Liquid ink glides across the page with effortless flow, expressive line control, and a refined finish. Product details: Silky liquid ink Ultra-smooth writing Premium roller tip. Use a distinct angle, arrangement, and tasteful material/color variation while keeping the item recognizable. Single product focus, realistic proportions, soft studio lighting, warm off-white craft-paper background, subtle natural shadow, no text, no logos, no watermark, square composition.	projects/attendance-registers-craft/image/unique-03.png	./image/item.png	./image/unique-03.png
attendance-registers-craft	4	product variation	Attendance registers	Attendance registers	A smooth fountain nib and refillable reservoir turn every page into a more considered writing experience.	Refillable ink system Fine and medium nibs Polished metal nib	A distinct premium catalog photograph of Attendance registers, variation 4: Attendance registers. Show the real Attendance registers object clearly and accurately, with a different physical presentation from every other asset: A smooth fountain nib and refillable reservoir turn every page into a more considered writing experience. Product details: Refillable ink system Fine and medium nibs Polished metal nib. Use a distinct angle, arrangement, and tasteful material/color variation while keeping the item recognizable. Single product focus, realistic proportions, soft studio lighting, warm off-white craft-paper background, subtle natural shadow, no text, no logos, no watermark, square composition.	projects/attendance-registers-craft/image/unique-04.png	./image/item.png	./image/unique-04.png
attendance-registers-craft	5	product variation	Attendance registers	Attendance registers	Precise fiber tips create clean, expressive lines for diagrams, journaling, lettering, and detail work.	0.4mm precision tip Fade-resistant black ink Long-lasting fiber point	A distinct premium catalog photograph of Attendance registers, variation 5: Attendance registers. Show the real Attendance registers object clearly and accurately, with a different physical presentation from every other asset: Precise fiber tips create clean, expressive lines for diagrams, journaling, lettering, and detail work. Product details: 0.4mm precision tip Fade-resistant black ink Long-lasting fiber point. Use a distinct angle, arrangement, and tasteful material/color variation while keeping the item recognizable. Single product focus, realistic proportions, soft studio lighting, warm off-white craft-paper background, subtle natural shadow, no text, no logos, no watermark, square composition.	projects/attendance-registers-craft/image/unique-05.png	./image/item.png	./image/unique-05.png
attendance-registers-craft	6	about presentation	Attendance registers	about presentation 6			A distinct editorial presentation image for a stationery and craft product webpage about Attendance registers, role about presentation number 6. Feature Attendance registers as the clear subject in a unique composition, different from every other image in the repository, realistic product photography, soft studio lighting, warm off-white craft-paper background, no text, no logos, no watermark, square composition.	projects/attendance-registers-craft/image/unique-06.png	./image/item.png	./image/unique-06.png
binder-clips-craft	1	product variation	Binder clips	Binder clips	The reliable everyday choice for notes, lists, and long writing sessions, with a clean line and dependable flow.	0.7mm smooth ballpoint tip Quick-drying blue ink Balanced resin barrel	A distinct premium catalog photograph of Binder clips, variation 1: Binder clips. Show the real Binder clips object clearly and accurately, with a different physical presentation from every other asset: The reliable everyday choice for notes, lists, and long writing sessions, with a clean line and dependable flow. Product details: 0.7mm smooth ballpoint tip Quick-drying blue ink Balanced resin barrel. Use a distinct angle, arrangement, and tasteful material/color variation while keeping the item recognizable. Single product focus, realistic proportions, soft studio lighting, warm off-white craft-paper background, subtle natural shadow, no text, no logos, no watermark, square composition.	projects/binder-clips-craft/image/unique-01.png	./image/item.png	./image/unique-01.png
binder-clips-craft	2	product variation	Binder clips	Binder clips	Smooth-flowing gel ink brings bright, expressive color to notes, sketches, and everyday ideas.	24 signature ink colors Quick-drying gel ink Comfortable soft-touch grip	A distinct premium catalog photograph of Binder clips, variation 2: Binder clips. Show the real Binder clips object clearly and accurately, with a different physical presentation from every other asset: Smooth-flowing gel ink brings bright, expressive color to notes, sketches, and everyday ideas. Product details: 24 signature ink colors Quick-drying gel ink Comfortable soft-touch grip. Use a distinct angle, arrangement, and tasteful material/color variation while keeping the item recognizable. Single product focus, realistic proportions, soft studio lighting, warm off-white craft-paper background, subtle natural shadow, no text, no logos, no watermark, square composition.	projects/binder-clips-craft/image/unique-02.png	./image/item.png	./image/unique-02.png
binder-clips-craft	3	product variation	Binder clips	Binder clips	Liquid ink glides across the page with effortless flow, expressive line control, and a refined finish.	Silky liquid ink Ultra-smooth writing Premium roller tip	A distinct premium catalog photograph of Binder clips, variation 3: Binder clips. Show the real Binder clips object clearly and accurately, with a different physical presentation from every other asset: Liquid ink glides across the page with effortless flow, expressive line control, and a refined finish. Product details: Silky liquid ink Ultra-smooth writing Premium roller tip. Use a distinct angle, arrangement, and tasteful material/color variation while keeping the item recognizable. Single product focus, realistic proportions, soft studio lighting, warm off-white craft-paper background, subtle natural shadow, no text, no logos, no watermark, square composition.	projects/binder-clips-craft/image/unique-03.png	./image/item.png	./image/unique-03.png
binder-clips-craft	4	product variation	Binder clips	Binder clips	A smooth fountain nib and refillable reservoir turn every page into a more considered writing experience.	Refillable ink system Fine and medium nibs Polished metal nib	A distinct premium catalog photograph of Binder clips, variation 4: Binder clips. Show the real Binder clips object clearly and accurately, with a different physical presentation from every other asset: A smooth fountain nib and refillable reservoir turn every page into a more considered writing experience. Product details: Refillable ink system Fine and medium nibs Polished metal nib. Use a distinct angle, arrangement, and tasteful material/color variation while keeping the item recognizable. Single product focus, realistic proportions, soft studio lighting, warm off-white craft-paper background, subtle natural shadow, no text, no logos, no watermark, square composition.	projects/binder-clips-craft/image/unique-04.png	./image/item.png	./image/unique-04.png
binder-clips-craft	5	product variation	Binder clips	Binder clips	Precise fiber tips create clean, expressive lines for diagrams, journaling, lettering, and detail work.	0.4mm precision tip Fade-resistant black ink Long-lasting fiber point	A distinct premium catalog photograph of Binder clips, variation 5: Binder clips. Show the real Binder clips object clearly and accurately, with a different physical presentation from every other asset: Precise fiber tips create clean, expressive lines for diagrams, journaling, lettering, and detail work. Product details: 0.4mm precision tip Fade-resistant black ink Long-lasting fiber point. Use a distinct angle, arrangement, and tasteful material/color variation while keeping the item recognizable. Single product focus, realistic proportions, soft studio lighting, warm off-white craft-paper background, subtle natural shadow, no text, no logos, no watermark, square composition.	projects/binder-clips-craft/image/unique-05.png	./image/item.png	./image/unique-05.png
binder-clips-craft	6	about presentation	Binder clips	about presentation 6			A distinct editorial presentation image for a stationery and craft product webpage about Binder clips, role about presentation number 6. Feature Binder clips as the clear subject in a unique composition, different from every other image in the repository, realistic product photography, soft studio lighting, warm off-white craft-paper background, no text, no logos, no watermark, square composition.	projects/binder-clips-craft/image/unique-06.png	./image/item.png	./image/unique-06.png
blank-paper-craft	1	product variation	Blank paper	Blank paper	The reliable everyday choice for notes, lists, and long writing sessions, with a clean line and dependable flow.	0.7mm smooth ballpoint tip Quick-drying blue ink Balanced resin barrel	A distinct premium catalog photograph of Blank paper, variation 1: Blank paper. Show the real Blank paper object clearly and accurately, with a different physical presentation from every other asset: The reliable everyday choice for notes, lists, and long writing sessions, with a clean line and dependable flow. Product details: 0.7mm smooth ballpoint tip Quick-drying blue ink Balanced resin barrel. Use a distinct angle, arrangement, and tasteful material/color variation while keeping the item recognizable. Single product focus, realistic proportions, soft studio lighting, warm off-white craft-paper background, subtle natural shadow, no text, no logos, no watermark, square composition.	projects/blank-paper-craft/image/unique-01.png	./image/item.png	./image/unique-01.png
blank-paper-craft	2	product variation	Blank paper	Blank paper	Smooth-flowing gel ink brings bright, expressive color to notes, sketches, and everyday ideas.	24 signature ink colors Quick-drying gel ink Comfortable soft-touch grip	A distinct premium catalog photograph of Blank paper, variation 2: Blank paper. Show the real Blank paper object clearly and accurately, with a different physical presentation from every other asset: Smooth-flowing gel ink brings bright, expressive color to notes, sketches, and everyday ideas. Product details: 24 signature ink colors Quick-drying gel ink Comfortable soft-touch grip. Use a distinct angle, arrangement, and tasteful material/color variation while keeping the item recognizable. Single product focus, realistic proportions, soft studio lighting, warm off-white craft-paper background, subtle natural shadow, no text, no logos, no watermark, square composition.	projects/blank-paper-craft/image/unique-02.png	./image/item.png	./image/unique-02.png
blank-paper-craft	3	product variation	Blank paper	Blank paper	Liquid ink glides across the page with effortless flow, expressive line control, and a refined finish.	Silky liquid ink Ultra-smooth writing Premium roller tip	A distinct premium catalog photograph of Blank paper, variation 3: Blank paper. Show the real Blank paper object clearly and accurately, with a different physical presentation from every other asset: Liquid ink glides across the page with effortless flow, expressive line control, and a refined finish. Product details: Silky liquid ink Ultra-smooth writing Premium roller tip. Use a distinct angle, arrangement, and tasteful material/color variation while keeping the item recognizable. Single product focus, realistic proportions, soft studio lighting, warm off-white craft-paper background, subtle natural shadow, no text, no logos, no watermark, square composition.	projects/blank-paper-craft/image/unique-03.png	./image/item.png	./image/unique-03.png
blank-paper-craft	4	product variation	Blank paper	Blank paper	A smooth fountain nib and refillable reservoir turn every page into a more considered writing experience.	Refillable ink system Fine and medium nibs Polished metal nib	A distinct premium catalog photograph of Blank paper, variation 4: Blank paper. Show the real Blank paper object clearly and accurately, with a different physical presentation from every other asset: A smooth fountain nib and refillable reservoir turn every page into a more considered writing experience. Product details: Refillable ink system Fine and medium nibs Polished metal nib. Use a distinct angle, arrangement, and tasteful material/color variation while keeping the item recognizable. Single product focus, realistic proportions, soft studio lighting, warm off-white craft-paper background, subtle natural shadow, no text, no logos, no watermark, square composition.	projects/blank-paper-craft/image/unique-04.png	./image/item.png	./image/unique-04.png
blank-paper-craft	5	product variation	Blank paper	Blank paper	Precise fiber tips create clean, expressive lines for diagrams, journaling, lettering, and detail work.	0.4mm precision tip Fade-resistant black ink Long-lasting fiber point	A distinct premium catalog photograph of Blank paper, variation 5: Blank paper. Show the real Blank paper object clearly and accurately, with a different physical presentation from every other asset: Precise fiber tips create clean, expressive lines for diagrams, journaling, lettering, and detail work. Product details: 0.4mm precision tip Fade-resistant black ink Long-lasting fiber point. Use a distinct angle, arrangement, and tasteful material/color variation while keeping the item recognizable. Single product focus, realistic proportions, soft studio lighting, warm off-white craft-paper background, subtle natural shadow, no text, no logos, no watermark, square composition.	projects/blank-paper-craft/image/unique-05.png	./image/item.png	./image/unique-05.png
blank-paper-craft	6	about presentation	Blank paper	about presentation 6			A distinct editorial presentation image for a stationery and craft product webpage about Blank paper, role about presentation number 6. Feature Blank paper as the clear subject in a unique composition, different from every other image in the repository, realistic product photography, soft studio lighting, warm off-white craft-paper background, no text, no logos, no watermark, square composition.	projects/blank-paper-craft/image/unique-06.png	./image/item.png	./image/unique-06.png
blending-stumps-craft	1	product variation	Blending stumps	Blending stumps	The reliable everyday choice for notes, lists, and long writing sessions, with a clean line and dependable flow.	0.7mm smooth ballpoint tip Quick-drying blue ink Balanced resin barrel	A distinct premium catalog photograph of Blending stumps, variation 1: Blending stumps. Show the real Blending stumps object clearly and accurately, with a different physical presentation from every other asset: The reliable everyday choice for notes, lists, and long writing sessions, with a clean line and dependable flow. Product details: 0.7mm smooth ballpoint tip Quick-drying blue ink Balanced resin barrel. Use a distinct angle, arrangement, and tasteful material/color variation while keeping the item recognizable. Single product focus, realistic proportions, soft studio lighting, warm off-white craft-paper background, subtle natural shadow, no text, no logos, no watermark, square composition.	projects/blending-stumps-craft/image/unique-01.png	./image/item.png	./image/unique-01.png
blending-stumps-craft	2	product variation	Blending stumps	Blending stumps	Smooth-flowing gel ink brings bright, expressive color to notes, sketches, and everyday ideas.	24 signature ink colors Quick-drying gel ink Comfortable soft-touch grip	A distinct premium catalog photograph of Blending stumps, variation 2: Blending stumps. Show the real Blending stumps object clearly and accurately, with a different physical presentation from every other asset: Smooth-flowing gel ink brings bright, expressive color to notes, sketches, and everyday ideas. Product details: 24 signature ink colors Quick-drying gel ink Comfortable soft-touch grip. Use a distinct angle, arrangement, and tasteful material/color variation while keeping the item recognizable. Single product focus, realistic proportions, soft studio lighting, warm off-white craft-paper background, subtle natural shadow, no text, no logos, no watermark, square composition.	projects/blending-stumps-craft/image/unique-02.png	./image/item.png	./image/unique-02.png
blending-stumps-craft	3	product variation	Blending stumps	Blending stumps	Liquid ink glides across the page with effortless flow, expressive line control, and a refined finish.	Silky liquid ink Ultra-smooth writing Premium roller tip	A distinct premium catalog photograph of Blending stumps, variation 3: Blending stumps. Show the real Blending stumps object clearly and accurately, with a different physical presentation from every other asset: Liquid ink glides across the page with effortless flow, expressive line control, and a refined finish. Product details: Silky liquid ink Ultra-smooth writing Premium roller tip. Use a distinct angle, arrangement, and tasteful material/color variation while keeping the item recognizable. Single product focus, realistic proportions, soft studio lighting, warm off-white craft-paper background, subtle natural shadow, no text, no logos, no watermark, square composition.	projects/blending-stumps-craft/image/unique-03.png	./image/item.png	./image/unique-03.png
blending-stumps-craft	4	product variation	Blending stumps	Blending stumps	A smooth fountain nib and refillable reservoir turn every page into a more considered writing experience.	Refillable ink system Fine and medium nibs Polished metal nib	A distinct premium catalog photograph of Blending stumps, variation 4: Blending stumps. Show the real Blending stumps object clearly and accurately, with a different physical presentation from every other asset: A smooth fountain nib and refillable reservoir turn every page into a more considered writing experience. Product details: Refillable ink system Fine and medium nibs Polished metal nib. Use a distinct angle, arrangement, and tasteful material/color variation while keeping the item recognizable. Single product focus, realistic proportions, soft studio lighting, warm off-white craft-paper background, subtle natural shadow, no text, no logos, no watermark, square composition.	projects/blending-stumps-craft/image/unique-04.png	./image/item.png	./image/unique-04.png
blending-stumps-craft	5	product variation	Blending stumps	Blending stumps	Precise fiber tips create clean, expressive lines for diagrams, journaling, lettering, and detail work.	0.4mm precision tip Fade-resistant black ink Long-lasting fiber point	A distinct premium catalog photograph of Blending stumps, variation 5: Blending stumps. Show the real Blending stumps object clearly and accurately, with a different physical presentation from every other asset: Precise fiber tips create clean, expressive lines for diagrams, journaling, lettering, and detail work. Product details: 0.4mm precision tip Fade-resistant black ink Long-lasting fiber point. Use a distinct angle, arrangement, and tasteful material/color variation while keeping the item recognizable. Single product focus, realistic proportions, soft studio lighting, warm off-white craft-paper background, subtle natural shadow, no text, no logos, no watermark, square composition.	projects/blending-stumps-craft/image/unique-05.png	./image/item.png	./image/unique-05.png
blending-stumps-craft	6	about presentation	Blending stumps	about presentation 6			A distinct editorial presentation image for a stationery and craft product webpage about Blending stumps, role about presentation number 6. Feature Blending stumps as the clear subject in a unique composition, different from every other image in the repository, realistic product photography, soft studio lighting, warm off-white craft-paper background, no text, no logos, no watermark, square composition.	projects/blending-stumps-craft/image/unique-06.png	./image/item.png	./image/unique-06.png
bookends-craft	1	product variation	Bookends	Bookends	The reliable everyday choice for notes, lists, and long writing sessions, with a clean line and dependable flow.	0.7mm smooth ballpoint tip Quick-drying blue ink Balanced resin barrel	A distinct premium catalog photograph of Bookends, variation 1: Bookends. Show the real Bookends object clearly and accurately, with a different physical presentation from every other asset: The reliable everyday choice for notes, lists, and long writing sessions, with a clean line and dependable flow. Product details: 0.7mm smooth ballpoint tip Quick-drying blue ink Balanced resin barrel. Use a distinct angle, arrangement, and tasteful material/color variation while keeping the item recognizable. Single product focus, realistic proportions, soft studio lighting, warm off-white craft-paper background, subtle natural shadow, no text, no logos, no watermark, square composition.	projects/bookends-craft/image/unique-01.png	./image/item.png	./image/unique-01.png
bookends-craft	2	product variation	Bookends	Bookends	Smooth-flowing gel ink brings bright, expressive color to notes, sketches, and everyday ideas.	24 signature ink colors Quick-drying gel ink Comfortable soft-touch grip	A distinct premium catalog photograph of Bookends, variation 2: Bookends. Show the real Bookends object clearly and accurately, with a different physical presentation from every other asset: Smooth-flowing gel ink brings bright, expressive color to notes, sketches, and everyday ideas. Product details: 24 signature ink colors Quick-drying gel ink Comfortable soft-touch grip. Use a distinct angle, arrangement, and tasteful material/color variation while keeping the item recognizable. Single product focus, realistic proportions, soft studio lighting, warm off-white craft-paper background, subtle natural shadow, no text, no logos, no watermark, square composition.	projects/bookends-craft/image/unique-02.png	./image/item.png	./image/unique-02.png
bookends-craft	3	product variation	Bookends	Bookends	Liquid ink glides across the page with effortless flow, expressive line control, and a refined finish.	Silky liquid ink Ultra-smooth writing Premium roller tip	A distinct premium catalog photograph of Bookends, variation 3: Bookends. Show the real Bookends object clearly and accurately, with a different physical presentation from every other asset: Liquid ink glides across the page with effortless flow, expressive line control, and a refined finish. Product details: Silky liquid ink Ultra-smooth writing Premium roller tip. Use a distinct angle, arrangement, and tasteful material/color variation while keeping the item recognizable. Single product focus, realistic proportions, soft studio lighting, warm off-white craft-paper background, subtle natural shadow, no text, no logos, no watermark, square composition.	projects/bookends-craft/image/unique-03.png	./image/item.png	./image/unique-03.png
bookends-craft	4	product variation	Bookends	Bookends	A smooth fountain nib and refillable reservoir turn every page into a more considered writing experience.	Refillable ink system Fine and medium nibs Polished metal nib	A distinct premium catalog photograph of Bookends, variation 4: Bookends. Show the real Bookends object clearly and accurately, with a different physical presentation from every other asset: A smooth fountain nib and refillable reservoir turn every page into a more considered writing experience. Product details: Refillable ink system Fine and medium nibs Polished metal nib. Use a distinct angle, arrangement, and tasteful material/color variation while keeping the item recognizable. Single product focus, realistic proportions, soft studio lighting, warm off-white craft-paper background, subtle natural shadow, no text, no logos, no watermark, square composition.	projects/bookends-craft/image/unique-04.png	./image/item.png	./image/unique-04.png
bookends-craft	5	product variation	Bookends	Bookends	Precise fiber tips create clean, expressive lines for diagrams, journaling, lettering, and detail work.	0.4mm precision tip Fade-resistant black ink Long-lasting fiber point	A distinct premium catalog photograph of Bookends, variation 5: Bookends. Show the real Bookends object clearly and accurately, with a different physical presentation from every other asset: Precise fiber tips create clean, expressive lines for diagrams, journaling, lettering, and detail work. Product details: 0.4mm precision tip Fade-resistant black ink Long-lasting fiber point. Use a distinct angle, arrangement, and tasteful material/color variation while keeping the item recognizable. Single product focus, realistic proportions, soft studio lighting, warm off-white craft-paper background, subtle natural shadow, no text, no logos, no watermark, square composition.	projects/bookends-craft/image/unique-05.png	./image/item.png	./image/unique-05.png
bookends-craft	6	about presentation	Bookends	about presentation 6			A distinct editorial presentation image for a stationery and craft product webpage about Bookends, role about presentation number 6. Feature Bookends as the clear subject in a unique composition, different from every other image in the repository, realistic product photography, soft studio lighting, warm off-white craft-paper background, no text, no logos, no watermark, square composition.	projects/bookends-craft/image/unique-06.png	./image/item.png	./image/unique-06.png
bookmarks-craft	1	product variation	Bookmarks	Bookmarks	The reliable everyday choice for notes, lists, and long writing sessions, with a clean line and dependable flow.	0.7mm smooth ballpoint tip Quick-drying blue ink Balanced resin barrel	A distinct premium catalog photograph of Bookmarks, variation 1: Bookmarks. Show the real Bookmarks object clearly and accurately, with a different physical presentation from every other asset: The reliable everyday choice for notes, lists, and long writing sessions, with a clean line and dependable flow. Product details: 0.7mm smooth ballpoint tip Quick-drying blue ink Balanced resin barrel. Use a distinct angle, arrangement, and tasteful material/color variation while keeping the item recognizable. Single product focus, realistic proportions, soft studio lighting, warm off-white craft-paper background, subtle natural shadow, no text, no logos, no watermark, square composition.	projects/bookmarks-craft/image/unique-01.png	./image/item.png	./image/unique-01.png
bookmarks-craft	2	product variation	Bookmarks	Bookmarks	Smooth-flowing gel ink brings bright, expressive color to notes, sketches, and everyday ideas.	24 signature ink colors Quick-drying gel ink Comfortable soft-touch grip	A distinct premium catalog photograph of Bookmarks, variation 2: Bookmarks. Show the real Bookmarks object clearly and accurately, with a different physical presentation from every other asset: Smooth-flowing gel ink brings bright, expressive color to notes, sketches, and everyday ideas. Product details: 24 signature ink colors Quick-drying gel ink Comfortable soft-touch grip. Use a distinct angle, arrangement, and tasteful material/color variation while keeping the item recognizable. Single product focus, realistic proportions, soft studio lighting, warm off-white craft-paper background, subtle natural shadow, no text, no logos, no watermark, square composition.	projects/bookmarks-craft/image/unique-02.png	./image/item.png	./image/unique-02.png
bookmarks-craft	3	product variation	Bookmarks	Bookmarks	Liquid ink glides across the page with effortless flow, expressive line control, and a refined finish.	Silky liquid ink Ultra-smooth writing Premium roller tip	A distinct premium catalog photograph of Bookmarks, variation 3: Bookmarks. Show the real Bookmarks object clearly and accurately, with a different physical presentation from every other asset: Liquid ink glides across the page with effortless flow, expressive line control, and a refined finish. Product details: Silky liquid ink Ultra-smooth writing Premium roller tip. Use a distinct angle, arrangement, and tasteful material/color variation while keeping the item recognizable. Single product focus, realistic proportions, soft studio lighting, warm off-white craft-paper background, subtle natural shadow, no text, no logos, no watermark, square composition.	projects/bookmarks-craft/image/unique-03.png	./image/item.png	./image/unique-03.png
bookmarks-craft	4	product variation	Bookmarks	Bookmarks	A smooth fountain nib and refillable reservoir turn every page into a more considered writing experience.	Refillable ink system Fine and medium nibs Polished metal nib	A distinct premium catalog photograph of Bookmarks, variation 4: Bookmarks. Show the real Bookmarks object clearly and accurately, with a different physical presentation from every other asset: A smooth fountain nib and refillable reservoir turn every page into a more considered writing experience. Product details: Refillable ink system Fine and medium nibs Polished metal nib. Use a distinct angle, arrangement, and tasteful material/color variation while keeping the item recognizable. Single product focus, realistic proportions, soft studio lighting, warm off-white craft-paper background, subtle natural shadow, no text, no logos, no watermark, square composition.	projects/bookmarks-craft/image/unique-04.png	./image/item.png	./image/unique-04.png
bookmarks-craft	5	product variation	Bookmarks	Bookmarks	Precise fiber tips create clean, expressive lines for diagrams, journaling, lettering, and detail work.	0.4mm precision tip Fade-resistant black ink Long-lasting fiber point	A distinct premium catalog photograph of Bookmarks, variation 5: Bookmarks. Show the real Bookmarks object clearly and accurately, with a different physical presentation from every other asset: Precise fiber tips create clean, expressive lines for diagrams, journaling, lettering, and detail work. Product details: 0.4mm precision tip Fade-resistant black ink Long-lasting fiber point. Use a distinct angle, arrangement, and tasteful material/color variation while keeping the item recognizable. Single product focus, realistic proportions, soft studio lighting, warm off-white craft-paper background, subtle natural shadow, no text, no logos, no watermark, square composition.	projects/bookmarks-craft/image/unique-05.png	./image/item.png	./image/unique-05.png
bookmarks-craft	6	about presentation	Bookmarks	about presentation 6			A distinct editorial presentation image for a stationery and craft product webpage about Bookmarks, role about presentation number 6. Feature Bookmarks as the clear subject in a unique composition, different from every other image in the repository, realistic product photography, soft studio lighting, warm off-white craft-paper background, no text, no logos, no watermark, square composition.	projects/bookmarks-craft/image/unique-06.png	./image/item.png	./image/unique-06.png
bulldog-clips-craft	1	product variation	Bulldog clips	Bulldog clips	The reliable everyday choice for notes, lists, and long writing sessions, with a clean line and dependable flow.	0.7mm smooth ballpoint tip Quick-drying blue ink Balanced resin barrel	A distinct premium catalog photograph of Bulldog clips, variation 1: Bulldog clips. Show the real Bulldog clips object clearly and accurately, with a different physical presentation from every other asset: The reliable everyday choice for notes, lists, and long writing sessions, with a clean line and dependable flow. Product details: 0.7mm smooth ballpoint tip Quick-drying blue ink Balanced resin barrel. Use a distinct angle, arrangement, and tasteful material/color variation while keeping the item recognizable. Single product focus, realistic proportions, soft studio lighting, warm off-white craft-paper background, subtle natural shadow, no text, no logos, no watermark, square composition.	projects/bulldog-clips-craft/image/unique-01.png	./image/item.png	./image/unique-01.png
bulldog-clips-craft	2	product variation	Bulldog clips	Bulldog clips	Smooth-flowing gel ink brings bright, expressive color to notes, sketches, and everyday ideas.	24 signature ink colors Quick-drying gel ink Comfortable soft-touch grip	A distinct premium catalog photograph of Bulldog clips, variation 2: Bulldog clips. Show the real Bulldog clips object clearly and accurately, with a different physical presentation from every other asset: Smooth-flowing gel ink brings bright, expressive color to notes, sketches, and everyday ideas. Product details: 24 signature ink colors Quick-drying gel ink Comfortable soft-touch grip. Use a distinct angle, arrangement, and tasteful material/color variation while keeping the item recognizable. Single product focus, realistic proportions, soft studio lighting, warm off-white craft-paper background, subtle natural shadow, no text, no logos, no watermark, square composition.	projects/bulldog-clips-craft/image/unique-02.png	./image/item.png	./image/unique-02.png
bulldog-clips-craft	3	product variation	Bulldog clips	Bulldog clips	Liquid ink glides across the page with effortless flow, expressive line control, and a refined finish.	Silky liquid ink Ultra-smooth writing Premium roller tip	A distinct premium catalog photograph of Bulldog clips, variation 3: Bulldog clips. Show the real Bulldog clips object clearly and accurately, with a different physical presentation from every other asset: Liquid ink glides across the page with effortless flow, expressive line control, and a refined finish. Product details: Silky liquid ink Ultra-smooth writing Premium roller tip. Use a distinct angle, arrangement, and tasteful material/color variation while keeping the item recognizable. Single product focus, realistic proportions, soft studio lighting, warm off-white craft-paper background, subtle natural shadow, no text, no logos, no watermark, square composition.	projects/bulldog-clips-craft/image/unique-03.png	./image/item.png	./image/unique-03.png
bulldog-clips-craft	4	product variation	Bulldog clips	Bulldog clips	A smooth fountain nib and refillable reservoir turn every page into a more considered writing experience.	Refillable ink system Fine and medium nibs Polished metal nib	A distinct premium catalog photograph of Bulldog clips, variation 4: Bulldog clips. Show the real Bulldog clips object clearly and accurately, with a different physical presentation from every other asset: A smooth fountain nib and refillable reservoir turn every page into a more considered writing experience. Product details: Refillable ink system Fine and medium nibs Polished metal nib. Use a distinct angle, arrangement, and tasteful material/color variation while keeping the item recognizable. Single product focus, realistic proportions, soft studio lighting, warm off-white craft-paper background, subtle natural shadow, no text, no logos, no watermark, square composition.	projects/bulldog-clips-craft/image/unique-04.png	./image/item.png	./image/unique-04.png
bulldog-clips-craft	5	product variation	Bulldog clips	Bulldog clips	Precise fiber tips create clean, expressive lines for diagrams, journaling, lettering, and detail work.	0.4mm precision tip Fade-resistant black ink Long-lasting fiber point	A distinct premium catalog photograph of Bulldog clips, variation 5: Bulldog clips. Show the real Bulldog clips object clearly and accurately, with a different physical presentation from every other asset: Precise fiber tips create clean, expressive lines for diagrams, journaling, lettering, and detail work. Product details: 0.4mm precision tip Fade-resistant black ink Long-lasting fiber point. Use a distinct angle, arrangement, and tasteful material/color variation while keeping the item recognizable. Single product focus, realistic proportions, soft studio lighting, warm off-white craft-paper background, subtle natural shadow, no text, no logos, no watermark, square composition.	projects/bulldog-clips-craft/image/unique-05.png	./image/item.png	./image/unique-05.png
bulldog-clips-craft	6	about presentation	Bulldog clips	about presentation 6			A distinct editorial presentation image for a stationery and craft product webpage about Bulldog clips, role about presentation number 6. Feature Bulldog clips as the clear subject in a unique composition, different from every other image in the repository, realistic product photography, soft studio lighting, warm off-white craft-paper background, no text, no logos, no watermark, square composition.	projects/bulldog-clips-craft/image/unique-06.png	./image/item.png	./image/unique-06.png
business-card-holders-craft	1	product variation	Business card holders	Business card holders	The reliable everyday choice for notes, lists, and long writing sessions, with a clean line and dependable flow.	0.7mm smooth ballpoint tip Quick-drying blue ink Balanced resin barrel	A distinct premium catalog photograph of Business card holders, variation 1: Business card holders. Show the real Business card holders object clearly and accurately, with a different physical presentation from every other asset: The reliable everyday choice for notes, lists, and long writing sessions, with a clean line and dependable flow. Product details: 0.7mm smooth ballpoint tip Quick-drying blue ink Balanced resin barrel. Use a distinct angle, arrangement, and tasteful material/color variation while keeping the item recognizable. Single product focus, realistic proportions, soft studio lighting, warm off-white craft-paper background, subtle natural shadow, no text, no logos, no watermark, square composition.	projects/business-card-holders-craft/image/unique-01.png	./image/item.png	./image/unique-01.png
business-card-holders-craft	2	product variation	Business card holders	Business card holders	Smooth-flowing gel ink brings bright, expressive color to notes, sketches, and everyday ideas.	24 signature ink colors Quick-drying gel ink Comfortable soft-touch grip	A distinct premium catalog photograph of Business card holders, variation 2: Business card holders. Show the real Business card holders object clearly and accurately, with a different physical presentation from every other asset: Smooth-flowing gel ink brings bright, expressive color to notes, sketches, and everyday ideas. Product details: 24 signature ink colors Quick-drying gel ink Comfortable soft-touch grip. Use a distinct angle, arrangement, and tasteful material/color variation while keeping the item recognizable. Single product focus, realistic proportions, soft studio lighting, warm off-white craft-paper background, subtle natural shadow, no text, no logos, no watermark, square composition.	projects/business-card-holders-craft/image/unique-02.png	./image/item.png	./image/unique-02.png
business-card-holders-craft	3	product variation	Business card holders	Business card holders	Liquid ink glides across the page with effortless flow, expressive line control, and a refined finish.	Silky liquid ink Ultra-smooth writing Premium roller tip	A distinct premium catalog photograph of Business card holders, variation 3: Business card holders. Show the real Business card holders object clearly and accurately, with a different physical presentation from every other asset: Liquid ink glides across the page with effortless flow, expressive line control, and a refined finish. Product details: Silky liquid ink Ultra-smooth writing Premium roller tip. Use a distinct angle, arrangement, and tasteful material/color variation while keeping the item recognizable. Single product focus, realistic proportions, soft studio lighting, warm off-white craft-paper background, subtle natural shadow, no text, no logos, no watermark, square composition.	projects/business-card-holders-craft/image/unique-03.png	./image/item.png	./image/unique-03.png
business-card-holders-craft	4	product variation	Business card holders	Business card holders	A smooth fountain nib and refillable reservoir turn every page into a more considered writing experience.	Refillable ink system Fine and medium nibs Polished metal nib	A distinct premium catalog photograph of Business card holders, variation 4: Business card holders. Show the real Business card holders object clearly and accurately, with a different physical presentation from every other asset: A smooth fountain nib and refillable reservoir turn every page into a more considered writing experience. Product details: Refillable ink system Fine and medium nibs Polished metal nib. Use a distinct angle, arrangement, and tasteful material/color variation while keeping the item recognizable. Single product focus, realistic proportions, soft studio lighting, warm off-white craft-paper background, subtle natural shadow, no text, no logos, no watermark, square composition.	projects/business-card-holders-craft/image/unique-04.png	./image/item.png	./image/unique-04.png
business-card-holders-craft	5	product variation	Business card holders	Business card holders	Precise fiber tips create clean, expressive lines for diagrams, journaling, lettering, and detail work.	0.4mm precision tip Fade-resistant black ink Long-lasting fiber point	A distinct premium catalog photograph of Business card holders, variation 5: Business card holders. Show the real Business card holders object clearly and accurately, with a different physical presentation from every other asset: Precise fiber tips create clean, expressive lines for diagrams, journaling, lettering, and detail work. Product details: 0.4mm precision tip Fade-resistant black ink Long-lasting fiber point. Use a distinct angle, arrangement, and tasteful material/color variation while keeping the item recognizable. Single product focus, realistic proportions, soft studio lighting, warm off-white craft-paper background, subtle natural shadow, no text, no logos, no watermark, square composition.	projects/business-card-holders-craft/image/unique-05.png	./image/item.png	./image/unique-05.png
business-card-holders-craft	6	about presentation	Business card holders	about presentation 6			A distinct editorial presentation image for a stationery and craft product webpage about Business card holders, role about presentation number 6. Feature Business card holders as the clear subject in a unique composition, different from every other image in the repository, realistic product photography, soft studio lighting, warm off-white craft-paper background, no text, no logos, no watermark, square composition.	projects/business-card-holders-craft/image/unique-06.png	./image/item.png	./image/unique-06.png
cable-organizers-craft	1	product variation	Cable organizers	Cable organizers	The reliable everyday choice for notes, lists, and long writing sessions, with a clean line and dependable flow.	0.7mm smooth ballpoint tip Quick-drying blue ink Balanced resin barrel	A distinct premium catalog photograph of Cable organizers, variation 1: Cable organizers. Show the real Cable organizers object clearly and accurately, with a different physical presentation from every other asset: The reliable everyday choice for notes, lists, and long writing sessions, with a clean line and dependable flow. Product details: 0.7mm smooth ballpoint tip Quick-drying blue ink Balanced resin barrel. Use a distinct angle, arrangement, and tasteful material/color variation while keeping the item recognizable. Single product focus, realistic proportions, soft studio lighting, warm off-white craft-paper background, subtle natural shadow, no text, no logos, no watermark, square composition.	projects/cable-organizers-craft/image/unique-01.png	./image/item.png	./image/unique-01.png
cable-organizers-craft	2	product variation	Cable organizers	Cable organizers	Smooth-flowing gel ink brings bright, expressive color to notes, sketches, and everyday ideas.	24 signature ink colors Quick-drying gel ink Comfortable soft-touch grip	A distinct premium catalog photograph of Cable organizers, variation 2: Cable organizers. Show the real Cable organizers object clearly and accurately, with a different physical presentation from every other asset: Smooth-flowing gel ink brings bright, expressive color to notes, sketches, and everyday ideas. Product details: 24 signature ink colors Quick-drying gel ink Comfortable soft-touch grip. Use a distinct angle, arrangement, and tasteful material/color variation while keeping the item recognizable. Single product focus, realistic proportions, soft studio lighting, warm off-white craft-paper background, subtle natural shadow, no text, no logos, no watermark, square composition.	projects/cable-organizers-craft/image/unique-02.png	./image/item.png	./image/unique-02.png
cable-organizers-craft	3	product variation	Cable organizers	Cable organizers	Liquid ink glides across the page with effortless flow, expressive line control, and a refined finish.	Silky liquid ink Ultra-smooth writing Premium roller tip	A distinct premium catalog photograph of Cable organizers, variation 3: Cable organizers. Show the real Cable organizers object clearly and accurately, with a different physical presentation from every other asset: Liquid ink glides across the page with effortless flow, expressive line control, and a refined finish. Product details: Silky liquid ink Ultra-smooth writing Premium roller tip. Use a distinct angle, arrangement, and tasteful material/color variation while keeping the item recognizable. Single product focus, realistic proportions, soft studio lighting, warm off-white craft-paper background, subtle natural shadow, no text, no logos, no watermark, square composition.	projects/cable-organizers-craft/image/unique-03.png	./image/item.png	./image/unique-03.png
cable-organizers-craft	4	product variation	Cable organizers	Cable organizers	A smooth fountain nib and refillable reservoir turn every page into a more considered writing experience.	Refillable ink system Fine and medium nibs Polished metal nib	A distinct premium catalog photograph of Cable organizers, variation 4: Cable organizers. Show the real Cable organizers object clearly and accurately, with a different physical presentation from every other asset: A smooth fountain nib and refillable reservoir turn every page into a more considered writing experience. Product details: Refillable ink system Fine and medium nibs Polished metal nib. Use a distinct angle, arrangement, and tasteful material/color variation while keeping the item recognizable. Single product focus, realistic proportions, soft studio lighting, warm off-white craft-paper background, subtle natural shadow, no text, no logos, no watermark, square composition.	projects/cable-organizers-craft/image/unique-04.png	./image/item.png	./image/unique-04.png
cable-organizers-craft	5	product variation	Cable organizers	Cable organizers	Precise fiber tips create clean, expressive lines for diagrams, journaling, lettering, and detail work.	0.4mm precision tip Fade-resistant black ink Long-lasting fiber point	A distinct premium catalog photograph of Cable organizers, variation 5: Cable organizers. Show the real Cable organizers object clearly and accurately, with a different physical presentation from every other asset: Precise fiber tips create clean, expressive lines for diagrams, journaling, lettering, and detail work. Product details: 0.4mm precision tip Fade-resistant black ink Long-lasting fiber point. Use a distinct angle, arrangement, and tasteful material/color variation while keeping the item recognizable. Single product focus, realistic proportions, soft studio lighting, warm off-white craft-paper background, subtle natural shadow, no text, no logos, no watermark, square composition.	projects/cable-organizers-craft/image/unique-05.png	./image/item.png	./image/unique-05.png
cable-organizers-craft	6	about presentation	Cable organizers	about presentation 6			A distinct editorial presentation image for a stationery and craft product webpage about Cable organizers, role about presentation number 6. Feature Cable organizers as the clear subject in a unique composition, different from every other image in the repository, realistic product photography, soft studio lighting, warm off-white craft-paper background, no text, no logos, no watermark, square composition.	projects/cable-organizers-craft/image/unique-06.png	./image/item.png	./image/unique-06.png
calendars-craft	1	product variation	Calendars	Calendars	The reliable everyday choice for notes, lists, and long writing sessions, with a clean line and dependable flow.	0.7mm smooth ballpoint tip Quick-drying blue ink Balanced resin barrel	A distinct premium catalog photograph of Calendars, variation 1: Calendars. Show the real Calendars object clearly and accurately, with a different physical presentation from every other asset: The reliable everyday choice for notes, lists, and long writing sessions, with a clean line and dependable flow. Product details: 0.7mm smooth ballpoint tip Quick-drying blue ink Balanced resin barrel. Use a distinct angle, arrangement, and tasteful material/color variation while keeping the item recognizable. Single product focus, realistic proportions, soft studio lighting, warm off-white craft-paper background, subtle natural shadow, no text, no logos, no watermark, square composition.	projects/calendars-craft/image/unique-01.png	./image/item.png	./image/unique-01.png
calendars-craft	2	product variation	Calendars	Calendars	Smooth-flowing gel ink brings bright, expressive color to notes, sketches, and everyday ideas.	24 signature ink colors Quick-drying gel ink Comfortable soft-touch grip	A distinct premium catalog photograph of Calendars, variation 2: Calendars. Show the real Calendars object clearly and accurately, with a different physical presentation from every other asset: Smooth-flowing gel ink brings bright, expressive color to notes, sketches, and everyday ideas. Product details: 24 signature ink colors Quick-drying gel ink Comfortable soft-touch grip. Use a distinct angle, arrangement, and tasteful material/color variation while keeping the item recognizable. Single product focus, realistic proportions, soft studio lighting, warm off-white craft-paper background, subtle natural shadow, no text, no logos, no watermark, square composition.	projects/calendars-craft/image/unique-02.png	./image/item.png	./image/unique-02.png
calendars-craft	3	product variation	Calendars	Calendars	Liquid ink glides across the page with effortless flow, expressive line control, and a refined finish.	Silky liquid ink Ultra-smooth writing Premium roller tip	A distinct premium catalog photograph of Calendars, variation 3: Calendars. Show the real Calendars object clearly and accurately, with a different physical presentation from every other asset: Liquid ink glides across the page with effortless flow, expressive line control, and a refined finish. Product details: Silky liquid ink Ultra-smooth writing Premium roller tip. Use a distinct angle, arrangement, and tasteful material/color variation while keeping the item recognizable. Single product focus, realistic proportions, soft studio lighting, warm off-white craft-paper background, subtle natural shadow, no text, no logos, no watermark, square composition.	projects/calendars-craft/image/unique-03.png	./image/item.png	./image/unique-03.png
calendars-craft	4	product variation	Calendars	Calendars	A smooth fountain nib and refillable reservoir turn every page into a more considered writing experience.	Refillable ink system Fine and medium nibs Polished metal nib	A distinct premium catalog photograph of Calendars, variation 4: Calendars. Show the real Calendars object clearly and accurately, with a different physical presentation from every other asset: A smooth fountain nib and refillable reservoir turn every page into a more considered writing experience. Product details: Refillable ink system Fine and medium nibs Polished metal nib. Use a distinct angle, arrangement, and tasteful material/color variation while keeping the item recognizable. Single product focus, realistic proportions, soft studio lighting, warm off-white craft-paper background, subtle natural shadow, no text, no logos, no watermark, square composition.	projects/calendars-craft/image/unique-04.png	./image/item.png	./image/unique-04.png
calendars-craft	5	product variation	Calendars	Calendars	Precise fiber tips create clean, expressive lines for diagrams, journaling, lettering, and detail work.	0.4mm precision tip Fade-resistant black ink Long-lasting fiber point	A distinct premium catalog photograph of Calendars, variation 5: Calendars. Show the real Calendars object clearly and accurately, with a different physical presentation from every other asset: Precise fiber tips create clean, expressive lines for diagrams, journaling, lettering, and detail work. Product details: 0.4mm precision tip Fade-resistant black ink Long-lasting fiber point. Use a distinct angle, arrangement, and tasteful material/color variation while keeping the item recognizable. Single product focus, realistic proportions, soft studio lighting, warm off-white craft-paper background, subtle natural shadow, no text, no logos, no watermark, square composition.	projects/calendars-craft/image/unique-05.png	./image/item.png	./image/unique-05.png
calendars-craft	6	about presentation	Calendars	about presentation 6			A distinct editorial presentation image for a stationery and craft product webpage about Calendars, role about presentation number 6. Feature Calendars as the clear subject in a unique composition, different from every other image in the repository, realistic product photography, soft studio lighting, warm off-white craft-paper background, no text, no logos, no watermark, square composition.	projects/calendars-craft/image/unique-06.png	./image/item.png	./image/unique-06.png
calligraphy-ink-craft	1	product variation	Calligraphy ink	Calligraphy ink	The reliable everyday choice for notes, lists, and long writing sessions, with a clean line and dependable flow.	0.7mm smooth ballpoint tip Quick-drying blue ink Balanced resin barrel	A distinct premium catalog photograph of Calligraphy ink, variation 1: Calligraphy ink. Show the real Calligraphy ink object clearly and accurately, with a different physical presentation from every other asset: The reliable everyday choice for notes, lists, and long writing sessions, with a clean line and dependable flow. Product details: 0.7mm smooth ballpoint tip Quick-drying blue ink Balanced resin barrel. Use a distinct angle, arrangement, and tasteful material/color variation while keeping the item recognizable. Single product focus, realistic proportions, soft studio lighting, warm off-white craft-paper background, subtle natural shadow, no text, no logos, no watermark, square composition.	projects/calligraphy-ink-craft/image/unique-01.png	./image/item.png	./image/unique-01.png
calligraphy-ink-craft	2	product variation	Calligraphy ink	Calligraphy ink	Smooth-flowing gel ink brings bright, expressive color to notes, sketches, and everyday ideas.	24 signature ink colors Quick-drying gel ink Comfortable soft-touch grip	A distinct premium catalog photograph of Calligraphy ink, variation 2: Calligraphy ink. Show the real Calligraphy ink object clearly and accurately, with a different physical presentation from every other asset: Smooth-flowing gel ink brings bright, expressive color to notes, sketches, and everyday ideas. Product details: 24 signature ink colors Quick-drying gel ink Comfortable soft-touch grip. Use a distinct angle, arrangement, and tasteful material/color variation while keeping the item recognizable. Single product focus, realistic proportions, soft studio lighting, warm off-white craft-paper background, subtle natural shadow, no text, no logos, no watermark, square composition.	projects/calligraphy-ink-craft/image/unique-02.png	./image/item.png	./image/unique-02.png
calligraphy-ink-craft	3	product variation	Calligraphy ink	Calligraphy ink	Liquid ink glides across the page with effortless flow, expressive line control, and a refined finish.	Silky liquid ink Ultra-smooth writing Premium roller tip	A distinct premium catalog photograph of Calligraphy ink, variation 3: Calligraphy ink. Show the real Calligraphy ink object clearly and accurately, with a different physical presentation from every other asset: Liquid ink glides across the page with effortless flow, expressive line control, and a refined finish. Product details: Silky liquid ink Ultra-smooth writing Premium roller tip. Use a distinct angle, arrangement, and tasteful material/color variation while keeping the item recognizable. Single product focus, realistic proportions, soft studio lighting, warm off-white craft-paper background, subtle natural shadow, no text, no logos, no watermark, square composition.	projects/calligraphy-ink-craft/image/unique-03.png	./image/item.png	./image/unique-03.png
calligraphy-ink-craft	4	product variation	Calligraphy ink	Calligraphy ink	A smooth fountain nib and refillable reservoir turn every page into a more considered writing experience.	Refillable ink system Fine and medium nibs Polished metal nib	A distinct premium catalog photograph of Calligraphy ink, variation 4: Calligraphy ink. Show the real Calligraphy ink object clearly and accurately, with a different physical presentation from every other asset: A smooth fountain nib and refillable reservoir turn every page into a more considered writing experience. Product details: Refillable ink system Fine and medium nibs Polished metal nib. Use a distinct angle, arrangement, and tasteful material/color variation while keeping the item recognizable. Single product focus, realistic proportions, soft studio lighting, warm off-white craft-paper background, subtle natural shadow, no text, no logos, no watermark, square composition.	projects/calligraphy-ink-craft/image/unique-04.png	./image/item.png	./image/unique-04.png
calligraphy-ink-craft	5	product variation	Calligraphy ink	Calligraphy ink	Precise fiber tips create clean, expressive lines for diagrams, journaling, lettering, and detail work.	0.4mm precision tip Fade-resistant black ink Long-lasting fiber point	A distinct premium catalog photograph of Calligraphy ink, variation 5: Calligraphy ink. Show the real Calligraphy ink object clearly and accurately, with a different physical presentation from every other asset: Precise fiber tips create clean, expressive lines for diagrams, journaling, lettering, and detail work. Product details: 0.4mm precision tip Fade-resistant black ink Long-lasting fiber point. Use a distinct angle, arrangement, and tasteful material/color variation while keeping the item recognizable. Single product focus, realistic proportions, soft studio lighting, warm off-white craft-paper background, subtle natural shadow, no text, no logos, no watermark, square composition.	projects/calligraphy-ink-craft/image/unique-05.png	./image/item.png	./image/unique-05.png
calligraphy-ink-craft	6	about presentation	Calligraphy ink	about presentation 6			A distinct editorial presentation image for a stationery and craft product webpage about Calligraphy ink, role about presentation number 6. Feature Calligraphy ink as the clear subject in a unique composition, different from every other image in the repository, realistic product photography, soft studio lighting, warm off-white craft-paper background, no text, no logos, no watermark, square composition.	projects/calligraphy-ink-craft/image/unique-06.png	./image/item.png	./image/unique-06.png
calligraphy-sets-craft	1	product variation	Calligraphy sets	Calligraphy sets	The reliable everyday choice for notes, lists, and long writing sessions, with a clean line and dependable flow.	0.7mm smooth ballpoint tip Quick-drying blue ink Balanced resin barrel	A distinct premium catalog photograph of Calligraphy sets, variation 1: Calligraphy sets. Show the real Calligraphy sets object clearly and accurately, with a different physical presentation from every other asset: The reliable everyday choice for notes, lists, and long writing sessions, with a clean line and dependable flow. Product details: 0.7mm smooth ballpoint tip Quick-drying blue ink Balanced resin barrel. Use a distinct angle, arrangement, and tasteful material/color variation while keeping the item recognizable. Single product focus, realistic proportions, soft studio lighting, warm off-white craft-paper background, subtle natural shadow, no text, no logos, no watermark, square composition.	projects/calligraphy-sets-craft/image/unique-01.png	./image/item.png	./image/unique-01.png
calligraphy-sets-craft	2	product variation	Calligraphy sets	Calligraphy sets	Smooth-flowing gel ink brings bright, expressive color to notes, sketches, and everyday ideas.	24 signature ink colors Quick-drying gel ink Comfortable soft-touch grip	A distinct premium catalog photograph of Calligraphy sets, variation 2: Calligraphy sets. Show the real Calligraphy sets object clearly and accurately, with a different physical presentation from every other asset: Smooth-flowing gel ink brings bright, expressive color to notes, sketches, and everyday ideas. Product details: 24 signature ink colors Quick-drying gel ink Comfortable soft-touch grip. Use a distinct angle, arrangement, and tasteful material/color variation while keeping the item recognizable. Single product focus, realistic proportions, soft studio lighting, warm off-white craft-paper background, subtle natural shadow, no text, no logos, no watermark, square composition.	projects/calligraphy-sets-craft/image/unique-02.png	./image/item.png	./image/unique-02.png
calligraphy-sets-craft	3	product variation	Calligraphy sets	Calligraphy sets	Liquid ink glides across the page with effortless flow, expressive line control, and a refined finish.	Silky liquid ink Ultra-smooth writing Premium roller tip	A distinct premium catalog photograph of Calligraphy sets, variation 3: Calligraphy sets. Show the real Calligraphy sets object clearly and accurately, with a different physical presentation from every other asset: Liquid ink glides across the page with effortless flow, expressive line control, and a refined finish. Product details: Silky liquid ink Ultra-smooth writing Premium roller tip. Use a distinct angle, arrangement, and tasteful material/color variation while keeping the item recognizable. Single product focus, realistic proportions, soft studio lighting, warm off-white craft-paper background, subtle natural shadow, no text, no logos, no watermark, square composition.	projects/calligraphy-sets-craft/image/unique-03.png	./image/item.png	./image/unique-03.png
calligraphy-sets-craft	4	product variation	Calligraphy sets	Calligraphy sets	A smooth fountain nib and refillable reservoir turn every page into a more considered writing experience.	Refillable ink system Fine and medium nibs Polished metal nib	A distinct premium catalog photograph of Calligraphy sets, variation 4: Calligraphy sets. Show the real Calligraphy sets object clearly and accurately, with a different physical presentation from every other asset: A smooth fountain nib and refillable reservoir turn every page into a more considered writing experience. Product details: Refillable ink system Fine and medium nibs Polished metal nib. Use a distinct angle, arrangement, and tasteful material/color variation while keeping the item recognizable. Single product focus, realistic proportions, soft studio lighting, warm off-white craft-paper background, subtle natural shadow, no text, no logos, no watermark, square composition.	projects/calligraphy-sets-craft/image/unique-04.png	./image/item.png	./image/unique-04.png
calligraphy-sets-craft	5	product variation	Calligraphy sets	Calligraphy sets	Precise fiber tips create clean, expressive lines for diagrams, journaling, lettering, and detail work.	0.4mm precision tip Fade-resistant black ink Long-lasting fiber point	A distinct premium catalog photograph of Calligraphy sets, variation 5: Calligraphy sets. Show the real Calligraphy sets object clearly and accurately, with a different physical presentation from every other asset: Precise fiber tips create clean, expressive lines for diagrams, journaling, lettering, and detail work. Product details: 0.4mm precision tip Fade-resistant black ink Long-lasting fiber point. Use a distinct angle, arrangement, and tasteful material/color variation while keeping the item recognizable. Single product focus, realistic proportions, soft studio lighting, warm off-white craft-paper background, subtle natural shadow, no text, no logos, no watermark, square composition.	projects/calligraphy-sets-craft/image/unique-05.png	./image/item.png	./image/unique-05.png
calligraphy-sets-craft	6	about presentation	Calligraphy sets	about presentation 6			A distinct editorial presentation image for a stationery and craft product webpage about Calligraphy sets, role about presentation number 6. Feature Calligraphy sets as the clear subject in a unique composition, different from every other image in the repository, realistic product photography, soft studio lighting, warm off-white craft-paper background, no text, no logos, no watermark, square composition.	projects/calligraphy-sets-craft/image/unique-06.png	./image/item.png	./image/unique-06.png
carbon-paper-craft	1	product variation	Carbon paper	Carbon paper	The reliable everyday choice for notes, lists, and long writing sessions, with a clean line and dependable flow.	0.7mm smooth ballpoint tip Quick-drying blue ink Balanced resin barrel	A distinct premium catalog photograph of Carbon paper, variation 1: Carbon paper. Show the real Carbon paper object clearly and accurately, with a different physical presentation from every other asset: The reliable everyday choice for notes, lists, and long writing sessions, with a clean line and dependable flow. Product details: 0.7mm smooth ballpoint tip Quick-drying blue ink Balanced resin barrel. Use a distinct angle, arrangement, and tasteful material/color variation while keeping the item recognizable. Single product focus, realistic proportions, soft studio lighting, warm off-white craft-paper background, subtle natural shadow, no text, no logos, no watermark, square composition.	projects/carbon-paper-craft/image/unique-01.png	./image/item.png	./image/unique-01.png
carbon-paper-craft	2	product variation	Carbon paper	Carbon paper	Smooth-flowing gel ink brings bright, expressive color to notes, sketches, and everyday ideas.	24 signature ink colors Quick-drying gel ink Comfortable soft-touch grip	A distinct premium catalog photograph of Carbon paper, variation 2: Carbon paper. Show the real Carbon paper object clearly and accurately, with a different physical presentation from every other asset: Smooth-flowing gel ink brings bright, expressive color to notes, sketches, and everyday ideas. Product details: 24 signature ink colors Quick-drying gel ink Comfortable soft-touch grip. Use a distinct angle, arrangement, and tasteful material/color variation while keeping the item recognizable. Single product focus, realistic proportions, soft studio lighting, warm off-white craft-paper background, subtle natural shadow, no text, no logos, no watermark, square composition.	projects/carbon-paper-craft/image/unique-02.png	./image/item.png	./image/unique-02.png
carbon-paper-craft	3	product variation	Carbon paper	Carbon paper	Liquid ink glides across the page with effortless flow, expressive line control, and a refined finish.	Silky liquid ink Ultra-smooth writing Premium roller tip	A distinct premium catalog photograph of Carbon paper, variation 3: Carbon paper. Show the real Carbon paper object clearly and accurately, with a different physical presentation from every other asset: Liquid ink glides across the page with effortless flow, expressive line control, and a refined finish. Product details: Silky liquid ink Ultra-smooth writing Premium roller tip. Use a distinct angle, arrangement, and tasteful material/color variation while keeping the item recognizable. Single product focus, realistic proportions, soft studio lighting, warm off-white craft-paper background, subtle natural shadow, no text, no logos, no watermark, square composition.	projects/carbon-paper-craft/image/unique-03.png	./image/item.png	./image/unique-03.png
carbon-paper-craft	4	product variation	Carbon paper	Carbon paper	A smooth fountain nib and refillable reservoir turn every page into a more considered writing experience.	Refillable ink system Fine and medium nibs Polished metal nib	A distinct premium catalog photograph of Carbon paper, variation 4: Carbon paper. Show the real Carbon paper object clearly and accurately, with a different physical presentation from every other asset: A smooth fountain nib and refillable reservoir turn every page into a more considered writing experience. Product details: Refillable ink system Fine and medium nibs Polished metal nib. Use a distinct angle, arrangement, and tasteful material/color variation while keeping the item recognizable. Single product focus, realistic proportions, soft studio lighting, warm off-white craft-paper background, subtle natural shadow, no text, no logos, no watermark, square composition.	projects/carbon-paper-craft/image/unique-04.png	./image/item.png	./image/unique-04.png
carbon-paper-craft	5	product variation	Carbon paper	Carbon paper	Precise fiber tips create clean, expressive lines for diagrams, journaling, lettering, and detail work.	0.4mm precision tip Fade-resistant black ink Long-lasting fiber point	A distinct premium catalog photograph of Carbon paper, variation 5: Carbon paper. Show the real Carbon paper object clearly and accurately, with a different physical presentation from every other asset: Precise fiber tips create clean, expressive lines for diagrams, journaling, lettering, and detail work. Product details: 0.4mm precision tip Fade-resistant black ink Long-lasting fiber point. Use a distinct angle, arrangement, and tasteful material/color variation while keeping the item recognizable. Single product focus, realistic proportions, soft studio lighting, warm off-white craft-paper background, subtle natural shadow, no text, no logos, no watermark, square composition.	projects/carbon-paper-craft/image/unique-05.png	./image/item.png	./image/unique-05.png
carbon-paper-craft	6	about presentation	Carbon paper	about presentation 6			A distinct editorial presentation image for a stationery and craft product webpage about Carbon paper, role about presentation number 6. Feature Carbon paper as the clear subject in a unique composition, different from every other image in the repository, realistic product photography, soft studio lighting, warm off-white craft-paper background, no text, no logos, no watermark, square composition.	projects/carbon-paper-craft/image/unique-06.png	./image/item.png	./image/unique-06.png
carpenter-pencils-craft	1	product variation	Carpenter pencils	Carpenter pencils	The reliable everyday choice for notes, lists, and long writing sessions, with a clean line and dependable flow.	0.7mm smooth ballpoint tip Quick-drying blue ink Balanced resin barrel	A distinct premium catalog photograph of Carpenter pencils, variation 1: Carpenter pencils. Show the real Carpenter pencils object clearly and accurately, with a different physical presentation from every other asset: The reliable everyday choice for notes, lists, and long writing sessions, with a clean line and dependable flow. Product details: 0.7mm smooth ballpoint tip Quick-drying blue ink Balanced resin barrel. Use a distinct angle, arrangement, and tasteful material/color variation while keeping the item recognizable. Single product focus, realistic proportions, soft studio lighting, warm off-white craft-paper background, subtle natural shadow, no text, no logos, no watermark, square composition.	projects/carpenter-pencils-craft/image/unique-01.png	./image/item.png	./image/unique-01.png
carpenter-pencils-craft	2	product variation	Carpenter pencils	Carpenter pencils	Smooth-flowing gel ink brings bright, expressive color to notes, sketches, and everyday ideas.	24 signature ink colors Quick-drying gel ink Comfortable soft-touch grip	A distinct premium catalog photograph of Carpenter pencils, variation 2: Carpenter pencils. Show the real Carpenter pencils object clearly and accurately, with a different physical presentation from every other asset: Smooth-flowing gel ink brings bright, expressive color to notes, sketches, and everyday ideas. Product details: 24 signature ink colors Quick-drying gel ink Comfortable soft-touch grip. Use a distinct angle, arrangement, and tasteful material/color variation while keeping the item recognizable. Single product focus, realistic proportions, soft studio lighting, warm off-white craft-paper background, subtle natural shadow, no text, no logos, no watermark, square composition.	projects/carpenter-pencils-craft/image/unique-02.png	./image/item.png	./image/unique-02.png
carpenter-pencils-craft	3	product variation	Carpenter pencils	Carpenter pencils	Liquid ink glides across the page with effortless flow, expressive line control, and a refined finish.	Silky liquid ink Ultra-smooth writing Premium roller tip	A distinct premium catalog photograph of Carpenter pencils, variation 3: Carpenter pencils. Show the real Carpenter pencils object clearly and accurately, with a different physical presentation from every other asset: Liquid ink glides across the page with effortless flow, expressive line control, and a refined finish. Product details: Silky liquid ink Ultra-smooth writing Premium roller tip. Use a distinct angle, arrangement, and tasteful material/color variation while keeping the item recognizable. Single product focus, realistic proportions, soft studio lighting, warm off-white craft-paper background, subtle natural shadow, no text, no logos, no watermark, square composition.	projects/carpenter-pencils-craft/image/unique-03.png	./image/item.png	./image/unique-03.png
carpenter-pencils-craft	4	product variation	Carpenter pencils	Carpenter pencils	A smooth fountain nib and refillable reservoir turn every page into a more considered writing experience.	Refillable ink system Fine and medium nibs Polished metal nib	A distinct premium catalog photograph of Carpenter pencils, variation 4: Carpenter pencils. Show the real Carpenter pencils object clearly and accurately, with a different physical presentation from every other asset: A smooth fountain nib and refillable reservoir turn every page into a more considered writing experience. Product details: Refillable ink system Fine and medium nibs Polished metal nib. Use a distinct angle, arrangement, and tasteful material/color variation while keeping the item recognizable. Single product focus, realistic proportions, soft studio lighting, warm off-white craft-paper background, subtle natural shadow, no text, no logos, no watermark, square composition.	projects/carpenter-pencils-craft/image/unique-04.png	./image/item.png	./image/unique-04.png
carpenter-pencils-craft	5	product variation	Carpenter pencils	Carpenter pencils	Precise fiber tips create clean, expressive lines for diagrams, journaling, lettering, and detail work.	0.4mm precision tip Fade-resistant black ink Long-lasting fiber point	A distinct premium catalog photograph of Carpenter pencils, variation 5: Carpenter pencils. Show the real Carpenter pencils object clearly and accurately, with a different physical presentation from every other asset: Precise fiber tips create clean, expressive lines for diagrams, journaling, lettering, and detail work. Product details: 0.4mm precision tip Fade-resistant black ink Long-lasting fiber point. Use a distinct angle, arrangement, and tasteful material/color variation while keeping the item recognizable. Single product focus, realistic proportions, soft studio lighting, warm off-white craft-paper background, subtle natural shadow, no text, no logos, no watermark, square composition.	projects/carpenter-pencils-craft/image/unique-05.png	./image/item.png	./image/unique-05.png
carpenter-pencils-craft	6	about presentation	Carpenter pencils	about presentation 6			A distinct editorial presentation image for a stationery and craft product webpage about Carpenter pencils, role about presentation number 6. Feature Carpenter pencils as the clear subject in a unique composition, different from every other image in the repository, realistic product photography, soft studio lighting, warm off-white craft-paper background, no text, no logos, no watermark, square composition.	projects/carpenter-pencils-craft/image/unique-06.png	./image/item.png	./image/unique-06.png
charcoal-pencils-craft	1	product variation	Charcoal pencils	Charcoal pencils	The reliable everyday choice for notes, lists, and long writing sessions, with a clean line and dependable flow.	0.7mm smooth ballpoint tip Quick-drying blue ink Balanced resin barrel	A distinct premium catalog photograph of Charcoal pencils, variation 1: Charcoal pencils. Show the real Charcoal pencils object clearly and accurately, with a different physical presentation from every other asset: The reliable everyday choice for notes, lists, and long writing sessions, with a clean line and dependable flow. Product details: 0.7mm smooth ballpoint tip Quick-drying blue ink Balanced resin barrel. Use a distinct angle, arrangement, and tasteful material/color variation while keeping the item recognizable. Single product focus, realistic proportions, soft studio lighting, warm off-white craft-paper background, subtle natural shadow, no text, no logos, no watermark, square composition.	projects/charcoal-pencils-craft/image/unique-01.png	./image/item.png	./image/unique-01.png
charcoal-pencils-craft	2	product variation	Charcoal pencils	Charcoal pencils	Smooth-flowing gel ink brings bright, expressive color to notes, sketches, and everyday ideas.	24 signature ink colors Quick-drying gel ink Comfortable soft-touch grip	A distinct premium catalog photograph of Charcoal pencils, variation 2: Charcoal pencils. Show the real Charcoal pencils object clearly and accurately, with a different physical presentation from every other asset: Smooth-flowing gel ink brings bright, expressive color to notes, sketches, and everyday ideas. Product details: 24 signature ink colors Quick-drying gel ink Comfortable soft-touch grip. Use a distinct angle, arrangement, and tasteful material/color variation while keeping the item recognizable. Single product focus, realistic proportions, soft studio lighting, warm off-white craft-paper background, subtle natural shadow, no text, no logos, no watermark, square composition.	projects/charcoal-pencils-craft/image/unique-02.png	./image/item.png	./image/unique-02.png
charcoal-pencils-craft	3	product variation	Charcoal pencils	Charcoal pencils	Liquid ink glides across the page with effortless flow, expressive line control, and a refined finish.	Silky liquid ink Ultra-smooth writing Premium roller tip	A distinct premium catalog photograph of Charcoal pencils, variation 3: Charcoal pencils. Show the real Charcoal pencils object clearly and accurately, with a different physical presentation from every other asset: Liquid ink glides across the page with effortless flow, expressive line control, and a refined finish. Product details: Silky liquid ink Ultra-smooth writing Premium roller tip. Use a distinct angle, arrangement, and tasteful material/color variation while keeping the item recognizable. Single product focus, realistic proportions, soft studio lighting, warm off-white craft-paper background, subtle natural shadow, no text, no logos, no watermark, square composition.	projects/charcoal-pencils-craft/image/unique-03.png	./image/item.png	./image/unique-03.png
charcoal-pencils-craft	4	product variation	Charcoal pencils	Charcoal pencils	A smooth fountain nib and refillable reservoir turn every page into a more considered writing experience.	Refillable ink system Fine and medium nibs Polished metal nib	A distinct premium catalog photograph of Charcoal pencils, variation 4: Charcoal pencils. Show the real Charcoal pencils object clearly and accurately, with a different physical presentation from every other asset: A smooth fountain nib and refillable reservoir turn every page into a more considered writing experience. Product details: Refillable ink system Fine and medium nibs Polished metal nib. Use a distinct angle, arrangement, and tasteful material/color variation while keeping the item recognizable. Single product focus, realistic proportions, soft studio lighting, warm off-white craft-paper background, subtle natural shadow, no text, no logos, no watermark, square composition.	projects/charcoal-pencils-craft/image/unique-04.png	./image/item.png	./image/unique-04.png
charcoal-pencils-craft	5	product variation	Charcoal pencils	Charcoal pencils	Precise fiber tips create clean, expressive lines for diagrams, journaling, lettering, and detail work.	0.4mm precision tip Fade-resistant black ink Long-lasting fiber point	A distinct premium catalog photograph of Charcoal pencils, variation 5: Charcoal pencils. Show the real Charcoal pencils object clearly and accurately, with a different physical presentation from every other asset: Precise fiber tips create clean, expressive lines for diagrams, journaling, lettering, and detail work. Product details: 0.4mm precision tip Fade-resistant black ink Long-lasting fiber point. Use a distinct angle, arrangement, and tasteful material/color variation while keeping the item recognizable. Single product focus, realistic proportions, soft studio lighting, warm off-white craft-paper background, subtle natural shadow, no text, no logos, no watermark, square composition.	projects/charcoal-pencils-craft/image/unique-05.png	./image/item.png	./image/unique-05.png
charcoal-pencils-craft	6	about presentation	Charcoal pencils	about presentation 6			A distinct editorial presentation image for a stationery and craft product webpage about Charcoal pencils, role about presentation number 6. Feature Charcoal pencils as the clear subject in a unique composition, different from every other image in the repository, realistic product photography, soft studio lighting, warm off-white craft-paper background, no text, no logos, no watermark, square composition.	projects/charcoal-pencils-craft/image/unique-06.png	./image/item.png	./image/unique-06.png
clear-tape-craft	1	product variation	Clear tape	Clear tape	The reliable everyday choice for notes, lists, and long writing sessions, with a clean line and dependable flow.	0.7mm smooth ballpoint tip Quick-drying blue ink Balanced resin barrel	A distinct premium catalog photograph of Clear tape, variation 1: Clear tape. Show the real Clear tape object clearly and accurately, with a different physical presentation from every other asset: The reliable everyday choice for notes, lists, and long writing sessions, with a clean line and dependable flow. Product details: 0.7mm smooth ballpoint tip Quick-drying blue ink Balanced resin barrel. Use a distinct angle, arrangement, and tasteful material/color variation while keeping the item recognizable. Single product focus, realistic proportions, soft studio lighting, warm off-white craft-paper background, subtle natural shadow, no text, no logos, no watermark, square composition.	projects/clear-tape-craft/image/unique-01.png	./image/item.png	./image/unique-01.png
clear-tape-craft	2	product variation	Clear tape	Clear tape	Smooth-flowing gel ink brings bright, expressive color to notes, sketches, and everyday ideas.	24 signature ink colors Quick-drying gel ink Comfortable soft-touch grip	A distinct premium catalog photograph of Clear tape, variation 2: Clear tape. Show the real Clear tape object clearly and accurately, with a different physical presentation from every other asset: Smooth-flowing gel ink brings bright, expressive color to notes, sketches, and everyday ideas. Product details: 24 signature ink colors Quick-drying gel ink Comfortable soft-touch grip. Use a distinct angle, arrangement, and tasteful material/color variation while keeping the item recognizable. Single product focus, realistic proportions, soft studio lighting, warm off-white craft-paper background, subtle natural shadow, no text, no logos, no watermark, square composition.	projects/clear-tape-craft/image/unique-02.png	./image/item.png	./image/unique-02.png
clear-tape-craft	3	product variation	Clear tape	Clear tape	Liquid ink glides across the page with effortless flow, expressive line control, and a refined finish.	Silky liquid ink Ultra-smooth writing Premium roller tip	A distinct premium catalog photograph of Clear tape, variation 3: Clear tape. Show the real Clear tape object clearly and accurately, with a different physical presentation from every other asset: Liquid ink glides across the page with effortless flow, expressive line control, and a refined finish. Product details: Silky liquid ink Ultra-smooth writing Premium roller tip. Use a distinct angle, arrangement, and tasteful material/color variation while keeping the item recognizable. Single product focus, realistic proportions, soft studio lighting, warm off-white craft-paper background, subtle natural shadow, no text, no logos, no watermark, square composition.	projects/clear-tape-craft/image/unique-03.png	./image/item.png	./image/unique-03.png
clear-tape-craft	4	product variation	Clear tape	Clear tape	A smooth fountain nib and refillable reservoir turn every page into a more considered writing experience.	Refillable ink system Fine and medium nibs Polished metal nib	A distinct premium catalog photograph of Clear tape, variation 4: Clear tape. Show the real Clear tape object clearly and accurately, with a different physical presentation from every other asset: A smooth fountain nib and refillable reservoir turn every page into a more considered writing experience. Product details: Refillable ink system Fine and medium nibs Polished metal nib. Use a distinct angle, arrangement, and tasteful material/color variation while keeping the item recognizable. Single product focus, realistic proportions, soft studio lighting, warm off-white craft-paper background, subtle natural shadow, no text, no logos, no watermark, square composition.	projects/clear-tape-craft/image/unique-04.png	./image/item.png	./image/unique-04.png
clear-tape-craft	5	product variation	Clear tape	Clear tape	Precise fiber tips create clean, expressive lines for diagrams, journaling, lettering, and detail work.	0.4mm precision tip Fade-resistant black ink Long-lasting fiber point	A distinct premium catalog photograph of Clear tape, variation 5: Clear tape. Show the real Clear tape object clearly and accurately, with a different physical presentation from every other asset: Precise fiber tips create clean, expressive lines for diagrams, journaling, lettering, and detail work. Product details: 0.4mm precision tip Fade-resistant black ink Long-lasting fiber point. Use a distinct angle, arrangement, and tasteful material/color variation while keeping the item recognizable. Single product focus, realistic proportions, soft studio lighting, warm off-white craft-paper background, subtle natural shadow, no text, no logos, no watermark, square composition.	projects/clear-tape-craft/image/unique-05.png	./image/item.png	./image/unique-05.png
clear-tape-craft	6	about presentation	Clear tape	about presentation 6			A distinct editorial presentation image for a stationery and craft product webpage about Clear tape, role about presentation number 6. Feature Clear tape as the clear subject in a unique composition, different from every other image in the repository, realistic product photography, soft studio lighting, warm off-white craft-paper background, no text, no logos, no watermark, square composition.	projects/clear-tape-craft/image/unique-06.png	./image/item.png	./image/unique-06.png
clipboards-craft	1	product variation	Clipboards	Clipboards	The reliable everyday choice for notes, lists, and long writing sessions, with a clean line and dependable flow.	0.7mm smooth ballpoint tip Quick-drying blue ink Balanced resin barrel	A distinct premium catalog photograph of Clipboards, variation 1: Clipboards. Show the real Clipboards object clearly and accurately, with a different physical presentation from every other asset: The reliable everyday choice for notes, lists, and long writing sessions, with a clean line and dependable flow. Product details: 0.7mm smooth ballpoint tip Quick-drying blue ink Balanced resin barrel. Use a distinct angle, arrangement, and tasteful material/color variation while keeping the item recognizable. Single product focus, realistic proportions, soft studio lighting, warm off-white craft-paper background, subtle natural shadow, no text, no logos, no watermark, square composition.	projects/clipboards-craft/image/unique-01.png	./image/item.png	./image/unique-01.png
clipboards-craft	2	product variation	Clipboards	Clipboards	Smooth-flowing gel ink brings bright, expressive color to notes, sketches, and everyday ideas.	24 signature ink colors Quick-drying gel ink Comfortable soft-touch grip	A distinct premium catalog photograph of Clipboards, variation 2: Clipboards. Show the real Clipboards object clearly and accurately, with a different physical presentation from every other asset: Smooth-flowing gel ink brings bright, expressive color to notes, sketches, and everyday ideas. Product details: 24 signature ink colors Quick-drying gel ink Comfortable soft-touch grip. Use a distinct angle, arrangement, and tasteful material/color variation while keeping the item recognizable. Single product focus, realistic proportions, soft studio lighting, warm off-white craft-paper background, subtle natural shadow, no text, no logos, no watermark, square composition.	projects/clipboards-craft/image/unique-02.png	./image/item.png	./image/unique-02.png
clipboards-craft	3	product variation	Clipboards	Clipboards	Liquid ink glides across the page with effortless flow, expressive line control, and a refined finish.	Silky liquid ink Ultra-smooth writing Premium roller tip	A distinct premium catalog photograph of Clipboards, variation 3: Clipboards. Show the real Clipboards object clearly and accurately, with a different physical presentation from every other asset: Liquid ink glides across the page with effortless flow, expressive line control, and a refined finish. Product details: Silky liquid ink Ultra-smooth writing Premium roller tip. Use a distinct angle, arrangement, and tasteful material/color variation while keeping the item recognizable. Single product focus, realistic proportions, soft studio lighting, warm off-white craft-paper background, subtle natural shadow, no text, no logos, no watermark, square composition.	projects/clipboards-craft/image/unique-03.png	./image/item.png	./image/unique-03.png
clipboards-craft	4	product variation	Clipboards	Clipboards	A smooth fountain nib and refillable reservoir turn every page into a more considered writing experience.	Refillable ink system Fine and medium nibs Polished metal nib	A distinct premium catalog photograph of Clipboards, variation 4: Clipboards. Show the real Clipboards object clearly and accurately, with a different physical presentation from every other asset: A smooth fountain nib and refillable reservoir turn every page into a more considered writing experience. Product details: Refillable ink system Fine and medium nibs Polished metal nib. Use a distinct angle, arrangement, and tasteful material/color variation while keeping the item recognizable. Single product focus, realistic proportions, soft studio lighting, warm off-white craft-paper background, subtle natural shadow, no text, no logos, no watermark, square composition.	projects/clipboards-craft/image/unique-04.png	./image/item.png	./image/unique-04.png
clipboards-craft	5	product variation	Clipboards	Clipboards	Precise fiber tips create clean, expressive lines for diagrams, journaling, lettering, and detail work.	0.4mm precision tip Fade-resistant black ink Long-lasting fiber point	A distinct premium catalog photograph of Clipboards, variation 5: Clipboards. Show the real Clipboards object clearly and accurately, with a different physical presentation from every other asset: Precise fiber tips create clean, expressive lines for diagrams, journaling, lettering, and detail work. Product details: 0.4mm precision tip Fade-resistant black ink Long-lasting fiber point. Use a distinct angle, arrangement, and tasteful material/color variation while keeping the item recognizable. Single product focus, realistic proportions, soft studio lighting, warm off-white craft-paper background, subtle natural shadow, no text, no logos, no watermark, square composition.	projects/clipboards-craft/image/unique-05.png	./image/item.png	./image/unique-05.png
clipboards-craft	6	about presentation	Clipboards	about presentation 6			A distinct editorial presentation image for a stationery and craft product webpage about Clipboards, role about presentation number 6. Feature Clipboards as the clear subject in a unique composition, different from every other image in the repository, realistic product photography, soft studio lighting, warm off-white craft-paper background, no text, no logos, no watermark, square composition.	projects/clipboards-craft/image/unique-06.png	./image/item.png	./image/unique-06.png
colored-paper-craft	1	product variation	Colored paper	Colored paper	The reliable everyday choice for notes, lists, and long writing sessions, with a clean line and dependable flow.	0.7mm smooth ballpoint tip Quick-drying blue ink Balanced resin barrel	A distinct premium catalog photograph of Colored paper, variation 1: Colored paper. Show the real Colored paper object clearly and accurately, with a different physical presentation from every other asset: The reliable everyday choice for notes, lists, and long writing sessions, with a clean line and dependable flow. Product details: 0.7mm smooth ballpoint tip Quick-drying blue ink Balanced resin barrel. Use a distinct angle, arrangement, and tasteful material/color variation while keeping the item recognizable. Single product focus, realistic proportions, soft studio lighting, warm off-white craft-paper background, subtle natural shadow, no text, no logos, no watermark, square composition.	projects/colored-paper-craft/image/unique-01.png	./image/item.png	./image/unique-01.png
colored-paper-craft	2	product variation	Colored paper	Colored paper	Smooth-flowing gel ink brings bright, expressive color to notes, sketches, and everyday ideas.	24 signature ink colors Quick-drying gel ink Comfortable soft-touch grip	A distinct premium catalog photograph of Colored paper, variation 2: Colored paper. Show the real Colored paper object clearly and accurately, with a different physical presentation from every other asset: Smooth-flowing gel ink brings bright, expressive color to notes, sketches, and everyday ideas. Product details: 24 signature ink colors Quick-drying gel ink Comfortable soft-touch grip. Use a distinct angle, arrangement, and tasteful material/color variation while keeping the item recognizable. Single product focus, realistic proportions, soft studio lighting, warm off-white craft-paper background, subtle natural shadow, no text, no logos, no watermark, square composition.	projects/colored-paper-craft/image/unique-02.png	./image/item.png	./image/unique-02.png
colored-paper-craft	3	product variation	Colored paper	Colored paper	Liquid ink glides across the page with effortless flow, expressive line control, and a refined finish.	Silky liquid ink Ultra-smooth writing Premium roller tip	A distinct premium catalog photograph of Colored paper, variation 3: Colored paper. Show the real Colored paper object clearly and accurately, with a different physical presentation from every other asset: Liquid ink glides across the page with effortless flow, expressive line control, and a refined finish. Product details: Silky liquid ink Ultra-smooth writing Premium roller tip. Use a distinct angle, arrangement, and tasteful material/color variation while keeping the item recognizable. Single product focus, realistic proportions, soft studio lighting, warm off-white craft-paper background, subtle natural shadow, no text, no logos, no watermark, square composition.	projects/colored-paper-craft/image/unique-03.png	./image/item.png	./image/unique-03.png
colored-paper-craft	4	product variation	Colored paper	Colored paper	A smooth fountain nib and refillable reservoir turn every page into a more considered writing experience.	Refillable ink system Fine and medium nibs Polished metal nib	A distinct premium catalog photograph of Colored paper, variation 4: Colored paper. Show the real Colored paper object clearly and accurately, with a different physical presentation from every other asset: A smooth fountain nib and refillable reservoir turn every page into a more considered writing experience. Product details: Refillable ink system Fine and medium nibs Polished metal nib. Use a distinct angle, arrangement, and tasteful material/color variation while keeping the item recognizable. Single product focus, realistic proportions, soft studio lighting, warm off-white craft-paper background, subtle natural shadow, no text, no logos, no watermark, square composition.	projects/colored-paper-craft/image/unique-04.png	./image/item.png	./image/unique-04.png
colored-paper-craft	5	product variation	Colored paper	Colored paper	Precise fiber tips create clean, expressive lines for diagrams, journaling, lettering, and detail work.	0.4mm precision tip Fade-resistant black ink Long-lasting fiber point	A distinct premium catalog photograph of Colored paper, variation 5: Colored paper. Show the real Colored paper object clearly and accurately, with a different physical presentation from every other asset: Precise fiber tips create clean, expressive lines for diagrams, journaling, lettering, and detail work. Product details: 0.4mm precision tip Fade-resistant black ink Long-lasting fiber point. Use a distinct angle, arrangement, and tasteful material/color variation while keeping the item recognizable. Single product focus, realistic proportions, soft studio lighting, warm off-white craft-paper background, subtle natural shadow, no text, no logos, no watermark, square composition.	projects/colored-paper-craft/image/unique-05.png	./image/item.png	./image/unique-05.png
colored-paper-craft	6	about presentation	Colored paper	about presentation 6			A distinct editorial presentation image for a stationery and craft product webpage about Colored paper, role about presentation number 6. Feature Colored paper as the clear subject in a unique composition, different from every other image in the repository, realistic product photography, soft studio lighting, warm off-white craft-paper background, no text, no logos, no watermark, square composition.	projects/colored-paper-craft/image/unique-06.png	./image/item.png	./image/unique-06.png
colored-pencils-craft	1	product variation	Colored pencils	Colored pencils	The reliable everyday choice for notes, lists, and long writing sessions, with a clean line and dependable flow.	0.7mm smooth ballpoint tip Quick-drying blue ink Balanced resin barrel	A distinct premium catalog photograph of Colored pencils, variation 1: Colored pencils. Show the real Colored pencils object clearly and accurately, with a different physical presentation from every other asset: The reliable everyday choice for notes, lists, and long writing sessions, with a clean line and dependable flow. Product details: 0.7mm smooth ballpoint tip Quick-drying blue ink Balanced resin barrel. Use a distinct angle, arrangement, and tasteful material/color variation while keeping the item recognizable. Single product focus, realistic proportions, soft studio lighting, warm off-white craft-paper background, subtle natural shadow, no text, no logos, no watermark, square composition.	projects/colored-pencils-craft/image/unique-01.png	./image/item.png	./image/unique-01.png
colored-pencils-craft	2	product variation	Colored pencils	Colored pencils	Smooth-flowing gel ink brings bright, expressive color to notes, sketches, and everyday ideas.	24 signature ink colors Quick-drying gel ink Comfortable soft-touch grip	A distinct premium catalog photograph of Colored pencils, variation 2: Colored pencils. Show the real Colored pencils object clearly and accurately, with a different physical presentation from every other asset: Smooth-flowing gel ink brings bright, expressive color to notes, sketches, and everyday ideas. Product details: 24 signature ink colors Quick-drying gel ink Comfortable soft-touch grip. Use a distinct angle, arrangement, and tasteful material/color variation while keeping the item recognizable. Single product focus, realistic proportions, soft studio lighting, warm off-white craft-paper background, subtle natural shadow, no text, no logos, no watermark, square composition.	projects/colored-pencils-craft/image/unique-02.png	./image/item.png	./image/unique-02.png
colored-pencils-craft	3	product variation	Colored pencils	Colored pencils	Liquid ink glides across the page with effortless flow, expressive line control, and a refined finish.	Silky liquid ink Ultra-smooth writing Premium roller tip	A distinct premium catalog photograph of Colored pencils, variation 3: Colored pencils. Show the real Colored pencils object clearly and accurately, with a different physical presentation from every other asset: Liquid ink glides across the page with effortless flow, expressive line control, and a refined finish. Product details: Silky liquid ink Ultra-smooth writing Premium roller tip. Use a distinct angle, arrangement, and tasteful material/color variation while keeping the item recognizable. Single product focus, realistic proportions, soft studio lighting, warm off-white craft-paper background, subtle natural shadow, no text, no logos, no watermark, square composition.	projects/colored-pencils-craft/image/unique-03.png	./image/item.png	./image/unique-03.png
colored-pencils-craft	4	product variation	Colored pencils	Colored pencils	A smooth fountain nib and refillable reservoir turn every page into a more considered writing experience.	Refillable ink system Fine and medium nibs Polished metal nib	A distinct premium catalog photograph of Colored pencils, variation 4: Colored pencils. Show the real Colored pencils object clearly and accurately, with a different physical presentation from every other asset: A smooth fountain nib and refillable reservoir turn every page into a more considered writing experience. Product details: Refillable ink system Fine and medium nibs Polished metal nib. Use a distinct angle, arrangement, and tasteful material/color variation while keeping the item recognizable. Single product focus, realistic proportions, soft studio lighting, warm off-white craft-paper background, subtle natural shadow, no text, no logos, no watermark, square composition.	projects/colored-pencils-craft/image/unique-04.png	./image/item.png	./image/unique-04.png
colored-pencils-craft	5	product variation	Colored pencils	Colored pencils	Precise fiber tips create clean, expressive lines for diagrams, journaling, lettering, and detail work.	0.4mm precision tip Fade-resistant black ink Long-lasting fiber point	A distinct premium catalog photograph of Colored pencils, variation 5: Colored pencils. Show the real Colored pencils object clearly and accurately, with a different physical presentation from every other asset: Precise fiber tips create clean, expressive lines for diagrams, journaling, lettering, and detail work. Product details: 0.4mm precision tip Fade-resistant black ink Long-lasting fiber point. Use a distinct angle, arrangement, and tasteful material/color variation while keeping the item recognizable. Single product focus, realistic proportions, soft studio lighting, warm off-white craft-paper background, subtle natural shadow, no text, no logos, no watermark, square composition.	projects/colored-pencils-craft/image/unique-05.png	./image/item.png	./image/unique-05.png
colored-pencils-craft	6	about presentation	Colored pencils	about presentation 6			A distinct editorial presentation image for a stationery and craft product webpage about Colored pencils, role about presentation number 6. Feature Colored pencils as the clear subject in a unique composition, different from every other image in the repository, realistic product photography, soft studio lighting, warm off-white craft-paper background, no text, no logos, no watermark, square composition.	projects/colored-pencils-craft/image/unique-06.png	./image/item.png	./image/unique-06.png
compasses-craft	1	product variation	Compasses	Compasses	The reliable everyday choice for notes, lists, and long writing sessions, with a clean line and dependable flow.	0.7mm smooth ballpoint tip Quick-drying blue ink Balanced resin barrel	A distinct premium catalog photograph of Compasses, variation 1: Compasses. Show the real Compasses object clearly and accurately, with a different physical presentation from every other asset: The reliable everyday choice for notes, lists, and long writing sessions, with a clean line and dependable flow. Product details: 0.7mm smooth ballpoint tip Quick-drying blue ink Balanced resin barrel. Use a distinct angle, arrangement, and tasteful material/color variation while keeping the item recognizable. Single product focus, realistic proportions, soft studio lighting, warm off-white craft-paper background, subtle natural shadow, no text, no logos, no watermark, square composition.	projects/compasses-craft/image/unique-01.png	./image/item.png	./image/unique-01.png
compasses-craft	2	product variation	Compasses	Compasses	Smooth-flowing gel ink brings bright, expressive color to notes, sketches, and everyday ideas.	24 signature ink colors Quick-drying gel ink Comfortable soft-touch grip	A distinct premium catalog photograph of Compasses, variation 2: Compasses. Show the real Compasses object clearly and accurately, with a different physical presentation from every other asset: Smooth-flowing gel ink brings bright, expressive color to notes, sketches, and everyday ideas. Product details: 24 signature ink colors Quick-drying gel ink Comfortable soft-touch grip. Use a distinct angle, arrangement, and tasteful material/color variation while keeping the item recognizable. Single product focus, realistic proportions, soft studio lighting, warm off-white craft-paper background, subtle natural shadow, no text, no logos, no watermark, square composition.	projects/compasses-craft/image/unique-02.png	./image/item.png	./image/unique-02.png
compasses-craft	3	product variation	Compasses	Compasses	Liquid ink glides across the page with effortless flow, expressive line control, and a refined finish.	Silky liquid ink Ultra-smooth writing Premium roller tip	A distinct premium catalog photograph of Compasses, variation 3: Compasses. Show the real Compasses object clearly and accurately, with a different physical presentation from every other asset: Liquid ink glides across the page with effortless flow, expressive line control, and a refined finish. Product details: Silky liquid ink Ultra-smooth writing Premium roller tip. Use a distinct angle, arrangement, and tasteful material/color variation while keeping the item recognizable. Single product focus, realistic proportions, soft studio lighting, warm off-white craft-paper background, subtle natural shadow, no text, no logos, no watermark, square composition.	projects/compasses-craft/image/unique-03.png	./image/item.png	./image/unique-03.png
compasses-craft	4	product variation	Compasses	Compasses	A smooth fountain nib and refillable reservoir turn every page into a more considered writing experience.	Refillable ink system Fine and medium nibs Polished metal nib	A distinct premium catalog photograph of Compasses, variation 4: Compasses. Show the real Compasses object clearly and accurately, with a different physical presentation from every other asset: A smooth fountain nib and refillable reservoir turn every page into a more considered writing experience. Product details: Refillable ink system Fine and medium nibs Polished metal nib. Use a distinct angle, arrangement, and tasteful material/color variation while keeping the item recognizable. Single product focus, realistic proportions, soft studio lighting, warm off-white craft-paper background, subtle natural shadow, no text, no logos, no watermark, square composition.	projects/compasses-craft/image/unique-04.png	./image/item.png	./image/unique-04.png
compasses-craft	5	product variation	Compasses	Compasses	Precise fiber tips create clean, expressive lines for diagrams, journaling, lettering, and detail work.	0.4mm precision tip Fade-resistant black ink Long-lasting fiber point	A distinct premium catalog photograph of Compasses, variation 5: Compasses. Show the real Compasses object clearly and accurately, with a different physical presentation from every other asset: Precise fiber tips create clean, expressive lines for diagrams, journaling, lettering, and detail work. Product details: 0.4mm precision tip Fade-resistant black ink Long-lasting fiber point. Use a distinct angle, arrangement, and tasteful material/color variation while keeping the item recognizable. Single product focus, realistic proportions, soft studio lighting, warm off-white craft-paper background, subtle natural shadow, no text, no logos, no watermark, square composition.	projects/compasses-craft/image/unique-05.png	./image/item.png	./image/unique-05.png
compasses-craft	6	about presentation	Compasses	about presentation 6			A distinct editorial presentation image for a stationery and craft product webpage about Compasses, role about presentation number 6. Feature Compasses as the clear subject in a unique composition, different from every other image in the repository, realistic product photography, soft studio lighting, warm off-white craft-paper background, no text, no logos, no watermark, square composition.	projects/compasses-craft/image/unique-06.png	./image/item.png	./image/unique-06.png
copy-paper-craft	1	product variation	Copy paper	Copy paper	The reliable everyday choice for notes, lists, and long writing sessions, with a clean line and dependable flow.	0.7mm smooth ballpoint tip Quick-drying blue ink Balanced resin barrel	A distinct premium catalog photograph of Copy paper, variation 1: Copy paper. Show the real Copy paper object clearly and accurately, with a different physical presentation from every other asset: The reliable everyday choice for notes, lists, and long writing sessions, with a clean line and dependable flow. Product details: 0.7mm smooth ballpoint tip Quick-drying blue ink Balanced resin barrel. Use a distinct angle, arrangement, and tasteful material/color variation while keeping the item recognizable. Single product focus, realistic proportions, soft studio lighting, warm off-white craft-paper background, subtle natural shadow, no text, no logos, no watermark, square composition.	projects/copy-paper-craft/image/unique-01.png	./image/item.png	./image/unique-01.png
copy-paper-craft	2	product variation	Copy paper	Copy paper	Smooth-flowing gel ink brings bright, expressive color to notes, sketches, and everyday ideas.	24 signature ink colors Quick-drying gel ink Comfortable soft-touch grip	A distinct premium catalog photograph of Copy paper, variation 2: Copy paper. Show the real Copy paper object clearly and accurately, with a different physical presentation from every other asset: Smooth-flowing gel ink brings bright, expressive color to notes, sketches, and everyday ideas. Product details: 24 signature ink colors Quick-drying gel ink Comfortable soft-touch grip. Use a distinct angle, arrangement, and tasteful material/color variation while keeping the item recognizable. Single product focus, realistic proportions, soft studio lighting, warm off-white craft-paper background, subtle natural shadow, no text, no logos, no watermark, square composition.	projects/copy-paper-craft/image/unique-02.png	./image/item.png	./image/unique-02.png
copy-paper-craft	3	product variation	Copy paper	Copy paper	Liquid ink glides across the page with effortless flow, expressive line control, and a refined finish.	Silky liquid ink Ultra-smooth writing Premium roller tip	A distinct premium catalog photograph of Copy paper, variation 3: Copy paper. Show the real Copy paper object clearly and accurately, with a different physical presentation from every other asset: Liquid ink glides across the page with effortless flow, expressive line control, and a refined finish. Product details: Silky liquid ink Ultra-smooth writing Premium roller tip. Use a distinct angle, arrangement, and tasteful material/color variation while keeping the item recognizable. Single product focus, realistic proportions, soft studio lighting, warm off-white craft-paper background, subtle natural shadow, no text, no logos, no watermark, square composition.	projects/copy-paper-craft/image/unique-03.png	./image/item.png	./image/unique-03.png
copy-paper-craft	4	product variation	Copy paper	Copy paper	A smooth fountain nib and refillable reservoir turn every page into a more considered writing experience.	Refillable ink system Fine and medium nibs Polished metal nib	A distinct premium catalog photograph of Copy paper, variation 4: Copy paper. Show the real Copy paper object clearly and accurately, with a different physical presentation from every other asset: A smooth fountain nib and refillable reservoir turn every page into a more considered writing experience. Product details: Refillable ink system Fine and medium nibs Polished metal nib. Use a distinct angle, arrangement, and tasteful material/color variation while keeping the item recognizable. Single product focus, realistic proportions, soft studio lighting, warm off-white craft-paper background, subtle natural shadow, no text, no logos, no watermark, square composition.	projects/copy-paper-craft/image/unique-04.png	./image/item.png	./image/unique-04.png
copy-paper-craft	5	product variation	Copy paper	Copy paper	Precise fiber tips create clean, expressive lines for diagrams, journaling, lettering, and detail work.	0.4mm precision tip Fade-resistant black ink Long-lasting fiber point	A distinct premium catalog photograph of Copy paper, variation 5: Copy paper. Show the real Copy paper object clearly and accurately, with a different physical presentation from every other asset: Precise fiber tips create clean, expressive lines for diagrams, journaling, lettering, and detail work. Product details: 0.4mm precision tip Fade-resistant black ink Long-lasting fiber point. Use a distinct angle, arrangement, and tasteful material/color variation while keeping the item recognizable. Single product focus, realistic proportions, soft studio lighting, warm off-white craft-paper background, subtle natural shadow, no text, no logos, no watermark, square composition.	projects/copy-paper-craft/image/unique-05.png	./image/item.png	./image/unique-05.png
copy-paper-craft	6	about presentation	Copy paper	about presentation 6			A distinct editorial presentation image for a stationery and craft product webpage about Copy paper, role about presentation number 6. Feature Copy paper as the clear subject in a unique composition, different from every other image in the repository, realistic product photography, soft studio lighting, warm off-white craft-paper background, no text, no logos, no watermark, square composition.	projects/copy-paper-craft/image/unique-06.png	./image/item.png	./image/unique-06.png
correction-fluid-craft	1	product variation	Correction fluid	Correction fluid	The reliable everyday choice for notes, lists, and long writing sessions, with a clean line and dependable flow.	0.7mm smooth ballpoint tip Quick-drying blue ink Balanced resin barrel	A distinct premium catalog photograph of Correction fluid, variation 1: Correction fluid. Show the real Correction fluid object clearly and accurately, with a different physical presentation from every other asset: The reliable everyday choice for notes, lists, and long writing sessions, with a clean line and dependable flow. Product details: 0.7mm smooth ballpoint tip Quick-drying blue ink Balanced resin barrel. Use a distinct angle, arrangement, and tasteful material/color variation while keeping the item recognizable. Single product focus, realistic proportions, soft studio lighting, warm off-white craft-paper background, subtle natural shadow, no text, no logos, no watermark, square composition.	projects/correction-fluid-craft/image/unique-01.png	./image/item.png	./image/unique-01.png
correction-fluid-craft	2	product variation	Correction fluid	Correction fluid	Smooth-flowing gel ink brings bright, expressive color to notes, sketches, and everyday ideas.	24 signature ink colors Quick-drying gel ink Comfortable soft-touch grip	A distinct premium catalog photograph of Correction fluid, variation 2: Correction fluid. Show the real Correction fluid object clearly and accurately, with a different physical presentation from every other asset: Smooth-flowing gel ink brings bright, expressive color to notes, sketches, and everyday ideas. Product details: 24 signature ink colors Quick-drying gel ink Comfortable soft-touch grip. Use a distinct angle, arrangement, and tasteful material/color variation while keeping the item recognizable. Single product focus, realistic proportions, soft studio lighting, warm off-white craft-paper background, subtle natural shadow, no text, no logos, no watermark, square composition.	projects/correction-fluid-craft/image/unique-02.png	./image/item.png	./image/unique-02.png
correction-fluid-craft	3	product variation	Correction fluid	Correction fluid	Liquid ink glides across the page with effortless flow, expressive line control, and a refined finish.	Silky liquid ink Ultra-smooth writing Premium roller tip	A distinct premium catalog photograph of Correction fluid, variation 3: Correction fluid. Show the real Correction fluid object clearly and accurately, with a different physical presentation from every other asset: Liquid ink glides across the page with effortless flow, expressive line control, and a refined finish. Product details: Silky liquid ink Ultra-smooth writing Premium roller tip. Use a distinct angle, arrangement, and tasteful material/color variation while keeping the item recognizable. Single product focus, realistic proportions, soft studio lighting, warm off-white craft-paper background, subtle natural shadow, no text, no logos, no watermark, square composition.	projects/correction-fluid-craft/image/unique-03.png	./image/item.png	./image/unique-03.png
correction-fluid-craft	4	product variation	Correction fluid	Correction fluid	A smooth fountain nib and refillable reservoir turn every page into a more considered writing experience.	Refillable ink system Fine and medium nibs Polished metal nib	A distinct premium catalog photograph of Correction fluid, variation 4: Correction fluid. Show the real Correction fluid object clearly and accurately, with a different physical presentation from every other asset: A smooth fountain nib and refillable reservoir turn every page into a more considered writing experience. Product details: Refillable ink system Fine and medium nibs Polished metal nib. Use a distinct angle, arrangement, and tasteful material/color variation while keeping the item recognizable. Single product focus, realistic proportions, soft studio lighting, warm off-white craft-paper background, subtle natural shadow, no text, no logos, no watermark, square composition.	projects/correction-fluid-craft/image/unique-04.png	./image/item.png	./image/unique-04.png
correction-fluid-craft	5	product variation	Correction fluid	Correction fluid	Precise fiber tips create clean, expressive lines for diagrams, journaling, lettering, and detail work.	0.4mm precision tip Fade-resistant black ink Long-lasting fiber point	A distinct premium catalog photograph of Correction fluid, variation 5: Correction fluid. Show the real Correction fluid object clearly and accurately, with a different physical presentation from every other asset: Precise fiber tips create clean, expressive lines for diagrams, journaling, lettering, and detail work. Product details: 0.4mm precision tip Fade-resistant black ink Long-lasting fiber point. Use a distinct angle, arrangement, and tasteful material/color variation while keeping the item recognizable. Single product focus, realistic proportions, soft studio lighting, warm off-white craft-paper background, subtle natural shadow, no text, no logos, no watermark, square composition.	projects/correction-fluid-craft/image/unique-05.png	./image/item.png	./image/unique-05.png
correction-fluid-craft	6	about presentation	Correction fluid	about presentation 6			A distinct editorial presentation image for a stationery and craft product webpage about Correction fluid, role about presentation number 6. Feature Correction fluid as the clear subject in a unique composition, different from every other image in the repository, realistic product photography, soft studio lighting, warm off-white craft-paper background, no text, no logos, no watermark, square composition.	projects/correction-fluid-craft/image/unique-06.png	./image/item.png	./image/unique-06.png
correction-pens-craft	1	product variation	Correction pens	Correction pens	The reliable everyday choice for notes, lists, and long writing sessions, with a clean line and dependable flow.	0.7mm smooth ballpoint tip Quick-drying blue ink Balanced resin barrel	A distinct premium catalog photograph of Correction pens, variation 1: Correction pens. Show the real Correction pens object clearly and accurately, with a different physical presentation from every other asset: The reliable everyday choice for notes, lists, and long writing sessions, with a clean line and dependable flow. Product details: 0.7mm smooth ballpoint tip Quick-drying blue ink Balanced resin barrel. Use a distinct angle, arrangement, and tasteful material/color variation while keeping the item recognizable. Single product focus, realistic proportions, soft studio lighting, warm off-white craft-paper background, subtle natural shadow, no text, no logos, no watermark, square composition.	projects/correction-pens-craft/image/unique-01.png	./image/item.png	./image/unique-01.png
correction-pens-craft	2	product variation	Correction pens	Correction pens	Smooth-flowing gel ink brings bright, expressive color to notes, sketches, and everyday ideas.	24 signature ink colors Quick-drying gel ink Comfortable soft-touch grip	A distinct premium catalog photograph of Correction pens, variation 2: Correction pens. Show the real Correction pens object clearly and accurately, with a different physical presentation from every other asset: Smooth-flowing gel ink brings bright, expressive color to notes, sketches, and everyday ideas. Product details: 24 signature ink colors Quick-drying gel ink Comfortable soft-touch grip. Use a distinct angle, arrangement, and tasteful material/color variation while keeping the item recognizable. Single product focus, realistic proportions, soft studio lighting, warm off-white craft-paper background, subtle natural shadow, no text, no logos, no watermark, square composition.	projects/correction-pens-craft/image/unique-02.png	./image/item.png	./image/unique-02.png
correction-pens-craft	3	product variation	Correction pens	Correction pens	Liquid ink glides across the page with effortless flow, expressive line control, and a refined finish.	Silky liquid ink Ultra-smooth writing Premium roller tip	A distinct premium catalog photograph of Correction pens, variation 3: Correction pens. Show the real Correction pens object clearly and accurately, with a different physical presentation from every other asset: Liquid ink glides across the page with effortless flow, expressive line control, and a refined finish. Product details: Silky liquid ink Ultra-smooth writing Premium roller tip. Use a distinct angle, arrangement, and tasteful material/color variation while keeping the item recognizable. Single product focus, realistic proportions, soft studio lighting, warm off-white craft-paper background, subtle natural shadow, no text, no logos, no watermark, square composition.	projects/correction-pens-craft/image/unique-03.png	./image/item.png	./image/unique-03.png
correction-pens-craft	4	product variation	Correction pens	Correction pens	A smooth fountain nib and refillable reservoir turn every page into a more considered writing experience.	Refillable ink system Fine and medium nibs Polished metal nib	A distinct premium catalog photograph of Correction pens, variation 4: Correction pens. Show the real Correction pens object clearly and accurately, with a different physical presentation from every other asset: A smooth fountain nib and refillable reservoir turn every page into a more considered writing experience. Product details: Refillable ink system Fine and medium nibs Polished metal nib. Use a distinct angle, arrangement, and tasteful material/color variation while keeping the item recognizable. Single product focus, realistic proportions, soft studio lighting, warm off-white craft-paper background, subtle natural shadow, no text, no logos, no watermark, square composition.	projects/correction-pens-craft/image/unique-04.png	./image/item.png	./image/unique-04.png
correction-pens-craft	5	product variation	Correction pens	Correction pens	Precise fiber tips create clean, expressive lines for diagrams, journaling, lettering, and detail work.	0.4mm precision tip Fade-resistant black ink Long-lasting fiber point	A distinct premium catalog photograph of Correction pens, variation 5: Correction pens. Show the real Correction pens object clearly and accurately, with a different physical presentation from every other asset: Precise fiber tips create clean, expressive lines for diagrams, journaling, lettering, and detail work. Product details: 0.4mm precision tip Fade-resistant black ink Long-lasting fiber point. Use a distinct angle, arrangement, and tasteful material/color variation while keeping the item recognizable. Single product focus, realistic proportions, soft studio lighting, warm off-white craft-paper background, subtle natural shadow, no text, no logos, no watermark, square composition.	projects/correction-pens-craft/image/unique-05.png	./image/item.png	./image/unique-05.png
correction-pens-craft	6	about presentation	Correction pens	about presentation 6			A distinct editorial presentation image for a stationery and craft product webpage about Correction pens, role about presentation number 6. Feature Correction pens as the clear subject in a unique composition, different from every other image in the repository, realistic product photography, soft studio lighting, warm off-white craft-paper background, no text, no logos, no watermark, square composition.	projects/correction-pens-craft/image/unique-06.png	./image/item.png	./image/unique-06.png
correction-tape-craft	1	product variation	Correction tape	Correction tape	The reliable everyday choice for notes, lists, and long writing sessions, with a clean line and dependable flow.	0.7mm smooth ballpoint tip Quick-drying blue ink Balanced resin barrel	A distinct premium catalog photograph of Correction tape, variation 1: Correction tape. Show the real Correction tape object clearly and accurately, with a different physical presentation from every other asset: The reliable everyday choice for notes, lists, and long writing sessions, with a clean line and dependable flow. Product details: 0.7mm smooth ballpoint tip Quick-drying blue ink Balanced resin barrel. Use a distinct angle, arrangement, and tasteful material/color variation while keeping the item recognizable. Single product focus, realistic proportions, soft studio lighting, warm off-white craft-paper background, subtle natural shadow, no text, no logos, no watermark, square composition.	projects/correction-tape-craft/image/unique-01.png	./image/item.png	./image/unique-01.png
correction-tape-craft	2	product variation	Correction tape	Correction tape	Smooth-flowing gel ink brings bright, expressive color to notes, sketches, and everyday ideas.	24 signature ink colors Quick-drying gel ink Comfortable soft-touch grip	A distinct premium catalog photograph of Correction tape, variation 2: Correction tape. Show the real Correction tape object clearly and accurately, with a different physical presentation from every other asset: Smooth-flowing gel ink brings bright, expressive color to notes, sketches, and everyday ideas. Product details: 24 signature ink colors Quick-drying gel ink Comfortable soft-touch grip. Use a distinct angle, arrangement, and tasteful material/color variation while keeping the item recognizable. Single product focus, realistic proportions, soft studio lighting, warm off-white craft-paper background, subtle natural shadow, no text, no logos, no watermark, square composition.	projects/correction-tape-craft/image/unique-02.png	./image/item.png	./image/unique-02.png
correction-tape-craft	3	product variation	Correction tape	Correction tape	Liquid ink glides across the page with effortless flow, expressive line control, and a refined finish.	Silky liquid ink Ultra-smooth writing Premium roller tip	A distinct premium catalog photograph of Correction tape, variation 3: Correction tape. Show the real Correction tape object clearly and accurately, with a different physical presentation from every other asset: Liquid ink glides across the page with effortless flow, expressive line control, and a refined finish. Product details: Silky liquid ink Ultra-smooth writing Premium roller tip. Use a distinct angle, arrangement, and tasteful material/color variation while keeping the item recognizable. Single product focus, realistic proportions, soft studio lighting, warm off-white craft-paper background, subtle natural shadow, no text, no logos, no watermark, square composition.	projects/correction-tape-craft/image/unique-03.png	./image/item.png	./image/unique-03.png
correction-tape-craft	4	product variation	Correction tape	Correction tape	A smooth fountain nib and refillable reservoir turn every page into a more considered writing experience.	Refillable ink system Fine and medium nibs Polished metal nib	A distinct premium catalog photograph of Correction tape, variation 4: Correction tape. Show the real Correction tape object clearly and accurately, with a different physical presentation from every other asset: A smooth fountain nib and refillable reservoir turn every page into a more considered writing experience. Product details: Refillable ink system Fine and medium nibs Polished metal nib. Use a distinct angle, arrangement, and tasteful material/color variation while keeping the item recognizable. Single product focus, realistic proportions, soft studio lighting, warm off-white craft-paper background, subtle natural shadow, no text, no logos, no watermark, square composition.	projects/correction-tape-craft/image/unique-04.png	./image/item.png	./image/unique-04.png
correction-tape-craft	5	product variation	Correction tape	Correction tape	Precise fiber tips create clean, expressive lines for diagrams, journaling, lettering, and detail work.	0.4mm precision tip Fade-resistant black ink Long-lasting fiber point	A distinct premium catalog photograph of Correction tape, variation 5: Correction tape. Show the real Correction tape object clearly and accurately, with a different physical presentation from every other asset: Precise fiber tips create clean, expressive lines for diagrams, journaling, lettering, and detail work. Product details: 0.4mm precision tip Fade-resistant black ink Long-lasting fiber point. Use a distinct angle, arrangement, and tasteful material/color variation while keeping the item recognizable. Single product focus, realistic proportions, soft studio lighting, warm off-white craft-paper background, subtle natural shadow, no text, no logos, no watermark, square composition.	projects/correction-tape-craft/image/unique-05.png	./image/item.png	./image/unique-05.png
correction-tape-craft	6	about presentation	Correction tape	about presentation 6			A distinct editorial presentation image for a stationery and craft product webpage about Correction tape, role about presentation number 6. Feature Correction tape as the clear subject in a unique composition, different from every other image in the repository, realistic product photography, soft studio lighting, warm off-white craft-paper background, no text, no logos, no watermark, square composition.	projects/correction-tape-craft/image/unique-06.png	./image/item.png	./image/unique-06.png
craft-glue-craft	1	product variation	Craft glue	Craft glue	The reliable everyday choice for notes, lists, and long writing sessions, with a clean line and dependable flow.	0.7mm smooth ballpoint tip Quick-drying blue ink Balanced resin barrel	A distinct premium catalog photograph of Craft glue, variation 1: Craft glue. Show the real Craft glue object clearly and accurately, with a different physical presentation from every other asset: The reliable everyday choice for notes, lists, and long writing sessions, with a clean line and dependable flow. Product details: 0.7mm smooth ballpoint tip Quick-drying blue ink Balanced resin barrel. Use a distinct angle, arrangement, and tasteful material/color variation while keeping the item recognizable. Single product focus, realistic proportions, soft studio lighting, warm off-white craft-paper background, subtle natural shadow, no text, no logos, no watermark, square composition.	projects/craft-glue-craft/image/unique-01.png	./image/item.png	./image/unique-01.png
craft-glue-craft	2	product variation	Craft glue	Craft glue	Smooth-flowing gel ink brings bright, expressive color to notes, sketches, and everyday ideas.	24 signature ink colors Quick-drying gel ink Comfortable soft-touch grip	A distinct premium catalog photograph of Craft glue, variation 2: Craft glue. Show the real Craft glue object clearly and accurately, with a different physical presentation from every other asset: Smooth-flowing gel ink brings bright, expressive color to notes, sketches, and everyday ideas. Product details: 24 signature ink colors Quick-drying gel ink Comfortable soft-touch grip. Use a distinct angle, arrangement, and tasteful material/color variation while keeping the item recognizable. Single product focus, realistic proportions, soft studio lighting, warm off-white craft-paper background, subtle natural shadow, no text, no logos, no watermark, square composition.	projects/craft-glue-craft/image/unique-02.png	./image/item.png	./image/unique-02.png
craft-glue-craft	3	product variation	Craft glue	Craft glue	Liquid ink glides across the page with effortless flow, expressive line control, and a refined finish.	Silky liquid ink Ultra-smooth writing Premium roller tip	A distinct premium catalog photograph of Craft glue, variation 3: Craft glue. Show the real Craft glue object clearly and accurately, with a different physical presentation from every other asset: Liquid ink glides across the page with effortless flow, expressive line control, and a refined finish. Product details: Silky liquid ink Ultra-smooth writing Premium roller tip. Use a distinct angle, arrangement, and tasteful material/color variation while keeping the item recognizable. Single product focus, realistic proportions, soft studio lighting, warm off-white craft-paper background, subtle natural shadow, no text, no logos, no watermark, square composition.	projects/craft-glue-craft/image/unique-03.png	./image/item.png	./image/unique-03.png
craft-glue-craft	4	product variation	Craft glue	Craft glue	A smooth fountain nib and refillable reservoir turn every page into a more considered writing experience.	Refillable ink system Fine and medium nibs Polished metal nib	A distinct premium catalog photograph of Craft glue, variation 4: Craft glue. Show the real Craft glue object clearly and accurately, with a different physical presentation from every other asset: A smooth fountain nib and refillable reservoir turn every page into a more considered writing experience. Product details: Refillable ink system Fine and medium nibs Polished metal nib. Use a distinct angle, arrangement, and tasteful material/color variation while keeping the item recognizable. Single product focus, realistic proportions, soft studio lighting, warm off-white craft-paper background, subtle natural shadow, no text, no logos, no watermark, square composition.	projects/craft-glue-craft/image/unique-04.png	./image/item.png	./image/unique-04.png
craft-glue-craft	5	product variation	Craft glue	Craft glue	Precise fiber tips create clean, expressive lines for diagrams, journaling, lettering, and detail work.	0.4mm precision tip Fade-resistant black ink Long-lasting fiber point	A distinct premium catalog photograph of Craft glue, variation 5: Craft glue. Show the real Craft glue object clearly and accurately, with a different physical presentation from every other asset: Precise fiber tips create clean, expressive lines for diagrams, journaling, lettering, and detail work. Product details: 0.4mm precision tip Fade-resistant black ink Long-lasting fiber point. Use a distinct angle, arrangement, and tasteful material/color variation while keeping the item recognizable. Single product focus, realistic proportions, soft studio lighting, warm off-white craft-paper background, subtle natural shadow, no text, no logos, no watermark, square composition.	projects/craft-glue-craft/image/unique-05.png	./image/item.png	./image/unique-05.png
craft-glue-craft	6	about presentation	Craft glue	about presentation 6			A distinct editorial presentation image for a stationery and craft product webpage about Craft glue, role about presentation number 6. Feature Craft glue as the clear subject in a unique composition, different from every other image in the repository, realistic product photography, soft studio lighting, warm off-white craft-paper background, no text, no logos, no watermark, square composition.	projects/craft-glue-craft/image/unique-06.png	./image/item.png	./image/unique-06.png
craft-paper-craft	1	product variation	Craft paper	Craft paper	The reliable everyday choice for notes, lists, and long writing sessions, with a clean line and dependable flow.	0.7mm smooth ballpoint tip Quick-drying blue ink Balanced resin barrel	A distinct premium catalog photograph of Craft paper, variation 1: Craft paper. Show the real Craft paper object clearly and accurately, with a different physical presentation from every other asset: The reliable everyday choice for notes, lists, and long writing sessions, with a clean line and dependable flow. Product details: 0.7mm smooth ballpoint tip Quick-drying blue ink Balanced resin barrel. Use a distinct angle, arrangement, and tasteful material/color variation while keeping the item recognizable. Single product focus, realistic proportions, soft studio lighting, warm off-white craft-paper background, subtle natural shadow, no text, no logos, no watermark, square composition.	projects/craft-paper-craft/image/unique-01.png	./image/item.png	./image/unique-01.png
craft-paper-craft	2	product variation	Craft paper	Craft paper	Smooth-flowing gel ink brings bright, expressive color to notes, sketches, and everyday ideas.	24 signature ink colors Quick-drying gel ink Comfortable soft-touch grip	A distinct premium catalog photograph of Craft paper, variation 2: Craft paper. Show the real Craft paper object clearly and accurately, with a different physical presentation from every other asset: Smooth-flowing gel ink brings bright, expressive color to notes, sketches, and everyday ideas. Product details: 24 signature ink colors Quick-drying gel ink Comfortable soft-touch grip. Use a distinct angle, arrangement, and tasteful material/color variation while keeping the item recognizable. Single product focus, realistic proportions, soft studio lighting, warm off-white craft-paper background, subtle natural shadow, no text, no logos, no watermark, square composition.	projects/craft-paper-craft/image/unique-02.png	./image/item.png	./image/unique-02.png
craft-paper-craft	3	product variation	Craft paper	Craft paper	Liquid ink glides across the page with effortless flow, expressive line control, and a refined finish.	Silky liquid ink Ultra-smooth writing Premium roller tip	A distinct premium catalog photograph of Craft paper, variation 3: Craft paper. Show the real Craft paper object clearly and accurately, with a different physical presentation from every other asset: Liquid ink glides across the page with effortless flow, expressive line control, and a refined finish. Product details: Silky liquid ink Ultra-smooth writing Premium roller tip. Use a distinct angle, arrangement, and tasteful material/color variation while keeping the item recognizable. Single product focus, realistic proportions, soft studio lighting, warm off-white craft-paper background, subtle natural shadow, no text, no logos, no watermark, square composition.	projects/craft-paper-craft/image/unique-03.png	./image/item.png	./image/unique-03.png
craft-paper-craft	4	product variation	Craft paper	Craft paper	A smooth fountain nib and refillable reservoir turn every page into a more considered writing experience.	Refillable ink system Fine and medium nibs Polished metal nib	A distinct premium catalog photograph of Craft paper, variation 4: Craft paper. Show the real Craft paper object clearly and accurately, with a different physical presentation from every other asset: A smooth fountain nib and refillable reservoir turn every page into a more considered writing experience. Product details: Refillable ink system Fine and medium nibs Polished metal nib. Use a distinct angle, arrangement, and tasteful material/color variation while keeping the item recognizable. Single product focus, realistic proportions, soft studio lighting, warm off-white craft-paper background, subtle natural shadow, no text, no logos, no watermark, square composition.	projects/craft-paper-craft/image/unique-04.png	./image/item.png	./image/unique-04.png
craft-paper-craft	5	product variation	Craft paper	Craft paper	Precise fiber tips create clean, expressive lines for diagrams, journaling, lettering, and detail work.	0.4mm precision tip Fade-resistant black ink Long-lasting fiber point	A distinct premium catalog photograph of Craft paper, variation 5: Craft paper. Show the real Craft paper object clearly and accurately, with a different physical presentation from every other asset: Precise fiber tips create clean, expressive lines for diagrams, journaling, lettering, and detail work. Product details: 0.4mm precision tip Fade-resistant black ink Long-lasting fiber point. Use a distinct angle, arrangement, and tasteful material/color variation while keeping the item recognizable. Single product focus, realistic proportions, soft studio lighting, warm off-white craft-paper background, subtle natural shadow, no text, no logos, no watermark, square composition.	projects/craft-paper-craft/image/unique-05.png	./image/item.png	./image/unique-05.png
craft-paper-craft	6	about presentation	Craft paper	about presentation 6			A distinct editorial presentation image for a stationery and craft product webpage about Craft paper, role about presentation number 6. Feature Craft paper as the clear subject in a unique composition, different from every other image in the repository, realistic product photography, soft studio lighting, warm off-white craft-paper background, no text, no logos, no watermark, square composition.	projects/craft-paper-craft/image/unique-06.png	./image/item.png	./image/unique-06.png
craft-scissors-craft	1	product variation	Craft scissors	Craft scissors	The reliable everyday choice for notes, lists, and long writing sessions, with a clean line and dependable flow.	0.7mm smooth ballpoint tip Quick-drying blue ink Balanced resin barrel	A distinct premium catalog photograph of Craft scissors, variation 1: Craft scissors. Show the real Craft scissors object clearly and accurately, with a different physical presentation from every other asset: The reliable everyday choice for notes, lists, and long writing sessions, with a clean line and dependable flow. Product details: 0.7mm smooth ballpoint tip Quick-drying blue ink Balanced resin barrel. Use a distinct angle, arrangement, and tasteful material/color variation while keeping the item recognizable. Single product focus, realistic proportions, soft studio lighting, warm off-white craft-paper background, subtle natural shadow, no text, no logos, no watermark, square composition.	projects/craft-scissors-craft/image/unique-01.png	./image/item.png	./image/unique-01.png
craft-scissors-craft	2	product variation	Craft scissors	Craft scissors	Smooth-flowing gel ink brings bright, expressive color to notes, sketches, and everyday ideas.	24 signature ink colors Quick-drying gel ink Comfortable soft-touch grip	A distinct premium catalog photograph of Craft scissors, variation 2: Craft scissors. Show the real Craft scissors object clearly and accurately, with a different physical presentation from every other asset: Smooth-flowing gel ink brings bright, expressive color to notes, sketches, and everyday ideas. Product details: 24 signature ink colors Quick-drying gel ink Comfortable soft-touch grip. Use a distinct angle, arrangement, and tasteful material/color variation while keeping the item recognizable. Single product focus, realistic proportions, soft studio lighting, warm off-white craft-paper background, subtle natural shadow, no text, no logos, no watermark, square composition.	projects/craft-scissors-craft/image/unique-02.png	./image/item.png	./image/unique-02.png
craft-scissors-craft	3	product variation	Craft scissors	Craft scissors	Liquid ink glides across the page with effortless flow, expressive line control, and a refined finish.	Silky liquid ink Ultra-smooth writing Premium roller tip	A distinct premium catalog photograph of Craft scissors, variation 3: Craft scissors. Show the real Craft scissors object clearly and accurately, with a different physical presentation from every other asset: Liquid ink glides across the page with effortless flow, expressive line control, and a refined finish. Product details: Silky liquid ink Ultra-smooth writing Premium roller tip. Use a distinct angle, arrangement, and tasteful material/color variation while keeping the item recognizable. Single product focus, realistic proportions, soft studio lighting, warm off-white craft-paper background, subtle natural shadow, no text, no logos, no watermark, square composition.	projects/craft-scissors-craft/image/unique-03.png	./image/item.png	./image/unique-03.png
craft-scissors-craft	4	product variation	Craft scissors	Craft scissors	A smooth fountain nib and refillable reservoir turn every page into a more considered writing experience.	Refillable ink system Fine and medium nibs Polished metal nib	A distinct premium catalog photograph of Craft scissors, variation 4: Craft scissors. Show the real Craft scissors object clearly and accurately, with a different physical presentation from every other asset: A smooth fountain nib and refillable reservoir turn every page into a more considered writing experience. Product details: Refillable ink system Fine and medium nibs Polished metal nib. Use a distinct angle, arrangement, and tasteful material/color variation while keeping the item recognizable. Single product focus, realistic proportions, soft studio lighting, warm off-white craft-paper background, subtle natural shadow, no text, no logos, no watermark, square composition.	projects/craft-scissors-craft/image/unique-04.png	./image/item.png	./image/unique-04.png
craft-scissors-craft	5	product variation	Craft scissors	Craft scissors	Precise fiber tips create clean, expressive lines for diagrams, journaling, lettering, and detail work.	0.4mm precision tip Fade-resistant black ink Long-lasting fiber point	A distinct premium catalog photograph of Craft scissors, variation 5: Craft scissors. Show the real Craft scissors object clearly and accurately, with a different physical presentation from every other asset: Precise fiber tips create clean, expressive lines for diagrams, journaling, lettering, and detail work. Product details: 0.4mm precision tip Fade-resistant black ink Long-lasting fiber point. Use a distinct angle, arrangement, and tasteful material/color variation while keeping the item recognizable. Single product focus, realistic proportions, soft studio lighting, warm off-white craft-paper background, subtle natural shadow, no text, no logos, no watermark, square composition.	projects/craft-scissors-craft/image/unique-05.png	./image/item.png	./image/unique-05.png
craft-scissors-craft	6	about presentation	Craft scissors	about presentation 6			A distinct editorial presentation image for a stationery and craft product webpage about Craft scissors, role about presentation number 6. Feature Craft scissors as the clear subject in a unique composition, different from every other image in the repository, realistic product photography, soft studio lighting, warm off-white craft-paper background, no text, no logos, no watermark, square composition.	projects/craft-scissors-craft/image/unique-06.png	./image/item.png	./image/unique-06.png
crayons-craft	1	product variation	Crayons	Crayons	The reliable everyday choice for notes, lists, and long writing sessions, with a clean line and dependable flow.	0.7mm smooth ballpoint tip Quick-drying blue ink Balanced resin barrel	A distinct premium catalog photograph of Crayons, variation 1: Crayons. Show the real Crayons object clearly and accurately, with a different physical presentation from every other asset: The reliable everyday choice for notes, lists, and long writing sessions, with a clean line and dependable flow. Product details: 0.7mm smooth ballpoint tip Quick-drying blue ink Balanced resin barrel. Use a distinct angle, arrangement, and tasteful material/color variation while keeping the item recognizable. Single product focus, realistic proportions, soft studio lighting, warm off-white craft-paper background, subtle natural shadow, no text, no logos, no watermark, square composition.	projects/crayons-craft/image/unique-01.png	./image/item.png	./image/unique-01.png
crayons-craft	2	product variation	Crayons	Crayons	Smooth-flowing gel ink brings bright, expressive color to notes, sketches, and everyday ideas.	24 signature ink colors Quick-drying gel ink Comfortable soft-touch grip	A distinct premium catalog photograph of Crayons, variation 2: Crayons. Show the real Crayons object clearly and accurately, with a different physical presentation from every other asset: Smooth-flowing gel ink brings bright, expressive color to notes, sketches, and everyday ideas. Product details: 24 signature ink colors Quick-drying gel ink Comfortable soft-touch grip. Use a distinct angle, arrangement, and tasteful material/color variation while keeping the item recognizable. Single product focus, realistic proportions, soft studio lighting, warm off-white craft-paper background, subtle natural shadow, no text, no logos, no watermark, square composition.	projects/crayons-craft/image/unique-02.png	./image/item.png	./image/unique-02.png
crayons-craft	3	product variation	Crayons	Crayons	Liquid ink glides across the page with effortless flow, expressive line control, and a refined finish.	Silky liquid ink Ultra-smooth writing Premium roller tip	A distinct premium catalog photograph of Crayons, variation 3: Crayons. Show the real Crayons object clearly and accurately, with a different physical presentation from every other asset: Liquid ink glides across the page with effortless flow, expressive line control, and a refined finish. Product details: Silky liquid ink Ultra-smooth writing Premium roller tip. Use a distinct angle, arrangement, and tasteful material/color variation while keeping the item recognizable. Single product focus, realistic proportions, soft studio lighting, warm off-white craft-paper background, subtle natural shadow, no text, no logos, no watermark, square composition.	projects/crayons-craft/image/unique-03.png	./image/item.png	./image/unique-03.png
crayons-craft	4	product variation	Crayons	Crayons	A smooth fountain nib and refillable reservoir turn every page into a more considered writing experience.	Refillable ink system Fine and medium nibs Polished metal nib	A distinct premium catalog photograph of Crayons, variation 4: Crayons. Show the real Crayons object clearly and accurately, with a different physical presentation from every other asset: A smooth fountain nib and refillable reservoir turn every page into a more considered writing experience. Product details: Refillable ink system Fine and medium nibs Polished metal nib. Use a distinct angle, arrangement, and tasteful material/color variation while keeping the item recognizable. Single product focus, realistic proportions, soft studio lighting, warm off-white craft-paper background, subtle natural shadow, no text, no logos, no watermark, square composition.	projects/crayons-craft/image/unique-04.png	./image/item.png	./image/unique-04.png
crayons-craft	5	product variation	Crayons	Crayons	Precise fiber tips create clean, expressive lines for diagrams, journaling, lettering, and detail work.	0.4mm precision tip Fade-resistant black ink Long-lasting fiber point	A distinct premium catalog photograph of Crayons, variation 5: Crayons. Show the real Crayons object clearly and accurately, with a different physical presentation from every other asset: Precise fiber tips create clean, expressive lines for diagrams, journaling, lettering, and detail work. Product details: 0.4mm precision tip Fade-resistant black ink Long-lasting fiber point. Use a distinct angle, arrangement, and tasteful material/color variation while keeping the item recognizable. Single product focus, realistic proportions, soft studio lighting, warm off-white craft-paper background, subtle natural shadow, no text, no logos, no watermark, square composition.	projects/crayons-craft/image/unique-05.png	./image/item.png	./image/unique-05.png
crayons-craft	6	about presentation	Crayons	about presentation 6			A distinct editorial presentation image for a stationery and craft product webpage about Crayons, role about presentation number 6. Feature Crayons as the clear subject in a unique composition, different from every other image in the repository, realistic product photography, soft studio lighting, warm off-white craft-paper background, no text, no logos, no watermark, square composition.	projects/crayons-craft/image/unique-06.png	./image/item.png	./image/unique-06.png
desk-accessories-craft	1	product variation	Desk accessories	Desk accessories	The reliable everyday choice for notes, lists, and long writing sessions, with a clean line and dependable flow.	0.7mm smooth ballpoint tip Quick-drying blue ink Balanced resin barrel	A distinct premium catalog photograph of Desk accessories, variation 1: Desk accessories. Show the real Desk accessories object clearly and accurately, with a different physical presentation from every other asset: The reliable everyday choice for notes, lists, and long writing sessions, with a clean line and dependable flow. Product details: 0.7mm smooth ballpoint tip Quick-drying blue ink Balanced resin barrel. Use a distinct angle, arrangement, and tasteful material/color variation while keeping the item recognizable. Single product focus, realistic proportions, soft studio lighting, warm off-white craft-paper background, subtle natural shadow, no text, no logos, no watermark, square composition.	projects/desk-accessories-craft/image/unique-01.png	./image/item.png	./image/unique-01.png
desk-accessories-craft	2	product variation	Desk accessories	Desk accessories	Smooth-flowing gel ink brings bright, expressive color to notes, sketches, and everyday ideas.	24 signature ink colors Quick-drying gel ink Comfortable soft-touch grip	A distinct premium catalog photograph of Desk accessories, variation 2: Desk accessories. Show the real Desk accessories object clearly and accurately, with a different physical presentation from every other asset: Smooth-flowing gel ink brings bright, expressive color to notes, sketches, and everyday ideas. Product details: 24 signature ink colors Quick-drying gel ink Comfortable soft-touch grip. Use a distinct angle, arrangement, and tasteful material/color variation while keeping the item recognizable. Single product focus, realistic proportions, soft studio lighting, warm off-white craft-paper background, subtle natural shadow, no text, no logos, no watermark, square composition.	projects/desk-accessories-craft/image/unique-02.png	./image/item.png	./image/unique-02.png
desk-accessories-craft	3	product variation	Desk accessories	Desk accessories	Liquid ink glides across the page with effortless flow, expressive line control, and a refined finish.	Silky liquid ink Ultra-smooth writing Premium roller tip	A distinct premium catalog photograph of Desk accessories, variation 3: Desk accessories. Show the real Desk accessories object clearly and accurately, with a different physical presentation from every other asset: Liquid ink glides across the page with effortless flow, expressive line control, and a refined finish. Product details: Silky liquid ink Ultra-smooth writing Premium roller tip. Use a distinct angle, arrangement, and tasteful material/color variation while keeping the item recognizable. Single product focus, realistic proportions, soft studio lighting, warm off-white craft-paper background, subtle natural shadow, no text, no logos, no watermark, square composition.	projects/desk-accessories-craft/image/unique-03.png	./image/item.png	./image/unique-03.png
desk-accessories-craft	4	product variation	Desk accessories	Desk accessories	A smooth fountain nib and refillable reservoir turn every page into a more considered writing experience.	Refillable ink system Fine and medium nibs Polished metal nib	A distinct premium catalog photograph of Desk accessories, variation 4: Desk accessories. Show the real Desk accessories object clearly and accurately, with a different physical presentation from every other asset: A smooth fountain nib and refillable reservoir turn every page into a more considered writing experience. Product details: Refillable ink system Fine and medium nibs Polished metal nib. Use a distinct angle, arrangement, and tasteful material/color variation while keeping the item recognizable. Single product focus, realistic proportions, soft studio lighting, warm off-white craft-paper background, subtle natural shadow, no text, no logos, no watermark, square composition.	projects/desk-accessories-craft/image/unique-04.png	./image/item.png	./image/unique-04.png
desk-accessories-craft	5	product variation	Desk accessories	Desk accessories	Precise fiber tips create clean, expressive lines for diagrams, journaling, lettering, and detail work.	0.4mm precision tip Fade-resistant black ink Long-lasting fiber point	A distinct premium catalog photograph of Desk accessories, variation 5: Desk accessories. Show the real Desk accessories object clearly and accurately, with a different physical presentation from every other asset: Precise fiber tips create clean, expressive lines for diagrams, journaling, lettering, and detail work. Product details: 0.4mm precision tip Fade-resistant black ink Long-lasting fiber point. Use a distinct angle, arrangement, and tasteful material/color variation while keeping the item recognizable. Single product focus, realistic proportions, soft studio lighting, warm off-white craft-paper background, subtle natural shadow, no text, no logos, no watermark, square composition.	projects/desk-accessories-craft/image/unique-05.png	./image/item.png	./image/unique-05.png
desk-accessories-craft	6	about presentation	Desk accessories	about presentation 6			A distinct editorial presentation image for a stationery and craft product webpage about Desk accessories, role about presentation number 6. Feature Desk accessories as the clear subject in a unique composition, different from every other image in the repository, realistic product photography, soft studio lighting, warm off-white craft-paper background, no text, no logos, no watermark, square composition.	projects/desk-accessories-craft/image/unique-06.png	./image/item.png	./image/unique-06.png
desk-calendars-craft	1	product variation	Desk calendars	Desk calendars	The reliable everyday choice for notes, lists, and long writing sessions, with a clean line and dependable flow.	0.7mm smooth ballpoint tip Quick-drying blue ink Balanced resin barrel	A distinct premium catalog photograph of Desk calendars, variation 1: Desk calendars. Show the real Desk calendars object clearly and accurately, with a different physical presentation from every other asset: The reliable everyday choice for notes, lists, and long writing sessions, with a clean line and dependable flow. Product details: 0.7mm smooth ballpoint tip Quick-drying blue ink Balanced resin barrel. Use a distinct angle, arrangement, and tasteful material/color variation while keeping the item recognizable. Single product focus, realistic proportions, soft studio lighting, warm off-white craft-paper background, subtle natural shadow, no text, no logos, no watermark, square composition.	projects/desk-calendars-craft/image/unique-01.png	./image/item.png	./image/unique-01.png
desk-calendars-craft	2	product variation	Desk calendars	Desk calendars	Smooth-flowing gel ink brings bright, expressive color to notes, sketches, and everyday ideas.	24 signature ink colors Quick-drying gel ink Comfortable soft-touch grip	A distinct premium catalog photograph of Desk calendars, variation 2: Desk calendars. Show the real Desk calendars object clearly and accurately, with a different physical presentation from every other asset: Smooth-flowing gel ink brings bright, expressive color to notes, sketches, and everyday ideas. Product details: 24 signature ink colors Quick-drying gel ink Comfortable soft-touch grip. Use a distinct angle, arrangement, and tasteful material/color variation while keeping the item recognizable. Single product focus, realistic proportions, soft studio lighting, warm off-white craft-paper background, subtle natural shadow, no text, no logos, no watermark, square composition.	projects/desk-calendars-craft/image/unique-02.png	./image/item.png	./image/unique-02.png
desk-calendars-craft	3	product variation	Desk calendars	Desk calendars	Liquid ink glides across the page with effortless flow, expressive line control, and a refined finish.	Silky liquid ink Ultra-smooth writing Premium roller tip	A distinct premium catalog photograph of Desk calendars, variation 3: Desk calendars. Show the real Desk calendars object clearly and accurately, with a different physical presentation from every other asset: Liquid ink glides across the page with effortless flow, expressive line control, and a refined finish. Product details: Silky liquid ink Ultra-smooth writing Premium roller tip. Use a distinct angle, arrangement, and tasteful material/color variation while keeping the item recognizable. Single product focus, realistic proportions, soft studio lighting, warm off-white craft-paper background, subtle natural shadow, no text, no logos, no watermark, square composition.	projects/desk-calendars-craft/image/unique-03.png	./image/item.png	./image/unique-03.png
desk-calendars-craft	4	product variation	Desk calendars	Desk calendars	A smooth fountain nib and refillable reservoir turn every page into a more considered writing experience.	Refillable ink system Fine and medium nibs Polished metal nib	A distinct premium catalog photograph of Desk calendars, variation 4: Desk calendars. Show the real Desk calendars object clearly and accurately, with a different physical presentation from every other asset: A smooth fountain nib and refillable reservoir turn every page into a more considered writing experience. Product details: Refillable ink system Fine and medium nibs Polished metal nib. Use a distinct angle, arrangement, and tasteful material/color variation while keeping the item recognizable. Single product focus, realistic proportions, soft studio lighting, warm off-white craft-paper background, subtle natural shadow, no text, no logos, no watermark, square composition.	projects/desk-calendars-craft/image/unique-04.png	./image/item.png	./image/unique-04.png
desk-calendars-craft	5	product variation	Desk calendars	Desk calendars	Precise fiber tips create clean, expressive lines for diagrams, journaling, lettering, and detail work.	0.4mm precision tip Fade-resistant black ink Long-lasting fiber point	A distinct premium catalog photograph of Desk calendars, variation 5: Desk calendars. Show the real Desk calendars object clearly and accurately, with a different physical presentation from every other asset: Precise fiber tips create clean, expressive lines for diagrams, journaling, lettering, and detail work. Product details: 0.4mm precision tip Fade-resistant black ink Long-lasting fiber point. Use a distinct angle, arrangement, and tasteful material/color variation while keeping the item recognizable. Single product focus, realistic proportions, soft studio lighting, warm off-white craft-paper background, subtle natural shadow, no text, no logos, no watermark, square composition.	projects/desk-calendars-craft/image/unique-05.png	./image/item.png	./image/unique-05.png
desk-calendars-craft	6	about presentation	Desk calendars	about presentation 6			A distinct editorial presentation image for a stationery and craft product webpage about Desk calendars, role about presentation number 6. Feature Desk calendars as the clear subject in a unique composition, different from every other image in the repository, realistic product photography, soft studio lighting, warm off-white craft-paper background, no text, no logos, no watermark, square composition.	projects/desk-calendars-craft/image/unique-06.png	./image/item.png	./image/unique-06.png
desk-gift-sets-craft	1	product variation	Desk gift sets	Desk gift sets	The reliable everyday choice for notes, lists, and long writing sessions, with a clean line and dependable flow.	0.7mm smooth ballpoint tip Quick-drying blue ink Balanced resin barrel	A distinct premium catalog photograph of Desk gift sets, variation 1: Desk gift sets. Show the real Desk gift sets object clearly and accurately, with a different physical presentation from every other asset: The reliable everyday choice for notes, lists, and long writing sessions, with a clean line and dependable flow. Product details: 0.7mm smooth ballpoint tip Quick-drying blue ink Balanced resin barrel. Use a distinct angle, arrangement, and tasteful material/color variation while keeping the item recognizable. Single product focus, realistic proportions, soft studio lighting, warm off-white craft-paper background, subtle natural shadow, no text, no logos, no watermark, square composition.	projects/desk-gift-sets-craft/image/unique-01.png	./image/item.png	./image/unique-01.png
desk-gift-sets-craft	2	product variation	Desk gift sets	Desk gift sets	Smooth-flowing gel ink brings bright, expressive color to notes, sketches, and everyday ideas.	24 signature ink colors Quick-drying gel ink Comfortable soft-touch grip	A distinct premium catalog photograph of Desk gift sets, variation 2: Desk gift sets. Show the real Desk gift sets object clearly and accurately, with a different physical presentation from every other asset: Smooth-flowing gel ink brings bright, expressive color to notes, sketches, and everyday ideas. Product details: 24 signature ink colors Quick-drying gel ink Comfortable soft-touch grip. Use a distinct angle, arrangement, and tasteful material/color variation while keeping the item recognizable. Single product focus, realistic proportions, soft studio lighting, warm off-white craft-paper background, subtle natural shadow, no text, no logos, no watermark, square composition.	projects/desk-gift-sets-craft/image/unique-02.png	./image/item.png	./image/unique-02.png
desk-gift-sets-craft	3	product variation	Desk gift sets	Desk gift sets	Liquid ink glides across the page with effortless flow, expressive line control, and a refined finish.	Silky liquid ink Ultra-smooth writing Premium roller tip	A distinct premium catalog photograph of Desk gift sets, variation 3: Desk gift sets. Show the real Desk gift sets object clearly and accurately, with a different physical presentation from every other asset: Liquid ink glides across the page with effortless flow, expressive line control, and a refined finish. Product details: Silky liquid ink Ultra-smooth writing Premium roller tip. Use a distinct angle, arrangement, and tasteful material/color variation while keeping the item recognizable. Single product focus, realistic proportions, soft studio lighting, warm off-white craft-paper background, subtle natural shadow, no text, no logos, no watermark, square composition.	projects/desk-gift-sets-craft/image/unique-03.png	./image/item.png	./image/unique-03.png
desk-gift-sets-craft	4	product variation	Desk gift sets	Desk gift sets	A smooth fountain nib and refillable reservoir turn every page into a more considered writing experience.	Refillable ink system Fine and medium nibs Polished metal nib	A distinct premium catalog photograph of Desk gift sets, variation 4: Desk gift sets. Show the real Desk gift sets object clearly and accurately, with a different physical presentation from every other asset: A smooth fountain nib and refillable reservoir turn every page into a more considered writing experience. Product details: Refillable ink system Fine and medium nibs Polished metal nib. Use a distinct angle, arrangement, and tasteful material/color variation while keeping the item recognizable. Single product focus, realistic proportions, soft studio lighting, warm off-white craft-paper background, subtle natural shadow, no text, no logos, no watermark, square composition.	projects/desk-gift-sets-craft/image/unique-04.png	./image/item.png	./image/unique-04.png
desk-gift-sets-craft	5	product variation	Desk gift sets	Desk gift sets	Precise fiber tips create clean, expressive lines for diagrams, journaling, lettering, and detail work.	0.4mm precision tip Fade-resistant black ink Long-lasting fiber point	A distinct premium catalog photograph of Desk gift sets, variation 5: Desk gift sets. Show the real Desk gift sets object clearly and accurately, with a different physical presentation from every other asset: Precise fiber tips create clean, expressive lines for diagrams, journaling, lettering, and detail work. Product details: 0.4mm precision tip Fade-resistant black ink Long-lasting fiber point. Use a distinct angle, arrangement, and tasteful material/color variation while keeping the item recognizable. Single product focus, realistic proportions, soft studio lighting, warm off-white craft-paper background, subtle natural shadow, no text, no logos, no watermark, square composition.	projects/desk-gift-sets-craft/image/unique-05.png	./image/item.png	./image/unique-05.png
desk-gift-sets-craft	6	about presentation	Desk gift sets	about presentation 6			A distinct editorial presentation image for a stationery and craft product webpage about Desk gift sets, role about presentation number 6. Feature Desk gift sets as the clear subject in a unique composition, different from every other image in the repository, realistic product photography, soft studio lighting, warm off-white craft-paper background, no text, no logos, no watermark, square composition.	projects/desk-gift-sets-craft/image/unique-06.png	./image/item.png	./image/unique-06.png
desk-organizers-craft	1	product variation	Desk organizers	Desk organizers	The reliable everyday choice for notes, lists, and long writing sessions, with a clean line and dependable flow.	0.7mm smooth ballpoint tip Quick-drying blue ink Balanced resin barrel	A distinct premium catalog photograph of Desk organizers, variation 1: Desk organizers. Show the real Desk organizers object clearly and accurately, with a different physical presentation from every other asset: The reliable everyday choice for notes, lists, and long writing sessions, with a clean line and dependable flow. Product details: 0.7mm smooth ballpoint tip Quick-drying blue ink Balanced resin barrel. Use a distinct angle, arrangement, and tasteful material/color variation while keeping the item recognizable. Single product focus, realistic proportions, soft studio lighting, warm off-white craft-paper background, subtle natural shadow, no text, no logos, no watermark, square composition.	projects/desk-organizers-craft/image/unique-01.png	./image/item.png	./image/unique-01.png
desk-organizers-craft	2	product variation	Desk organizers	Desk organizers	Smooth-flowing gel ink brings bright, expressive color to notes, sketches, and everyday ideas.	24 signature ink colors Quick-drying gel ink Comfortable soft-touch grip	A distinct premium catalog photograph of Desk organizers, variation 2: Desk organizers. Show the real Desk organizers object clearly and accurately, with a different physical presentation from every other asset: Smooth-flowing gel ink brings bright, expressive color to notes, sketches, and everyday ideas. Product details: 24 signature ink colors Quick-drying gel ink Comfortable soft-touch grip. Use a distinct angle, arrangement, and tasteful material/color variation while keeping the item recognizable. Single product focus, realistic proportions, soft studio lighting, warm off-white craft-paper background, subtle natural shadow, no text, no logos, no watermark, square composition.	projects/desk-organizers-craft/image/unique-02.png	./image/item.png	./image/unique-02.png
desk-organizers-craft	3	product variation	Desk organizers	Desk organizers	Liquid ink glides across the page with effortless flow, expressive line control, and a refined finish.	Silky liquid ink Ultra-smooth writing Premium roller tip	A distinct premium catalog photograph of Desk organizers, variation 3: Desk organizers. Show the real Desk organizers object clearly and accurately, with a different physical presentation from every other asset: Liquid ink glides across the page with effortless flow, expressive line control, and a refined finish. Product details: Silky liquid ink Ultra-smooth writing Premium roller tip. Use a distinct angle, arrangement, and tasteful material/color variation while keeping the item recognizable. Single product focus, realistic proportions, soft studio lighting, warm off-white craft-paper background, subtle natural shadow, no text, no logos, no watermark, square composition.	projects/desk-organizers-craft/image/unique-03.png	./image/item.png	./image/unique-03.png
desk-organizers-craft	4	product variation	Desk organizers	Desk organizers	A smooth fountain nib and refillable reservoir turn every page into a more considered writing experience.	Refillable ink system Fine and medium nibs Polished metal nib	A distinct premium catalog photograph of Desk organizers, variation 4: Desk organizers. Show the real Desk organizers object clearly and accurately, with a different physical presentation from every other asset: A smooth fountain nib and refillable reservoir turn every page into a more considered writing experience. Product details: Refillable ink system Fine and medium nibs Polished metal nib. Use a distinct angle, arrangement, and tasteful material/color variation while keeping the item recognizable. Single product focus, realistic proportions, soft studio lighting, warm off-white craft-paper background, subtle natural shadow, no text, no logos, no watermark, square composition.	projects/desk-organizers-craft/image/unique-04.png	./image/item.png	./image/unique-04.png
desk-organizers-craft	5	product variation	Desk organizers	Desk organizers	Precise fiber tips create clean, expressive lines for diagrams, journaling, lettering, and detail work.	0.4mm precision tip Fade-resistant black ink Long-lasting fiber point	A distinct premium catalog photograph of Desk organizers, variation 5: Desk organizers. Show the real Desk organizers object clearly and accurately, with a different physical presentation from every other asset: Precise fiber tips create clean, expressive lines for diagrams, journaling, lettering, and detail work. Product details: 0.4mm precision tip Fade-resistant black ink Long-lasting fiber point. Use a distinct angle, arrangement, and tasteful material/color variation while keeping the item recognizable. Single product focus, realistic proportions, soft studio lighting, warm off-white craft-paper background, subtle natural shadow, no text, no logos, no watermark, square composition.	projects/desk-organizers-craft/image/unique-05.png	./image/item.png	./image/unique-05.png
desk-organizers-craft	6	about presentation	Desk organizers	about presentation 6			A distinct editorial presentation image for a stationery and craft product webpage about Desk organizers, role about presentation number 6. Feature Desk organizers as the clear subject in a unique composition, different from every other image in the repository, realistic product photography, soft studio lighting, warm off-white craft-paper background, no text, no logos, no watermark, square composition.	projects/desk-organizers-craft/image/unique-06.png	./image/item.png	./image/unique-06.png
desk-pads-craft	1	product variation	Desk pads	Desk pads	The reliable everyday choice for notes, lists, and long writing sessions, with a clean line and dependable flow.	0.7mm smooth ballpoint tip Quick-drying blue ink Balanced resin barrel	A distinct premium catalog photograph of Desk pads, variation 1: Desk pads. Show the real Desk pads object clearly and accurately, with a different physical presentation from every other asset: The reliable everyday choice for notes, lists, and long writing sessions, with a clean line and dependable flow. Product details: 0.7mm smooth ballpoint tip Quick-drying blue ink Balanced resin barrel. Use a distinct angle, arrangement, and tasteful material/color variation while keeping the item recognizable. Single product focus, realistic proportions, soft studio lighting, warm off-white craft-paper background, subtle natural shadow, no text, no logos, no watermark, square composition.	projects/desk-pads-craft/image/unique-01.png	./image/item.png	./image/unique-01.png
desk-pads-craft	2	product variation	Desk pads	Desk pads	Smooth-flowing gel ink brings bright, expressive color to notes, sketches, and everyday ideas.	24 signature ink colors Quick-drying gel ink Comfortable soft-touch grip	A distinct premium catalog photograph of Desk pads, variation 2: Desk pads. Show the real Desk pads object clearly and accurately, with a different physical presentation from every other asset: Smooth-flowing gel ink brings bright, expressive color to notes, sketches, and everyday ideas. Product details: 24 signature ink colors Quick-drying gel ink Comfortable soft-touch grip. Use a distinct angle, arrangement, and tasteful material/color variation while keeping the item recognizable. Single product focus, realistic proportions, soft studio lighting, warm off-white craft-paper background, subtle natural shadow, no text, no logos, no watermark, square composition.	projects/desk-pads-craft/image/unique-02.png	./image/item.png	./image/unique-02.png
desk-pads-craft	3	product variation	Desk pads	Desk pads	Liquid ink glides across the page with effortless flow, expressive line control, and a refined finish.	Silky liquid ink Ultra-smooth writing Premium roller tip	A distinct premium catalog photograph of Desk pads, variation 3: Desk pads. Show the real Desk pads object clearly and accurately, with a different physical presentation from every other asset: Liquid ink glides across the page with effortless flow, expressive line control, and a refined finish. Product details: Silky liquid ink Ultra-smooth writing Premium roller tip. Use a distinct angle, arrangement, and tasteful material/color variation while keeping the item recognizable. Single product focus, realistic proportions, soft studio lighting, warm off-white craft-paper background, subtle natural shadow, no text, no logos, no watermark, square composition.	projects/desk-pads-craft/image/unique-03.png	./image/item.png	./image/unique-03.png
desk-pads-craft	4	product variation	Desk pads	Desk pads	A smooth fountain nib and refillable reservoir turn every page into a more considered writing experience.	Refillable ink system Fine and medium nibs Polished metal nib	A distinct premium catalog photograph of Desk pads, variation 4: Desk pads. Show the real Desk pads object clearly and accurately, with a different physical presentation from every other asset: A smooth fountain nib and refillable reservoir turn every page into a more considered writing experience. Product details: Refillable ink system Fine and medium nibs Polished metal nib. Use a distinct angle, arrangement, and tasteful material/color variation while keeping the item recognizable. Single product focus, realistic proportions, soft studio lighting, warm off-white craft-paper background, subtle natural shadow, no text, no logos, no watermark, square composition.	projects/desk-pads-craft/image/unique-04.png	./image/item.png	./image/unique-04.png
desk-pads-craft	5	product variation	Desk pads	Desk pads	Precise fiber tips create clean, expressive lines for diagrams, journaling, lettering, and detail work.	0.4mm precision tip Fade-resistant black ink Long-lasting fiber point	A distinct premium catalog photograph of Desk pads, variation 5: Desk pads. Show the real Desk pads object clearly and accurately, with a different physical presentation from every other asset: Precise fiber tips create clean, expressive lines for diagrams, journaling, lettering, and detail work. Product details: 0.4mm precision tip Fade-resistant black ink Long-lasting fiber point. Use a distinct angle, arrangement, and tasteful material/color variation while keeping the item recognizable. Single product focus, realistic proportions, soft studio lighting, warm off-white craft-paper background, subtle natural shadow, no text, no logos, no watermark, square composition.	projects/desk-pads-craft/image/unique-05.png	./image/item.png	./image/unique-05.png
desk-pads-craft	6	about presentation	Desk pads	about presentation 6			A distinct editorial presentation image for a stationery and craft product webpage about Desk pads, role about presentation number 6. Feature Desk pads as the clear subject in a unique composition, different from every other image in the repository, realistic product photography, soft studio lighting, warm off-white craft-paper background, no text, no logos, no watermark, square composition.	projects/desk-pads-craft/image/unique-06.png	./image/item.png	./image/unique-06.png
diaries-and-planners-craft	1	product variation	Diaries and planners	Diaries and planners	The reliable everyday choice for notes, lists, and long writing sessions, with a clean line and dependable flow.	0.7mm smooth ballpoint tip Quick-drying blue ink Balanced resin barrel	A distinct premium catalog photograph of Diaries and planners, variation 1: Diaries and planners. Show the real Diaries and planners object clearly and accurately, with a different physical presentation from every other asset: The reliable everyday choice for notes, lists, and long writing sessions, with a clean line and dependable flow. Product details: 0.7mm smooth ballpoint tip Quick-drying blue ink Balanced resin barrel. Use a distinct angle, arrangement, and tasteful material/color variation while keeping the item recognizable. Single product focus, realistic proportions, soft studio lighting, warm off-white craft-paper background, subtle natural shadow, no text, no logos, no watermark, square composition.	projects/diaries-and-planners-craft/image/unique-01.png	./image/item.png	./image/unique-01.png
diaries-and-planners-craft	2	product variation	Diaries and planners	Diaries and planners	Smooth-flowing gel ink brings bright, expressive color to notes, sketches, and everyday ideas.	24 signature ink colors Quick-drying gel ink Comfortable soft-touch grip	A distinct premium catalog photograph of Diaries and planners, variation 2: Diaries and planners. Show the real Diaries and planners object clearly and accurately, with a different physical presentation from every other asset: Smooth-flowing gel ink brings bright, expressive color to notes, sketches, and everyday ideas. Product details: 24 signature ink colors Quick-drying gel ink Comfortable soft-touch grip. Use a distinct angle, arrangement, and tasteful material/color variation while keeping the item recognizable. Single product focus, realistic proportions, soft studio lighting, warm off-white craft-paper background, subtle natural shadow, no text, no logos, no watermark, square composition.	projects/diaries-and-planners-craft/image/unique-02.png	./image/item.png	./image/unique-02.png
diaries-and-planners-craft	3	product variation	Diaries and planners	Diaries and planners	Liquid ink glides across the page with effortless flow, expressive line control, and a refined finish.	Silky liquid ink Ultra-smooth writing Premium roller tip	A distinct premium catalog photograph of Diaries and planners, variation 3: Diaries and planners. Show the real Diaries and planners object clearly and accurately, with a different physical presentation from every other asset: Liquid ink glides across the page with effortless flow, expressive line control, and a refined finish. Product details: Silky liquid ink Ultra-smooth writing Premium roller tip. Use a distinct angle, arrangement, and tasteful material/color variation while keeping the item recognizable. Single product focus, realistic proportions, soft studio lighting, warm off-white craft-paper background, subtle natural shadow, no text, no logos, no watermark, square composition.	projects/diaries-and-planners-craft/image/unique-03.png	./image/item.png	./image/unique-03.png
diaries-and-planners-craft	4	product variation	Diaries and planners	Diaries and planners	A smooth fountain nib and refillable reservoir turn every page into a more considered writing experience.	Refillable ink system Fine and medium nibs Polished metal nib	A distinct premium catalog photograph of Diaries and planners, variation 4: Diaries and planners. Show the real Diaries and planners object clearly and accurately, with a different physical presentation from every other asset: A smooth fountain nib and refillable reservoir turn every page into a more considered writing experience. Product details: Refillable ink system Fine and medium nibs Polished metal nib. Use a distinct angle, arrangement, and tasteful material/color variation while keeping the item recognizable. Single product focus, realistic proportions, soft studio lighting, warm off-white craft-paper background, subtle natural shadow, no text, no logos, no watermark, square composition.	projects/diaries-and-planners-craft/image/unique-04.png	./image/item.png	./image/unique-04.png
diaries-and-planners-craft	5	product variation	Diaries and planners	Diaries and planners	Precise fiber tips create clean, expressive lines for diagrams, journaling, lettering, and detail work.	0.4mm precision tip Fade-resistant black ink Long-lasting fiber point	A distinct premium catalog photograph of Diaries and planners, variation 5: Diaries and planners. Show the real Diaries and planners object clearly and accurately, with a different physical presentation from every other asset: Precise fiber tips create clean, expressive lines for diagrams, journaling, lettering, and detail work. Product details: 0.4mm precision tip Fade-resistant black ink Long-lasting fiber point. Use a distinct angle, arrangement, and tasteful material/color variation while keeping the item recognizable. Single product focus, realistic proportions, soft studio lighting, warm off-white craft-paper background, subtle natural shadow, no text, no logos, no watermark, square composition.	projects/diaries-and-planners-craft/image/unique-05.png	./image/item.png	./image/unique-05.png
diaries-and-planners-craft	6	about presentation	Diaries and planners	about presentation 6			A distinct editorial presentation image for a stationery and craft product webpage about Diaries and planners, role about presentation number 6. Feature Diaries and planners as the clear subject in a unique composition, different from every other image in the repository, realistic product photography, soft studio lighting, warm off-white craft-paper background, no text, no logos, no watermark, square composition.	projects/diaries-and-planners-craft/image/unique-06.png	./image/item.png	./image/unique-06.png
document-bags-craft	1	product variation	Document bags	Document bags	The reliable everyday choice for notes, lists, and long writing sessions, with a clean line and dependable flow.	0.7mm smooth ballpoint tip Quick-drying blue ink Balanced resin barrel	A distinct premium catalog photograph of Document bags, variation 1: Document bags. Show the real Document bags object clearly and accurately, with a different physical presentation from every other asset: The reliable everyday choice for notes, lists, and long writing sessions, with a clean line and dependable flow. Product details: 0.7mm smooth ballpoint tip Quick-drying blue ink Balanced resin barrel. Use a distinct angle, arrangement, and tasteful material/color variation while keeping the item recognizable. Single product focus, realistic proportions, soft studio lighting, warm off-white craft-paper background, subtle natural shadow, no text, no logos, no watermark, square composition.	projects/document-bags-craft/image/unique-01.png	./image/item.png	./image/unique-01.png
document-bags-craft	2	product variation	Document bags	Document bags	Smooth-flowing gel ink brings bright, expressive color to notes, sketches, and everyday ideas.	24 signature ink colors Quick-drying gel ink Comfortable soft-touch grip	A distinct premium catalog photograph of Document bags, variation 2: Document bags. Show the real Document bags object clearly and accurately, with a different physical presentation from every other asset: Smooth-flowing gel ink brings bright, expressive color to notes, sketches, and everyday ideas. Product details: 24 signature ink colors Quick-drying gel ink Comfortable soft-touch grip. Use a distinct angle, arrangement, and tasteful material/color variation while keeping the item recognizable. Single product focus, realistic proportions, soft studio lighting, warm off-white craft-paper background, subtle natural shadow, no text, no logos, no watermark, square composition.	projects/document-bags-craft/image/unique-02.png	./image/item.png	./image/unique-02.png
document-bags-craft	3	product variation	Document bags	Document bags	Liquid ink glides across the page with effortless flow, expressive line control, and a refined finish.	Silky liquid ink Ultra-smooth writing Premium roller tip	A distinct premium catalog photograph of Document bags, variation 3: Document bags. Show the real Document bags object clearly and accurately, with a different physical presentation from every other asset: Liquid ink glides across the page with effortless flow, expressive line control, and a refined finish. Product details: Silky liquid ink Ultra-smooth writing Premium roller tip. Use a distinct angle, arrangement, and tasteful material/color variation while keeping the item recognizable. Single product focus, realistic proportions, soft studio lighting, warm off-white craft-paper background, subtle natural shadow, no text, no logos, no watermark, square composition.	projects/document-bags-craft/image/unique-03.png	./image/item.png	./image/unique-03.png
document-bags-craft	4	product variation	Document bags	Document bags	A smooth fountain nib and refillable reservoir turn every page into a more considered writing experience.	Refillable ink system Fine and medium nibs Polished metal nib	A distinct premium catalog photograph of Document bags, variation 4: Document bags. Show the real Document bags object clearly and accurately, with a different physical presentation from every other asset: A smooth fountain nib and refillable reservoir turn every page into a more considered writing experience. Product details: Refillable ink system Fine and medium nibs Polished metal nib. Use a distinct angle, arrangement, and tasteful material/color variation while keeping the item recognizable. Single product focus, realistic proportions, soft studio lighting, warm off-white craft-paper background, subtle natural shadow, no text, no logos, no watermark, square composition.	projects/document-bags-craft/image/unique-04.png	./image/item.png	./image/unique-04.png
document-bags-craft	5	product variation	Document bags	Document bags	Precise fiber tips create clean, expressive lines for diagrams, journaling, lettering, and detail work.	0.4mm precision tip Fade-resistant black ink Long-lasting fiber point	A distinct premium catalog photograph of Document bags, variation 5: Document bags. Show the real Document bags object clearly and accurately, with a different physical presentation from every other asset: Precise fiber tips create clean, expressive lines for diagrams, journaling, lettering, and detail work. Product details: 0.4mm precision tip Fade-resistant black ink Long-lasting fiber point. Use a distinct angle, arrangement, and tasteful material/color variation while keeping the item recognizable. Single product focus, realistic proportions, soft studio lighting, warm off-white craft-paper background, subtle natural shadow, no text, no logos, no watermark, square composition.	projects/document-bags-craft/image/unique-05.png	./image/item.png	./image/unique-05.png
document-bags-craft	6	about presentation	Document bags	about presentation 6			A distinct editorial presentation image for a stationery and craft product webpage about Document bags, role about presentation number 6. Feature Document bags as the clear subject in a unique composition, different from every other image in the repository, realistic product photography, soft studio lighting, warm off-white craft-paper background, no text, no logos, no watermark, square composition.	projects/document-bags-craft/image/unique-06.png	./image/item.png	./image/unique-06.png
document-folders-craft	1	product variation	Document folders	Document folders	The reliable everyday choice for notes, lists, and long writing sessions, with a clean line and dependable flow.	0.7mm smooth ballpoint tip Quick-drying blue ink Balanced resin barrel	A distinct premium catalog photograph of Document folders, variation 1: Document folders. Show the real Document folders object clearly and accurately, with a different physical presentation from every other asset: The reliable everyday choice for notes, lists, and long writing sessions, with a clean line and dependable flow. Product details: 0.7mm smooth ballpoint tip Quick-drying blue ink Balanced resin barrel. Use a distinct angle, arrangement, and tasteful material/color variation while keeping the item recognizable. Single product focus, realistic proportions, soft studio lighting, warm off-white craft-paper background, subtle natural shadow, no text, no logos, no watermark, square composition.	projects/document-folders-craft/image/unique-01.png	./image/item.png	./image/unique-01.png
document-folders-craft	2	product variation	Document folders	Document folders	Smooth-flowing gel ink brings bright, expressive color to notes, sketches, and everyday ideas.	24 signature ink colors Quick-drying gel ink Comfortable soft-touch grip	A distinct premium catalog photograph of Document folders, variation 2: Document folders. Show the real Document folders object clearly and accurately, with a different physical presentation from every other asset: Smooth-flowing gel ink brings bright, expressive color to notes, sketches, and everyday ideas. Product details: 24 signature ink colors Quick-drying gel ink Comfortable soft-touch grip. Use a distinct angle, arrangement, and tasteful material/color variation while keeping the item recognizable. Single product focus, realistic proportions, soft studio lighting, warm off-white craft-paper background, subtle natural shadow, no text, no logos, no watermark, square composition.	projects/document-folders-craft/image/unique-02.png	./image/item.png	./image/unique-02.png
document-folders-craft	3	product variation	Document folders	Document folders	Liquid ink glides across the page with effortless flow, expressive line control, and a refined finish.	Silky liquid ink Ultra-smooth writing Premium roller tip	A distinct premium catalog photograph of Document folders, variation 3: Document folders. Show the real Document folders object clearly and accurately, with a different physical presentation from every other asset: Liquid ink glides across the page with effortless flow, expressive line control, and a refined finish. Product details: Silky liquid ink Ultra-smooth writing Premium roller tip. Use a distinct angle, arrangement, and tasteful material/color variation while keeping the item recognizable. Single product focus, realistic proportions, soft studio lighting, warm off-white craft-paper background, subtle natural shadow, no text, no logos, no watermark, square composition.	projects/document-folders-craft/image/unique-03.png	./image/item.png	./image/unique-03.png
document-folders-craft	4	product variation	Document folders	Document folders	A smooth fountain nib and refillable reservoir turn every page into a more considered writing experience.	Refillable ink system Fine and medium nibs Polished metal nib	A distinct premium catalog photograph of Document folders, variation 4: Document folders. Show the real Document folders object clearly and accurately, with a different physical presentation from every other asset: A smooth fountain nib and refillable reservoir turn every page into a more considered writing experience. Product details: Refillable ink system Fine and medium nibs Polished metal nib. Use a distinct angle, arrangement, and tasteful material/color variation while keeping the item recognizable. Single product focus, realistic proportions, soft studio lighting, warm off-white craft-paper background, subtle natural shadow, no text, no logos, no watermark, square composition.	projects/document-folders-craft/image/unique-04.png	./image/item.png	./image/unique-04.png
document-folders-craft	5	product variation	Document folders	Document folders	Precise fiber tips create clean, expressive lines for diagrams, journaling, lettering, and detail work.	0.4mm precision tip Fade-resistant black ink Long-lasting fiber point	A distinct premium catalog photograph of Document folders, variation 5: Document folders. Show the real Document folders object clearly and accurately, with a different physical presentation from every other asset: Precise fiber tips create clean, expressive lines for diagrams, journaling, lettering, and detail work. Product details: 0.4mm precision tip Fade-resistant black ink Long-lasting fiber point. Use a distinct angle, arrangement, and tasteful material/color variation while keeping the item recognizable. Single product focus, realistic proportions, soft studio lighting, warm off-white craft-paper background, subtle natural shadow, no text, no logos, no watermark, square composition.	projects/document-folders-craft/image/unique-05.png	./image/item.png	./image/unique-05.png
document-folders-craft	6	about presentation	Document folders	about presentation 6			A distinct editorial presentation image for a stationery and craft product webpage about Document folders, role about presentation number 6. Feature Document folders as the clear subject in a unique composition, different from every other image in the repository, realistic product photography, soft studio lighting, warm off-white craft-paper background, no text, no logos, no watermark, square composition.	projects/document-folders-craft/image/unique-06.png	./image/item.png	./image/unique-06.png
document-wallets-craft	1	product variation	Document wallets	Document wallets	The reliable everyday choice for notes, lists, and long writing sessions, with a clean line and dependable flow.	0.7mm smooth ballpoint tip Quick-drying blue ink Balanced resin barrel	A distinct premium catalog photograph of Document wallets, variation 1: Document wallets. Show the real Document wallets object clearly and accurately, with a different physical presentation from every other asset: The reliable everyday choice for notes, lists, and long writing sessions, with a clean line and dependable flow. Product details: 0.7mm smooth ballpoint tip Quick-drying blue ink Balanced resin barrel. Use a distinct angle, arrangement, and tasteful material/color variation while keeping the item recognizable. Single product focus, realistic proportions, soft studio lighting, warm off-white craft-paper background, subtle natural shadow, no text, no logos, no watermark, square composition.	projects/document-wallets-craft/image/unique-01.png	./image/item.png	./image/unique-01.png
document-wallets-craft	2	product variation	Document wallets	Document wallets	Smooth-flowing gel ink brings bright, expressive color to notes, sketches, and everyday ideas.	24 signature ink colors Quick-drying gel ink Comfortable soft-touch grip	A distinct premium catalog photograph of Document wallets, variation 2: Document wallets. Show the real Document wallets object clearly and accurately, with a different physical presentation from every other asset: Smooth-flowing gel ink brings bright, expressive color to notes, sketches, and everyday ideas. Product details: 24 signature ink colors Quick-drying gel ink Comfortable soft-touch grip. Use a distinct angle, arrangement, and tasteful material/color variation while keeping the item recognizable. Single product focus, realistic proportions, soft studio lighting, warm off-white craft-paper background, subtle natural shadow, no text, no logos, no watermark, square composition.	projects/document-wallets-craft/image/unique-02.png	./image/item.png	./image/unique-02.png
document-wallets-craft	3	product variation	Document wallets	Document wallets	Liquid ink glides across the page with effortless flow, expressive line control, and a refined finish.	Silky liquid ink Ultra-smooth writing Premium roller tip	A distinct premium catalog photograph of Document wallets, variation 3: Document wallets. Show the real Document wallets object clearly and accurately, with a different physical presentation from every other asset: Liquid ink glides across the page with effortless flow, expressive line control, and a refined finish. Product details: Silky liquid ink Ultra-smooth writing Premium roller tip. Use a distinct angle, arrangement, and tasteful material/color variation while keeping the item recognizable. Single product focus, realistic proportions, soft studio lighting, warm off-white craft-paper background, subtle natural shadow, no text, no logos, no watermark, square composition.	projects/document-wallets-craft/image/unique-03.png	./image/item.png	./image/unique-03.png
document-wallets-craft	4	product variation	Document wallets	Document wallets	A smooth fountain nib and refillable reservoir turn every page into a more considered writing experience.	Refillable ink system Fine and medium nibs Polished metal nib	A distinct premium catalog photograph of Document wallets, variation 4: Document wallets. Show the real Document wallets object clearly and accurately, with a different physical presentation from every other asset: A smooth fountain nib and refillable reservoir turn every page into a more considered writing experience. Product details: Refillable ink system Fine and medium nibs Polished metal nib. Use a distinct angle, arrangement, and tasteful material/color variation while keeping the item recognizable. Single product focus, realistic proportions, soft studio lighting, warm off-white craft-paper background, subtle natural shadow, no text, no logos, no watermark, square composition.	projects/document-wallets-craft/image/unique-04.png	./image/item.png	./image/unique-04.png
document-wallets-craft	5	product variation	Document wallets	Document wallets	Precise fiber tips create clean, expressive lines for diagrams, journaling, lettering, and detail work.	0.4mm precision tip Fade-resistant black ink Long-lasting fiber point	A distinct premium catalog photograph of Document wallets, variation 5: Document wallets. Show the real Document wallets object clearly and accurately, with a different physical presentation from every other asset: Precise fiber tips create clean, expressive lines for diagrams, journaling, lettering, and detail work. Product details: 0.4mm precision tip Fade-resistant black ink Long-lasting fiber point. Use a distinct angle, arrangement, and tasteful material/color variation while keeping the item recognizable. Single product focus, realistic proportions, soft studio lighting, warm off-white craft-paper background, subtle natural shadow, no text, no logos, no watermark, square composition.	projects/document-wallets-craft/image/unique-05.png	./image/item.png	./image/unique-05.png
document-wallets-craft	6	about presentation	Document wallets	about presentation 6			A distinct editorial presentation image for a stationery and craft product webpage about Document wallets, role about presentation number 6. Feature Document wallets as the clear subject in a unique composition, different from every other image in the repository, realistic product photography, soft studio lighting, warm off-white craft-paper background, no text, no logos, no watermark, square composition.	projects/document-wallets-craft/image/unique-06.png	./image/item.png	./image/unique-06.png
double-sided-tape-craft	1	product variation	Double-sided tape	Double-sided tape	The reliable everyday choice for notes, lists, and long writing sessions, with a clean line and dependable flow.	0.7mm smooth ballpoint tip Quick-drying blue ink Balanced resin barrel	A distinct premium catalog photograph of Double-sided tape, variation 1: Double-sided tape. Show the real Double-sided tape object clearly and accurately, with a different physical presentation from every other asset: The reliable everyday choice for notes, lists, and long writing sessions, with a clean line and dependable flow. Product details: 0.7mm smooth ballpoint tip Quick-drying blue ink Balanced resin barrel. Use a distinct angle, arrangement, and tasteful material/color variation while keeping the item recognizable. Single product focus, realistic proportions, soft studio lighting, warm off-white craft-paper background, subtle natural shadow, no text, no logos, no watermark, square composition.	projects/double-sided-tape-craft/image/unique-01.png	./image/item.png	./image/unique-01.png
double-sided-tape-craft	2	product variation	Double-sided tape	Double-sided tape	Smooth-flowing gel ink brings bright, expressive color to notes, sketches, and everyday ideas.	24 signature ink colors Quick-drying gel ink Comfortable soft-touch grip	A distinct premium catalog photograph of Double-sided tape, variation 2: Double-sided tape. Show the real Double-sided tape object clearly and accurately, with a different physical presentation from every other asset: Smooth-flowing gel ink brings bright, expressive color to notes, sketches, and everyday ideas. Product details: 24 signature ink colors Quick-drying gel ink Comfortable soft-touch grip. Use a distinct angle, arrangement, and tasteful material/color variation while keeping the item recognizable. Single product focus, realistic proportions, soft studio lighting, warm off-white craft-paper background, subtle natural shadow, no text, no logos, no watermark, square composition.	projects/double-sided-tape-craft/image/unique-02.png	./image/item.png	./image/unique-02.png
double-sided-tape-craft	3	product variation	Double-sided tape	Double-sided tape	Liquid ink glides across the page with effortless flow, expressive line control, and a refined finish.	Silky liquid ink Ultra-smooth writing Premium roller tip	A distinct premium catalog photograph of Double-sided tape, variation 3: Double-sided tape. Show the real Double-sided tape object clearly and accurately, with a different physical presentation from every other asset: Liquid ink glides across the page with effortless flow, expressive line control, and a refined finish. Product details: Silky liquid ink Ultra-smooth writing Premium roller tip. Use a distinct angle, arrangement, and tasteful material/color variation while keeping the item recognizable. Single product focus, realistic proportions, soft studio lighting, warm off-white craft-paper background, subtle natural shadow, no text, no logos, no watermark, square composition.	projects/double-sided-tape-craft/image/unique-03.png	./image/item.png	./image/unique-03.png
double-sided-tape-craft	4	product variation	Double-sided tape	Double-sided tape	A smooth fountain nib and refillable reservoir turn every page into a more considered writing experience.	Refillable ink system Fine and medium nibs Polished metal nib	A distinct premium catalog photograph of Double-sided tape, variation 4: Double-sided tape. Show the real Double-sided tape object clearly and accurately, with a different physical presentation from every other asset: A smooth fountain nib and refillable reservoir turn every page into a more considered writing experience. Product details: Refillable ink system Fine and medium nibs Polished metal nib. Use a distinct angle, arrangement, and tasteful material/color variation while keeping the item recognizable. Single product focus, realistic proportions, soft studio lighting, warm off-white craft-paper background, subtle natural shadow, no text, no logos, no watermark, square composition.	projects/double-sided-tape-craft/image/unique-04.png	./image/item.png	./image/unique-04.png
double-sided-tape-craft	5	product variation	Double-sided tape	Double-sided tape	Precise fiber tips create clean, expressive lines for diagrams, journaling, lettering, and detail work.	0.4mm precision tip Fade-resistant black ink Long-lasting fiber point	A distinct premium catalog photograph of Double-sided tape, variation 5: Double-sided tape. Show the real Double-sided tape object clearly and accurately, with a different physical presentation from every other asset: Precise fiber tips create clean, expressive lines for diagrams, journaling, lettering, and detail work. Product details: 0.4mm precision tip Fade-resistant black ink Long-lasting fiber point. Use a distinct angle, arrangement, and tasteful material/color variation while keeping the item recognizable. Single product focus, realistic proportions, soft studio lighting, warm off-white craft-paper background, subtle natural shadow, no text, no logos, no watermark, square composition.	projects/double-sided-tape-craft/image/unique-05.png	./image/item.png	./image/unique-05.png
double-sided-tape-craft	6	about presentation	Double-sided tape	about presentation 6			A distinct editorial presentation image for a stationery and craft product webpage about Double-sided tape, role about presentation number 6. Feature Double-sided tape as the clear subject in a unique composition, different from every other image in the repository, realistic product photography, soft studio lighting, warm off-white craft-paper background, no text, no logos, no watermark, square composition.	projects/double-sided-tape-craft/image/unique-06.png	./image/item.png	./image/unique-06.png
drawing-charcoal-craft	1	product variation	Drawing charcoal	Drawing charcoal	The reliable everyday choice for notes, lists, and long writing sessions, with a clean line and dependable flow.	0.7mm smooth ballpoint tip Quick-drying blue ink Balanced resin barrel	A distinct premium catalog photograph of Drawing charcoal, variation 1: Drawing charcoal. Show the real Drawing charcoal object clearly and accurately, with a different physical presentation from every other asset: The reliable everyday choice for notes, lists, and long writing sessions, with a clean line and dependable flow. Product details: 0.7mm smooth ballpoint tip Quick-drying blue ink Balanced resin barrel. Use a distinct angle, arrangement, and tasteful material/color variation while keeping the item recognizable. Single product focus, realistic proportions, soft studio lighting, warm off-white craft-paper background, subtle natural shadow, no text, no logos, no watermark, square composition.	projects/drawing-charcoal-craft/image/unique-01.png	./image/item.png	./image/unique-01.png
drawing-charcoal-craft	2	product variation	Drawing charcoal	Drawing charcoal	Smooth-flowing gel ink brings bright, expressive color to notes, sketches, and everyday ideas.	24 signature ink colors Quick-drying gel ink Comfortable soft-touch grip	A distinct premium catalog photograph of Drawing charcoal, variation 2: Drawing charcoal. Show the real Drawing charcoal object clearly and accurately, with a different physical presentation from every other asset: Smooth-flowing gel ink brings bright, expressive color to notes, sketches, and everyday ideas. Product details: 24 signature ink colors Quick-drying gel ink Comfortable soft-touch grip. Use a distinct angle, arrangement, and tasteful material/color variation while keeping the item recognizable. Single product focus, realistic proportions, soft studio lighting, warm off-white craft-paper background, subtle natural shadow, no text, no logos, no watermark, square composition.	projects/drawing-charcoal-craft/image/unique-02.png	./image/item.png	./image/unique-02.png
drawing-charcoal-craft	3	product variation	Drawing charcoal	Drawing charcoal	Liquid ink glides across the page with effortless flow, expressive line control, and a refined finish.	Silky liquid ink Ultra-smooth writing Premium roller tip	A distinct premium catalog photograph of Drawing charcoal, variation 3: Drawing charcoal. Show the real Drawing charcoal object clearly and accurately, with a different physical presentation from every other asset: Liquid ink glides across the page with effortless flow, expressive line control, and a refined finish. Product details: Silky liquid ink Ultra-smooth writing Premium roller tip. Use a distinct angle, arrangement, and tasteful material/color variation while keeping the item recognizable. Single product focus, realistic proportions, soft studio lighting, warm off-white craft-paper background, subtle natural shadow, no text, no logos, no watermark, square composition.	projects/drawing-charcoal-craft/image/unique-03.png	./image/item.png	./image/unique-03.png
drawing-charcoal-craft	4	product variation	Drawing charcoal	Drawing charcoal	A smooth fountain nib and refillable reservoir turn every page into a more considered writing experience.	Refillable ink system Fine and medium nibs Polished metal nib	A distinct premium catalog photograph of Drawing charcoal, variation 4: Drawing charcoal. Show the real Drawing charcoal object clearly and accurately, with a different physical presentation from every other asset: A smooth fountain nib and refillable reservoir turn every page into a more considered writing experience. Product details: Refillable ink system Fine and medium nibs Polished metal nib. Use a distinct angle, arrangement, and tasteful material/color variation while keeping the item recognizable. Single product focus, realistic proportions, soft studio lighting, warm off-white craft-paper background, subtle natural shadow, no text, no logos, no watermark, square composition.	projects/drawing-charcoal-craft/image/unique-04.png	./image/item.png	./image/unique-04.png
drawing-charcoal-craft	5	product variation	Drawing charcoal	Drawing charcoal	Precise fiber tips create clean, expressive lines for diagrams, journaling, lettering, and detail work.	0.4mm precision tip Fade-resistant black ink Long-lasting fiber point	A distinct premium catalog photograph of Drawing charcoal, variation 5: Drawing charcoal. Show the real Drawing charcoal object clearly and accurately, with a different physical presentation from every other asset: Precise fiber tips create clean, expressive lines for diagrams, journaling, lettering, and detail work. Product details: 0.4mm precision tip Fade-resistant black ink Long-lasting fiber point. Use a distinct angle, arrangement, and tasteful material/color variation while keeping the item recognizable. Single product focus, realistic proportions, soft studio lighting, warm off-white craft-paper background, subtle natural shadow, no text, no logos, no watermark, square composition.	projects/drawing-charcoal-craft/image/unique-05.png	./image/item.png	./image/unique-05.png
drawing-charcoal-craft	6	about presentation	Drawing charcoal	about presentation 6			A distinct editorial presentation image for a stationery and craft product webpage about Drawing charcoal, role about presentation number 6. Feature Drawing charcoal as the clear subject in a unique composition, different from every other image in the repository, realistic product photography, soft studio lighting, warm off-white craft-paper background, no text, no logos, no watermark, square composition.	projects/drawing-charcoal-craft/image/unique-06.png	./image/item.png	./image/unique-06.png
drawing-ink-craft	1	product variation	Drawing ink	Drawing ink	The reliable everyday choice for notes, lists, and long writing sessions, with a clean line and dependable flow.	0.7mm smooth ballpoint tip Quick-drying blue ink Balanced resin barrel	A distinct premium catalog photograph of Drawing ink, variation 1: Drawing ink. Show the real Drawing ink object clearly and accurately, with a different physical presentation from every other asset: The reliable everyday choice for notes, lists, and long writing sessions, with a clean line and dependable flow. Product details: 0.7mm smooth ballpoint tip Quick-drying blue ink Balanced resin barrel. Use a distinct angle, arrangement, and tasteful material/color variation while keeping the item recognizable. Single product focus, realistic proportions, soft studio lighting, warm off-white craft-paper background, subtle natural shadow, no text, no logos, no watermark, square composition.	projects/drawing-ink-craft/image/unique-01.png	./image/item.png	./image/unique-01.png
drawing-ink-craft	2	product variation	Drawing ink	Drawing ink	Smooth-flowing gel ink brings bright, expressive color to notes, sketches, and everyday ideas.	24 signature ink colors Quick-drying gel ink Comfortable soft-touch grip	A distinct premium catalog photograph of Drawing ink, variation 2: Drawing ink. Show the real Drawing ink object clearly and accurately, with a different physical presentation from every other asset: Smooth-flowing gel ink brings bright, expressive color to notes, sketches, and everyday ideas. Product details: 24 signature ink colors Quick-drying gel ink Comfortable soft-touch grip. Use a distinct angle, arrangement, and tasteful material/color variation while keeping the item recognizable. Single product focus, realistic proportions, soft studio lighting, warm off-white craft-paper background, subtle natural shadow, no text, no logos, no watermark, square composition.	projects/drawing-ink-craft/image/unique-02.png	./image/item.png	./image/unique-02.png
drawing-ink-craft	3	product variation	Drawing ink	Drawing ink	Liquid ink glides across the page with effortless flow, expressive line control, and a refined finish.	Silky liquid ink Ultra-smooth writing Premium roller tip	A distinct premium catalog photograph of Drawing ink, variation 3: Drawing ink. Show the real Drawing ink object clearly and accurately, with a different physical presentation from every other asset: Liquid ink glides across the page with effortless flow, expressive line control, and a refined finish. Product details: Silky liquid ink Ultra-smooth writing Premium roller tip. Use a distinct angle, arrangement, and tasteful material/color variation while keeping the item recognizable. Single product focus, realistic proportions, soft studio lighting, warm off-white craft-paper background, subtle natural shadow, no text, no logos, no watermark, square composition.	projects/drawing-ink-craft/image/unique-03.png	./image/item.png	./image/unique-03.png
drawing-ink-craft	4	product variation	Drawing ink	Drawing ink	A smooth fountain nib and refillable reservoir turn every page into a more considered writing experience.	Refillable ink system Fine and medium nibs Polished metal nib	A distinct premium catalog photograph of Drawing ink, variation 4: Drawing ink. Show the real Drawing ink object clearly and accurately, with a different physical presentation from every other asset: A smooth fountain nib and refillable reservoir turn every page into a more considered writing experience. Product details: Refillable ink system Fine and medium nibs Polished metal nib. Use a distinct angle, arrangement, and tasteful material/color variation while keeping the item recognizable. Single product focus, realistic proportions, soft studio lighting, warm off-white craft-paper background, subtle natural shadow, no text, no logos, no watermark, square composition.	projects/drawing-ink-craft/image/unique-04.png	./image/item.png	./image/unique-04.png
drawing-ink-craft	5	product variation	Drawing ink	Drawing ink	Precise fiber tips create clean, expressive lines for diagrams, journaling, lettering, and detail work.	0.4mm precision tip Fade-resistant black ink Long-lasting fiber point	A distinct premium catalog photograph of Drawing ink, variation 5: Drawing ink. Show the real Drawing ink object clearly and accurately, with a different physical presentation from every other asset: Precise fiber tips create clean, expressive lines for diagrams, journaling, lettering, and detail work. Product details: 0.4mm precision tip Fade-resistant black ink Long-lasting fiber point. Use a distinct angle, arrangement, and tasteful material/color variation while keeping the item recognizable. Single product focus, realistic proportions, soft studio lighting, warm off-white craft-paper background, subtle natural shadow, no text, no logos, no watermark, square composition.	projects/drawing-ink-craft/image/unique-05.png	./image/item.png	./image/unique-05.png
drawing-ink-craft	6	about presentation	Drawing ink	about presentation 6			A distinct editorial presentation image for a stationery and craft product webpage about Drawing ink, role about presentation number 6. Feature Drawing ink as the clear subject in a unique composition, different from every other image in the repository, realistic product photography, soft studio lighting, warm off-white craft-paper background, no text, no logos, no watermark, square composition.	projects/drawing-ink-craft/image/unique-06.png	./image/item.png	./image/unique-06.png
drawing-pads-craft	1	product variation	Drawing pads	Drawing pads	The reliable everyday choice for notes, lists, and long writing sessions, with a clean line and dependable flow.	0.7mm smooth ballpoint tip Quick-drying blue ink Balanced resin barrel	A distinct premium catalog photograph of Drawing pads, variation 1: Drawing pads. Show the real Drawing pads object clearly and accurately, with a different physical presentation from every other asset: The reliable everyday choice for notes, lists, and long writing sessions, with a clean line and dependable flow. Product details: 0.7mm smooth ballpoint tip Quick-drying blue ink Balanced resin barrel. Use a distinct angle, arrangement, and tasteful material/color variation while keeping the item recognizable. Single product focus, realistic proportions, soft studio lighting, warm off-white craft-paper background, subtle natural shadow, no text, no logos, no watermark, square composition.	projects/drawing-pads-craft/image/unique-01.png	./image/item.png	./image/unique-01.png
drawing-pads-craft	2	product variation	Drawing pads	Drawing pads	Smooth-flowing gel ink brings bright, expressive color to notes, sketches, and everyday ideas.	24 signature ink colors Quick-drying gel ink Comfortable soft-touch grip	A distinct premium catalog photograph of Drawing pads, variation 2: Drawing pads. Show the real Drawing pads object clearly and accurately, with a different physical presentation from every other asset: Smooth-flowing gel ink brings bright, expressive color to notes, sketches, and everyday ideas. Product details: 24 signature ink colors Quick-drying gel ink Comfortable soft-touch grip. Use a distinct angle, arrangement, and tasteful material/color variation while keeping the item recognizable. Single product focus, realistic proportions, soft studio lighting, warm off-white craft-paper background, subtle natural shadow, no text, no logos, no watermark, square composition.	projects/drawing-pads-craft/image/unique-02.png	./image/item.png	./image/unique-02.png
drawing-pads-craft	3	product variation	Drawing pads	Drawing pads	Liquid ink glides across the page with effortless flow, expressive line control, and a refined finish.	Silky liquid ink Ultra-smooth writing Premium roller tip	A distinct premium catalog photograph of Drawing pads, variation 3: Drawing pads. Show the real Drawing pads object clearly and accurately, with a different physical presentation from every other asset: Liquid ink glides across the page with effortless flow, expressive line control, and a refined finish. Product details: Silky liquid ink Ultra-smooth writing Premium roller tip. Use a distinct angle, arrangement, and tasteful material/color variation while keeping the item recognizable. Single product focus, realistic proportions, soft studio lighting, warm off-white craft-paper background, subtle natural shadow, no text, no logos, no watermark, square composition.	projects/drawing-pads-craft/image/unique-03.png	./image/item.png	./image/unique-03.png
drawing-pads-craft	4	product variation	Drawing pads	Drawing pads	A smooth fountain nib and refillable reservoir turn every page into a more considered writing experience.	Refillable ink system Fine and medium nibs Polished metal nib	A distinct premium catalog photograph of Drawing pads, variation 4: Drawing pads. Show the real Drawing pads object clearly and accurately, with a different physical presentation from every other asset: A smooth fountain nib and refillable reservoir turn every page into a more considered writing experience. Product details: Refillable ink system Fine and medium nibs Polished metal nib. Use a distinct angle, arrangement, and tasteful material/color variation while keeping the item recognizable. Single product focus, realistic proportions, soft studio lighting, warm off-white craft-paper background, subtle natural shadow, no text, no logos, no watermark, square composition.	projects/drawing-pads-craft/image/unique-04.png	./image/item.png	./image/unique-04.png
drawing-pads-craft	5	product variation	Drawing pads	Drawing pads	Precise fiber tips create clean, expressive lines for diagrams, journaling, lettering, and detail work.	0.4mm precision tip Fade-resistant black ink Long-lasting fiber point	A distinct premium catalog photograph of Drawing pads, variation 5: Drawing pads. Show the real Drawing pads object clearly and accurately, with a different physical presentation from every other asset: Precise fiber tips create clean, expressive lines for diagrams, journaling, lettering, and detail work. Product details: 0.4mm precision tip Fade-resistant black ink Long-lasting fiber point. Use a distinct angle, arrangement, and tasteful material/color variation while keeping the item recognizable. Single product focus, realistic proportions, soft studio lighting, warm off-white craft-paper background, subtle natural shadow, no text, no logos, no watermark, square composition.	projects/drawing-pads-craft/image/unique-05.png	./image/item.png	./image/unique-05.png
drawing-pads-craft	6	about presentation	Drawing pads	about presentation 6			A distinct editorial presentation image for a stationery and craft product webpage about Drawing pads, role about presentation number 6. Feature Drawing pads as the clear subject in a unique composition, different from every other image in the repository, realistic product photography, soft studio lighting, warm off-white craft-paper background, no text, no logos, no watermark, square composition.	projects/drawing-pads-craft/image/unique-06.png	./image/item.png	./image/unique-06.png
envelopes-craft	1	product variation	Envelopes	Envelopes	The reliable everyday choice for notes, lists, and long writing sessions, with a clean line and dependable flow.	0.7mm smooth ballpoint tip Quick-drying blue ink Balanced resin barrel	A distinct premium catalog photograph of Envelopes, variation 1: Envelopes. Show the real Envelopes object clearly and accurately, with a different physical presentation from every other asset: The reliable everyday choice for notes, lists, and long writing sessions, with a clean line and dependable flow. Product details: 0.7mm smooth ballpoint tip Quick-drying blue ink Balanced resin barrel. Use a distinct angle, arrangement, and tasteful material/color variation while keeping the item recognizable. Single product focus, realistic proportions, soft studio lighting, warm off-white craft-paper background, subtle natural shadow, no text, no logos, no watermark, square composition.	projects/envelopes-craft/image/unique-01.png	./image/item.png	./image/unique-01.png
envelopes-craft	2	product variation	Envelopes	Envelopes	Smooth-flowing gel ink brings bright, expressive color to notes, sketches, and everyday ideas.	24 signature ink colors Quick-drying gel ink Comfortable soft-touch grip	A distinct premium catalog photograph of Envelopes, variation 2: Envelopes. Show the real Envelopes object clearly and accurately, with a different physical presentation from every other asset: Smooth-flowing gel ink brings bright, expressive color to notes, sketches, and everyday ideas. Product details: 24 signature ink colors Quick-drying gel ink Comfortable soft-touch grip. Use a distinct angle, arrangement, and tasteful material/color variation while keeping the item recognizable. Single product focus, realistic proportions, soft studio lighting, warm off-white craft-paper background, subtle natural shadow, no text, no logos, no watermark, square composition.	projects/envelopes-craft/image/unique-02.png	./image/item.png	./image/unique-02.png
envelopes-craft	3	product variation	Envelopes	Envelopes	Liquid ink glides across the page with effortless flow, expressive line control, and a refined finish.	Silky liquid ink Ultra-smooth writing Premium roller tip	A distinct premium catalog photograph of Envelopes, variation 3: Envelopes. Show the real Envelopes object clearly and accurately, with a different physical presentation from every other asset: Liquid ink glides across the page with effortless flow, expressive line control, and a refined finish. Product details: Silky liquid ink Ultra-smooth writing Premium roller tip. Use a distinct angle, arrangement, and tasteful material/color variation while keeping the item recognizable. Single product focus, realistic proportions, soft studio lighting, warm off-white craft-paper background, subtle natural shadow, no text, no logos, no watermark, square composition.	projects/envelopes-craft/image/unique-03.png	./image/item.png	./image/unique-03.png
envelopes-craft	4	product variation	Envelopes	Envelopes	A smooth fountain nib and refillable reservoir turn every page into a more considered writing experience.	Refillable ink system Fine and medium nibs Polished metal nib	A distinct premium catalog photograph of Envelopes, variation 4: Envelopes. Show the real Envelopes object clearly and accurately, with a different physical presentation from every other asset: A smooth fountain nib and refillable reservoir turn every page into a more considered writing experience. Product details: Refillable ink system Fine and medium nibs Polished metal nib. Use a distinct angle, arrangement, and tasteful material/color variation while keeping the item recognizable. Single product focus, realistic proportions, soft studio lighting, warm off-white craft-paper background, subtle natural shadow, no text, no logos, no watermark, square composition.	projects/envelopes-craft/image/unique-04.png	./image/item.png	./image/unique-04.png
envelopes-craft	5	product variation	Envelopes	Envelopes	Precise fiber tips create clean, expressive lines for diagrams, journaling, lettering, and detail work.	0.4mm precision tip Fade-resistant black ink Long-lasting fiber point	A distinct premium catalog photograph of Envelopes, variation 5: Envelopes. Show the real Envelopes object clearly and accurately, with a different physical presentation from every other asset: Precise fiber tips create clean, expressive lines for diagrams, journaling, lettering, and detail work. Product details: 0.4mm precision tip Fade-resistant black ink Long-lasting fiber point. Use a distinct angle, arrangement, and tasteful material/color variation while keeping the item recognizable. Single product focus, realistic proportions, soft studio lighting, warm off-white craft-paper background, subtle natural shadow, no text, no logos, no watermark, square composition.	projects/envelopes-craft/image/unique-05.png	./image/item.png	./image/unique-05.png
envelopes-craft	6	about presentation	Envelopes	about presentation 6			A distinct editorial presentation image for a stationery and craft product webpage about Envelopes, role about presentation number 6. Feature Envelopes as the clear subject in a unique composition, different from every other image in the repository, realistic product photography, soft studio lighting, warm off-white craft-paper background, no text, no logos, no watermark, square composition.	projects/envelopes-craft/image/unique-06.png	./image/item.png	./image/unique-06.png
erasers-craft	1	product variation	Erasers	Erasers	The reliable everyday choice for notes, lists, and long writing sessions, with a clean line and dependable flow.	0.7mm smooth ballpoint tip Quick-drying blue ink Balanced resin barrel	A distinct premium catalog photograph of Erasers, variation 1: Erasers. Show the real Erasers object clearly and accurately, with a different physical presentation from every other asset: The reliable everyday choice for notes, lists, and long writing sessions, with a clean line and dependable flow. Product details: 0.7mm smooth ballpoint tip Quick-drying blue ink Balanced resin barrel. Use a distinct angle, arrangement, and tasteful material/color variation while keeping the item recognizable. Single product focus, realistic proportions, soft studio lighting, warm off-white craft-paper background, subtle natural shadow, no text, no logos, no watermark, square composition.	projects/erasers-craft/image/unique-01.png	./image/item.png	./image/unique-01.png
erasers-craft	2	product variation	Erasers	Erasers	Smooth-flowing gel ink brings bright, expressive color to notes, sketches, and everyday ideas.	24 signature ink colors Quick-drying gel ink Comfortable soft-touch grip	A distinct premium catalog photograph of Erasers, variation 2: Erasers. Show the real Erasers object clearly and accurately, with a different physical presentation from every other asset: Smooth-flowing gel ink brings bright, expressive color to notes, sketches, and everyday ideas. Product details: 24 signature ink colors Quick-drying gel ink Comfortable soft-touch grip. Use a distinct angle, arrangement, and tasteful material/color variation while keeping the item recognizable. Single product focus, realistic proportions, soft studio lighting, warm off-white craft-paper background, subtle natural shadow, no text, no logos, no watermark, square composition.	projects/erasers-craft/image/unique-02.png	./image/item.png	./image/unique-02.png
erasers-craft	3	product variation	Erasers	Erasers	Liquid ink glides across the page with effortless flow, expressive line control, and a refined finish.	Silky liquid ink Ultra-smooth writing Premium roller tip	A distinct premium catalog photograph of Erasers, variation 3: Erasers. Show the real Erasers object clearly and accurately, with a different physical presentation from every other asset: Liquid ink glides across the page with effortless flow, expressive line control, and a refined finish. Product details: Silky liquid ink Ultra-smooth writing Premium roller tip. Use a distinct angle, arrangement, and tasteful material/color variation while keeping the item recognizable. Single product focus, realistic proportions, soft studio lighting, warm off-white craft-paper background, subtle natural shadow, no text, no logos, no watermark, square composition.	projects/erasers-craft/image/unique-03.png	./image/item.png	./image/unique-03.png
erasers-craft	4	product variation	Erasers	Erasers	A smooth fountain nib and refillable reservoir turn every page into a more considered writing experience.	Refillable ink system Fine and medium nibs Polished metal nib	A distinct premium catalog photograph of Erasers, variation 4: Erasers. Show the real Erasers object clearly and accurately, with a different physical presentation from every other asset: A smooth fountain nib and refillable reservoir turn every page into a more considered writing experience. Product details: Refillable ink system Fine and medium nibs Polished metal nib. Use a distinct angle, arrangement, and tasteful material/color variation while keeping the item recognizable. Single product focus, realistic proportions, soft studio lighting, warm off-white craft-paper background, subtle natural shadow, no text, no logos, no watermark, square composition.	projects/erasers-craft/image/unique-04.png	./image/item.png	./image/unique-04.png
erasers-craft	5	product variation	Erasers	Erasers	Precise fiber tips create clean, expressive lines for diagrams, journaling, lettering, and detail work.	0.4mm precision tip Fade-resistant black ink Long-lasting fiber point	A distinct premium catalog photograph of Erasers, variation 5: Erasers. Show the real Erasers object clearly and accurately, with a different physical presentation from every other asset: Precise fiber tips create clean, expressive lines for diagrams, journaling, lettering, and detail work. Product details: 0.4mm precision tip Fade-resistant black ink Long-lasting fiber point. Use a distinct angle, arrangement, and tasteful material/color variation while keeping the item recognizable. Single product focus, realistic proportions, soft studio lighting, warm off-white craft-paper background, subtle natural shadow, no text, no logos, no watermark, square composition.	projects/erasers-craft/image/unique-05.png	./image/item.png	./image/unique-05.png
erasers-craft	6	about presentation	Erasers	about presentation 6			A distinct editorial presentation image for a stationery and craft product webpage about Erasers, role about presentation number 6. Feature Erasers as the clear subject in a unique composition, different from every other image in the repository, realistic product photography, soft studio lighting, warm off-white craft-paper background, no text, no logos, no watermark, square composition.	projects/erasers-craft/image/unique-06.png	./image/item.png	./image/unique-06.png
executive-notebooks-craft	1	product variation	Executive notebooks	Executive notebooks	The reliable everyday choice for notes, lists, and long writing sessions, with a clean line and dependable flow.	0.7mm smooth ballpoint tip Quick-drying blue ink Balanced resin barrel	A distinct premium catalog photograph of Executive notebooks, variation 1: Executive notebooks. Show the real Executive notebooks object clearly and accurately, with a different physical presentation from every other asset: The reliable everyday choice for notes, lists, and long writing sessions, with a clean line and dependable flow. Product details: 0.7mm smooth ballpoint tip Quick-drying blue ink Balanced resin barrel. Use a distinct angle, arrangement, and tasteful material/color variation while keeping the item recognizable. Single product focus, realistic proportions, soft studio lighting, warm off-white craft-paper background, subtle natural shadow, no text, no logos, no watermark, square composition.	projects/executive-notebooks-craft/image/unique-01.png	./image/item.png	./image/unique-01.png
executive-notebooks-craft	2	product variation	Executive notebooks	Executive notebooks	Smooth-flowing gel ink brings bright, expressive color to notes, sketches, and everyday ideas.	24 signature ink colors Quick-drying gel ink Comfortable soft-touch grip	A distinct premium catalog photograph of Executive notebooks, variation 2: Executive notebooks. Show the real Executive notebooks object clearly and accurately, with a different physical presentation from every other asset: Smooth-flowing gel ink brings bright, expressive color to notes, sketches, and everyday ideas. Product details: 24 signature ink colors Quick-drying gel ink Comfortable soft-touch grip. Use a distinct angle, arrangement, and tasteful material/color variation while keeping the item recognizable. Single product focus, realistic proportions, soft studio lighting, warm off-white craft-paper background, subtle natural shadow, no text, no logos, no watermark, square composition.	projects/executive-notebooks-craft/image/unique-02.png	./image/item.png	./image/unique-02.png
executive-notebooks-craft	3	product variation	Executive notebooks	Executive notebooks	Liquid ink glides across the page with effortless flow, expressive line control, and a refined finish.	Silky liquid ink Ultra-smooth writing Premium roller tip	A distinct premium catalog photograph of Executive notebooks, variation 3: Executive notebooks. Show the real Executive notebooks object clearly and accurately, with a different physical presentation from every other asset: Liquid ink glides across the page with effortless flow, expressive line control, and a refined finish. Product details: Silky liquid ink Ultra-smooth writing Premium roller tip. Use a distinct angle, arrangement, and tasteful material/color variation while keeping the item recognizable. Single product focus, realistic proportions, soft studio lighting, warm off-white craft-paper background, subtle natural shadow, no text, no logos, no watermark, square composition.	projects/executive-notebooks-craft/image/unique-03.png	./image/item.png	./image/unique-03.png
executive-notebooks-craft	4	product variation	Executive notebooks	Executive notebooks	A smooth fountain nib and refillable reservoir turn every page into a more considered writing experience.	Refillable ink system Fine and medium nibs Polished metal nib	A distinct premium catalog photograph of Executive notebooks, variation 4: Executive notebooks. Show the real Executive notebooks object clearly and accurately, with a different physical presentation from every other asset: A smooth fountain nib and refillable reservoir turn every page into a more considered writing experience. Product details: Refillable ink system Fine and medium nibs Polished metal nib. Use a distinct angle, arrangement, and tasteful material/color variation while keeping the item recognizable. Single product focus, realistic proportions, soft studio lighting, warm off-white craft-paper background, subtle natural shadow, no text, no logos, no watermark, square composition.	projects/executive-notebooks-craft/image/unique-04.png	./image/item.png	./image/unique-04.png
executive-notebooks-craft	5	product variation	Executive notebooks	Executive notebooks	Precise fiber tips create clean, expressive lines for diagrams, journaling, lettering, and detail work.	0.4mm precision tip Fade-resistant black ink Long-lasting fiber point	A distinct premium catalog photograph of Executive notebooks, variation 5: Executive notebooks. Show the real Executive notebooks object clearly and accurately, with a different physical presentation from every other asset: Precise fiber tips create clean, expressive lines for diagrams, journaling, lettering, and detail work. Product details: 0.4mm precision tip Fade-resistant black ink Long-lasting fiber point. Use a distinct angle, arrangement, and tasteful material/color variation while keeping the item recognizable. Single product focus, realistic proportions, soft studio lighting, warm off-white craft-paper background, subtle natural shadow, no text, no logos, no watermark, square composition.	projects/executive-notebooks-craft/image/unique-05.png	./image/item.png	./image/unique-05.png
executive-notebooks-craft	6	about presentation	Executive notebooks	about presentation 6			A distinct editorial presentation image for a stationery and craft product webpage about Executive notebooks, role about presentation number 6. Feature Executive notebooks as the clear subject in a unique composition, different from every other image in the repository, realistic product photography, soft studio lighting, warm off-white craft-paper background, no text, no logos, no watermark, square composition.	projects/executive-notebooks-craft/image/unique-06.png	./image/item.png	./image/unique-06.png
expanding-files-craft	1	product variation	Expanding files	Expanding files	The reliable everyday choice for notes, lists, and long writing sessions, with a clean line and dependable flow.	0.7mm smooth ballpoint tip Quick-drying blue ink Balanced resin barrel	A distinct premium catalog photograph of Expanding files, variation 1: Expanding files. Show the real Expanding files object clearly and accurately, with a different physical presentation from every other asset: The reliable everyday choice for notes, lists, and long writing sessions, with a clean line and dependable flow. Product details: 0.7mm smooth ballpoint tip Quick-drying blue ink Balanced resin barrel. Use a distinct angle, arrangement, and tasteful material/color variation while keeping the item recognizable. Single product focus, realistic proportions, soft studio lighting, warm off-white craft-paper background, subtle natural shadow, no text, no logos, no watermark, square composition.	projects/expanding-files-craft/image/unique-01.png	./image/item.png	./image/unique-01.png
expanding-files-craft	2	product variation	Expanding files	Expanding files	Smooth-flowing gel ink brings bright, expressive color to notes, sketches, and everyday ideas.	24 signature ink colors Quick-drying gel ink Comfortable soft-touch grip	A distinct premium catalog photograph of Expanding files, variation 2: Expanding files. Show the real Expanding files object clearly and accurately, with a different physical presentation from every other asset: Smooth-flowing gel ink brings bright, expressive color to notes, sketches, and everyday ideas. Product details: 24 signature ink colors Quick-drying gel ink Comfortable soft-touch grip. Use a distinct angle, arrangement, and tasteful material/color variation while keeping the item recognizable. Single product focus, realistic proportions, soft studio lighting, warm off-white craft-paper background, subtle natural shadow, no text, no logos, no watermark, square composition.	projects/expanding-files-craft/image/unique-02.png	./image/item.png	./image/unique-02.png
expanding-files-craft	3	product variation	Expanding files	Expanding files	Liquid ink glides across the page with effortless flow, expressive line control, and a refined finish.	Silky liquid ink Ultra-smooth writing Premium roller tip	A distinct premium catalog photograph of Expanding files, variation 3: Expanding files. Show the real Expanding files object clearly and accurately, with a different physical presentation from every other asset: Liquid ink glides across the page with effortless flow, expressive line control, and a refined finish. Product details: Silky liquid ink Ultra-smooth writing Premium roller tip. Use a distinct angle, arrangement, and tasteful material/color variation while keeping the item recognizable. Single product focus, realistic proportions, soft studio lighting, warm off-white craft-paper background, subtle natural shadow, no text, no logos, no watermark, square composition.	projects/expanding-files-craft/image/unique-03.png	./image/item.png	./image/unique-03.png
expanding-files-craft	4	product variation	Expanding files	Expanding files	A smooth fountain nib and refillable reservoir turn every page into a more considered writing experience.	Refillable ink system Fine and medium nibs Polished metal nib	A distinct premium catalog photograph of Expanding files, variation 4: Expanding files. Show the real Expanding files object clearly and accurately, with a different physical presentation from every other asset: A smooth fountain nib and refillable reservoir turn every page into a more considered writing experience. Product details: Refillable ink system Fine and medium nibs Polished metal nib. Use a distinct angle, arrangement, and tasteful material/color variation while keeping the item recognizable. Single product focus, realistic proportions, soft studio lighting, warm off-white craft-paper background, subtle natural shadow, no text, no logos, no watermark, square composition.	projects/expanding-files-craft/image/unique-04.png	./image/item.png	./image/unique-04.png
expanding-files-craft	5	product variation	Expanding files	Expanding files	Precise fiber tips create clean, expressive lines for diagrams, journaling, lettering, and detail work.	0.4mm precision tip Fade-resistant black ink Long-lasting fiber point	A distinct premium catalog photograph of Expanding files, variation 5: Expanding files. Show the real Expanding files object clearly and accurately, with a different physical presentation from every other asset: Precise fiber tips create clean, expressive lines for diagrams, journaling, lettering, and detail work. Product details: 0.4mm precision tip Fade-resistant black ink Long-lasting fiber point. Use a distinct angle, arrangement, and tasteful material/color variation while keeping the item recognizable. Single product focus, realistic proportions, soft studio lighting, warm off-white craft-paper background, subtle natural shadow, no text, no logos, no watermark, square composition.	projects/expanding-files-craft/image/unique-05.png	./image/item.png	./image/unique-05.png
expanding-files-craft	6	about presentation	Expanding files	about presentation 6			A distinct editorial presentation image for a stationery and craft product webpage about Expanding files, role about presentation number 6. Feature Expanding files as the clear subject in a unique composition, different from every other image in the repository, realistic product photography, soft studio lighting, warm off-white craft-paper background, no text, no logos, no watermark, square composition.	projects/expanding-files-craft/image/unique-06.png	./image/item.png	./image/unique-06.png
file-labels-craft	1	product variation	File labels	File labels	The reliable everyday choice for notes, lists, and long writing sessions, with a clean line and dependable flow.	0.7mm smooth ballpoint tip Quick-drying blue ink Balanced resin barrel	A distinct premium catalog photograph of File labels, variation 1: File labels. Show the real File labels object clearly and accurately, with a different physical presentation from every other asset: The reliable everyday choice for notes, lists, and long writing sessions, with a clean line and dependable flow. Product details: 0.7mm smooth ballpoint tip Quick-drying blue ink Balanced resin barrel. Use a distinct angle, arrangement, and tasteful material/color variation while keeping the item recognizable. Single product focus, realistic proportions, soft studio lighting, warm off-white craft-paper background, subtle natural shadow, no text, no logos, no watermark, square composition.	projects/file-labels-craft/image/unique-01.png	./image/item.png	./image/unique-01.png
file-labels-craft	2	product variation	File labels	File labels	Smooth-flowing gel ink brings bright, expressive color to notes, sketches, and everyday ideas.	24 signature ink colors Quick-drying gel ink Comfortable soft-touch grip	A distinct premium catalog photograph of File labels, variation 2: File labels. Show the real File labels object clearly and accurately, with a different physical presentation from every other asset: Smooth-flowing gel ink brings bright, expressive color to notes, sketches, and everyday ideas. Product details: 24 signature ink colors Quick-drying gel ink Comfortable soft-touch grip. Use a distinct angle, arrangement, and tasteful material/color variation while keeping the item recognizable. Single product focus, realistic proportions, soft studio lighting, warm off-white craft-paper background, subtle natural shadow, no text, no logos, no watermark, square composition.	projects/file-labels-craft/image/unique-02.png	./image/item.png	./image/unique-02.png
file-labels-craft	3	product variation	File labels	File labels	Liquid ink glides across the page with effortless flow, expressive line control, and a refined finish.	Silky liquid ink Ultra-smooth writing Premium roller tip	A distinct premium catalog photograph of File labels, variation 3: File labels. Show the real File labels object clearly and accurately, with a different physical presentation from every other asset: Liquid ink glides across the page with effortless flow, expressive line control, and a refined finish. Product details: Silky liquid ink Ultra-smooth writing Premium roller tip. Use a distinct angle, arrangement, and tasteful material/color variation while keeping the item recognizable. Single product focus, realistic proportions, soft studio lighting, warm off-white craft-paper background, subtle natural shadow, no text, no logos, no watermark, square composition.	projects/file-labels-craft/image/unique-03.png	./image/item.png	./image/unique-03.png
file-labels-craft	4	product variation	File labels	File labels	A smooth fountain nib and refillable reservoir turn every page into a more considered writing experience.	Refillable ink system Fine and medium nibs Polished metal nib	A distinct premium catalog photograph of File labels, variation 4: File labels. Show the real File labels object clearly and accurately, with a different physical presentation from every other asset: A smooth fountain nib and refillable reservoir turn every page into a more considered writing experience. Product details: Refillable ink system Fine and medium nibs Polished metal nib. Use a distinct angle, arrangement, and tasteful material/color variation while keeping the item recognizable. Single product focus, realistic proportions, soft studio lighting, warm off-white craft-paper background, subtle natural shadow, no text, no logos, no watermark, square composition.	projects/file-labels-craft/image/unique-04.png	./image/item.png	./image/unique-04.png
file-labels-craft	5	product variation	File labels	File labels	Precise fiber tips create clean, expressive lines for diagrams, journaling, lettering, and detail work.	0.4mm precision tip Fade-resistant black ink Long-lasting fiber point	A distinct premium catalog photograph of File labels, variation 5: File labels. Show the real File labels object clearly and accurately, with a different physical presentation from every other asset: Precise fiber tips create clean, expressive lines for diagrams, journaling, lettering, and detail work. Product details: 0.4mm precision tip Fade-resistant black ink Long-lasting fiber point. Use a distinct angle, arrangement, and tasteful material/color variation while keeping the item recognizable. Single product focus, realistic proportions, soft studio lighting, warm off-white craft-paper background, subtle natural shadow, no text, no logos, no watermark, square composition.	projects/file-labels-craft/image/unique-05.png	./image/item.png	./image/unique-05.png
file-labels-craft	6	about presentation	File labels	about presentation 6			A distinct editorial presentation image for a stationery and craft product webpage about File labels, role about presentation number 6. Feature File labels as the clear subject in a unique composition, different from every other image in the repository, realistic product photography, soft studio lighting, warm off-white craft-paper background, no text, no logos, no watermark, square composition.	projects/file-labels-craft/image/unique-06.png	./image/item.png	./image/unique-06.png
files-craft	1	product variation	Files	Files	The reliable everyday choice for notes, lists, and long writing sessions, with a clean line and dependable flow.	0.7mm smooth ballpoint tip Quick-drying blue ink Balanced resin barrel	A distinct premium catalog photograph of Files, variation 1: Files. Show the real Files object clearly and accurately, with a different physical presentation from every other asset: The reliable everyday choice for notes, lists, and long writing sessions, with a clean line and dependable flow. Product details: 0.7mm smooth ballpoint tip Quick-drying blue ink Balanced resin barrel. Use a distinct angle, arrangement, and tasteful material/color variation while keeping the item recognizable. Single product focus, realistic proportions, soft studio lighting, warm off-white craft-paper background, subtle natural shadow, no text, no logos, no watermark, square composition.	projects/files-craft/image/unique-01.png	./image/item.png	./image/unique-01.png
files-craft	2	product variation	Files	Files	Smooth-flowing gel ink brings bright, expressive color to notes, sketches, and everyday ideas.	24 signature ink colors Quick-drying gel ink Comfortable soft-touch grip	A distinct premium catalog photograph of Files, variation 2: Files. Show the real Files object clearly and accurately, with a different physical presentation from every other asset: Smooth-flowing gel ink brings bright, expressive color to notes, sketches, and everyday ideas. Product details: 24 signature ink colors Quick-drying gel ink Comfortable soft-touch grip. Use a distinct angle, arrangement, and tasteful material/color variation while keeping the item recognizable. Single product focus, realistic proportions, soft studio lighting, warm off-white craft-paper background, subtle natural shadow, no text, no logos, no watermark, square composition.	projects/files-craft/image/unique-02.png	./image/item.png	./image/unique-02.png
files-craft	3	product variation	Files	Files	Liquid ink glides across the page with effortless flow, expressive line control, and a refined finish.	Silky liquid ink Ultra-smooth writing Premium roller tip	A distinct premium catalog photograph of Files, variation 3: Files. Show the real Files object clearly and accurately, with a different physical presentation from every other asset: Liquid ink glides across the page with effortless flow, expressive line control, and a refined finish. Product details: Silky liquid ink Ultra-smooth writing Premium roller tip. Use a distinct angle, arrangement, and tasteful material/color variation while keeping the item recognizable. Single product focus, realistic proportions, soft studio lighting, warm off-white craft-paper background, subtle natural shadow, no text, no logos, no watermark, square composition.	projects/files-craft/image/unique-03.png	./image/item.png	./image/unique-03.png
files-craft	4	product variation	Files	Files	A smooth fountain nib and refillable reservoir turn every page into a more considered writing experience.	Refillable ink system Fine and medium nibs Polished metal nib	A distinct premium catalog photograph of Files, variation 4: Files. Show the real Files object clearly and accurately, with a different physical presentation from every other asset: A smooth fountain nib and refillable reservoir turn every page into a more considered writing experience. Product details: Refillable ink system Fine and medium nibs Polished metal nib. Use a distinct angle, arrangement, and tasteful material/color variation while keeping the item recognizable. Single product focus, realistic proportions, soft studio lighting, warm off-white craft-paper background, subtle natural shadow, no text, no logos, no watermark, square composition.	projects/files-craft/image/unique-04.png	./image/item.png	./image/unique-04.png
files-craft	5	product variation	Files	Files	Precise fiber tips create clean, expressive lines for diagrams, journaling, lettering, and detail work.	0.4mm precision tip Fade-resistant black ink Long-lasting fiber point	A distinct premium catalog photograph of Files, variation 5: Files. Show the real Files object clearly and accurately, with a different physical presentation from every other asset: Precise fiber tips create clean, expressive lines for diagrams, journaling, lettering, and detail work. Product details: 0.4mm precision tip Fade-resistant black ink Long-lasting fiber point. Use a distinct angle, arrangement, and tasteful material/color variation while keeping the item recognizable. Single product focus, realistic proportions, soft studio lighting, warm off-white craft-paper background, subtle natural shadow, no text, no logos, no watermark, square composition.	projects/files-craft/image/unique-05.png	./image/item.png	./image/unique-05.png
files-craft	6	about presentation	Files	about presentation 6			A distinct editorial presentation image for a stationery and craft product webpage about Files, role about presentation number 6. Feature Files as the clear subject in a unique composition, different from every other image in the repository, realistic product photography, soft studio lighting, warm off-white craft-paper background, no text, no logos, no watermark, square composition.	projects/files-craft/image/unique-06.png	./image/item.png	./image/unique-06.png
flashcards-craft	1	product variation	Flashcards	Flashcards	The reliable everyday choice for notes, lists, and long writing sessions, with a clean line and dependable flow.	0.7mm smooth ballpoint tip Quick-drying blue ink Balanced resin barrel	A distinct premium catalog photograph of Flashcards, variation 1: Flashcards. Show the real Flashcards object clearly and accurately, with a different physical presentation from every other asset: The reliable everyday choice for notes, lists, and long writing sessions, with a clean line and dependable flow. Product details: 0.7mm smooth ballpoint tip Quick-drying blue ink Balanced resin barrel. Use a distinct angle, arrangement, and tasteful material/color variation while keeping the item recognizable. Single product focus, realistic proportions, soft studio lighting, warm off-white craft-paper background, subtle natural shadow, no text, no logos, no watermark, square composition.	projects/flashcards-craft/image/unique-01.png	./image/item.png	./image/unique-01.png
flashcards-craft	2	product variation	Flashcards	Flashcards	Smooth-flowing gel ink brings bright, expressive color to notes, sketches, and everyday ideas.	24 signature ink colors Quick-drying gel ink Comfortable soft-touch grip	A distinct premium catalog photograph of Flashcards, variation 2: Flashcards. Show the real Flashcards object clearly and accurately, with a different physical presentation from every other asset: Smooth-flowing gel ink brings bright, expressive color to notes, sketches, and everyday ideas. Product details: 24 signature ink colors Quick-drying gel ink Comfortable soft-touch grip. Use a distinct angle, arrangement, and tasteful material/color variation while keeping the item recognizable. Single product focus, realistic proportions, soft studio lighting, warm off-white craft-paper background, subtle natural shadow, no text, no logos, no watermark, square composition.	projects/flashcards-craft/image/unique-02.png	./image/item.png	./image/unique-02.png
flashcards-craft	3	product variation	Flashcards	Flashcards	Liquid ink glides across the page with effortless flow, expressive line control, and a refined finish.	Silky liquid ink Ultra-smooth writing Premium roller tip	A distinct premium catalog photograph of Flashcards, variation 3: Flashcards. Show the real Flashcards object clearly and accurately, with a different physical presentation from every other asset: Liquid ink glides across the page with effortless flow, expressive line control, and a refined finish. Product details: Silky liquid ink Ultra-smooth writing Premium roller tip. Use a distinct angle, arrangement, and tasteful material/color variation while keeping the item recognizable. Single product focus, realistic proportions, soft studio lighting, warm off-white craft-paper background, subtle natural shadow, no text, no logos, no watermark, square composition.	projects/flashcards-craft/image/unique-03.png	./image/item.png	./image/unique-03.png
flashcards-craft	4	product variation	Flashcards	Flashcards	A smooth fountain nib and refillable reservoir turn every page into a more considered writing experience.	Refillable ink system Fine and medium nibs Polished metal nib	A distinct premium catalog photograph of Flashcards, variation 4: Flashcards. Show the real Flashcards object clearly and accurately, with a different physical presentation from every other asset: A smooth fountain nib and refillable reservoir turn every page into a more considered writing experience. Product details: Refillable ink system Fine and medium nibs Polished metal nib. Use a distinct angle, arrangement, and tasteful material/color variation while keeping the item recognizable. Single product focus, realistic proportions, soft studio lighting, warm off-white craft-paper background, subtle natural shadow, no text, no logos, no watermark, square composition.	projects/flashcards-craft/image/unique-04.png	./image/item.png	./image/unique-04.png
flashcards-craft	5	product variation	Flashcards	Flashcards	Precise fiber tips create clean, expressive lines for diagrams, journaling, lettering, and detail work.	0.4mm precision tip Fade-resistant black ink Long-lasting fiber point	A distinct premium catalog photograph of Flashcards, variation 5: Flashcards. Show the real Flashcards object clearly and accurately, with a different physical presentation from every other asset: Precise fiber tips create clean, expressive lines for diagrams, journaling, lettering, and detail work. Product details: 0.4mm precision tip Fade-resistant black ink Long-lasting fiber point. Use a distinct angle, arrangement, and tasteful material/color variation while keeping the item recognizable. Single product focus, realistic proportions, soft studio lighting, warm off-white craft-paper background, subtle natural shadow, no text, no logos, no watermark, square composition.	projects/flashcards-craft/image/unique-05.png	./image/item.png	./image/unique-05.png
flashcards-craft	6	about presentation	Flashcards	about presentation 6			A distinct editorial presentation image for a stationery and craft product webpage about Flashcards, role about presentation number 6. Feature Flashcards as the clear subject in a unique composition, different from every other image in the repository, realistic product photography, soft studio lighting, warm off-white craft-paper background, no text, no logos, no watermark, square composition.	projects/flashcards-craft/image/unique-06.png	./image/item.png	./image/unique-06.png
flexible-rulers-craft	1	product variation	Flexible rulers	Flexible rulers	The reliable everyday choice for notes, lists, and long writing sessions, with a clean line and dependable flow.	0.7mm smooth ballpoint tip Quick-drying blue ink Balanced resin barrel	A distinct premium catalog photograph of Flexible rulers, variation 1: Flexible rulers. Show the real Flexible rulers object clearly and accurately, with a different physical presentation from every other asset: The reliable everyday choice for notes, lists, and long writing sessions, with a clean line and dependable flow. Product details: 0.7mm smooth ballpoint tip Quick-drying blue ink Balanced resin barrel. Use a distinct angle, arrangement, and tasteful material/color variation while keeping the item recognizable. Single product focus, realistic proportions, soft studio lighting, warm off-white craft-paper background, subtle natural shadow, no text, no logos, no watermark, square composition.	projects/flexible-rulers-craft/image/unique-01.png	./image/item.png	./image/unique-01.png
flexible-rulers-craft	2	product variation	Flexible rulers	Flexible rulers	Smooth-flowing gel ink brings bright, expressive color to notes, sketches, and everyday ideas.	24 signature ink colors Quick-drying gel ink Comfortable soft-touch grip	A distinct premium catalog photograph of Flexible rulers, variation 2: Flexible rulers. Show the real Flexible rulers object clearly and accurately, with a different physical presentation from every other asset: Smooth-flowing gel ink brings bright, expressive color to notes, sketches, and everyday ideas. Product details: 24 signature ink colors Quick-drying gel ink Comfortable soft-touch grip. Use a distinct angle, arrangement, and tasteful material/color variation while keeping the item recognizable. Single product focus, realistic proportions, soft studio lighting, warm off-white craft-paper background, subtle natural shadow, no text, no logos, no watermark, square composition.	projects/flexible-rulers-craft/image/unique-02.png	./image/item.png	./image/unique-02.png
flexible-rulers-craft	3	product variation	Flexible rulers	Flexible rulers	Liquid ink glides across the page with effortless flow, expressive line control, and a refined finish.	Silky liquid ink Ultra-smooth writing Premium roller tip	A distinct premium catalog photograph of Flexible rulers, variation 3: Flexible rulers. Show the real Flexible rulers object clearly and accurately, with a different physical presentation from every other asset: Liquid ink glides across the page with effortless flow, expressive line control, and a refined finish. Product details: Silky liquid ink Ultra-smooth writing Premium roller tip. Use a distinct angle, arrangement, and tasteful material/color variation while keeping the item recognizable. Single product focus, realistic proportions, soft studio lighting, warm off-white craft-paper background, subtle natural shadow, no text, no logos, no watermark, square composition.	projects/flexible-rulers-craft/image/unique-03.png	./image/item.png	./image/unique-03.png
flexible-rulers-craft	4	product variation	Flexible rulers	Flexible rulers	A smooth fountain nib and refillable reservoir turn every page into a more considered writing experience.	Refillable ink system Fine and medium nibs Polished metal nib	A distinct premium catalog photograph of Flexible rulers, variation 4: Flexible rulers. Show the real Flexible rulers object clearly and accurately, with a different physical presentation from every other asset: A smooth fountain nib and refillable reservoir turn every page into a more considered writing experience. Product details: Refillable ink system Fine and medium nibs Polished metal nib. Use a distinct angle, arrangement, and tasteful material/color variation while keeping the item recognizable. Single product focus, realistic proportions, soft studio lighting, warm off-white craft-paper background, subtle natural shadow, no text, no logos, no watermark, square composition.	projects/flexible-rulers-craft/image/unique-04.png	./image/item.png	./image/unique-04.png
flexible-rulers-craft	5	product variation	Flexible rulers	Flexible rulers	Precise fiber tips create clean, expressive lines for diagrams, journaling, lettering, and detail work.	0.4mm precision tip Fade-resistant black ink Long-lasting fiber point	A distinct premium catalog photograph of Flexible rulers, variation 5: Flexible rulers. Show the real Flexible rulers object clearly and accurately, with a different physical presentation from every other asset: Precise fiber tips create clean, expressive lines for diagrams, journaling, lettering, and detail work. Product details: 0.4mm precision tip Fade-resistant black ink Long-lasting fiber point. Use a distinct angle, arrangement, and tasteful material/color variation while keeping the item recognizable. Single product focus, realistic proportions, soft studio lighting, warm off-white craft-paper background, subtle natural shadow, no text, no logos, no watermark, square composition.	projects/flexible-rulers-craft/image/unique-05.png	./image/item.png	./image/unique-05.png
flexible-rulers-craft	6	about presentation	Flexible rulers	about presentation 6			A distinct editorial presentation image for a stationery and craft product webpage about Flexible rulers, role about presentation number 6. Feature Flexible rulers as the clear subject in a unique composition, different from every other image in the repository, realistic product photography, soft studio lighting, warm off-white craft-paper background, no text, no logos, no watermark, square composition.	projects/flexible-rulers-craft/image/unique-06.png	./image/item.png	./image/unique-06.png
folders-craft	1	product variation	Folders	Folders	The reliable everyday choice for notes, lists, and long writing sessions, with a clean line and dependable flow.	0.7mm smooth ballpoint tip Quick-drying blue ink Balanced resin barrel	A distinct premium catalog photograph of Folders, variation 1: Folders. Show the real Folders object clearly and accurately, with a different physical presentation from every other asset: The reliable everyday choice for notes, lists, and long writing sessions, with a clean line and dependable flow. Product details: 0.7mm smooth ballpoint tip Quick-drying blue ink Balanced resin barrel. Use a distinct angle, arrangement, and tasteful material/color variation while keeping the item recognizable. Single product focus, realistic proportions, soft studio lighting, warm off-white craft-paper background, subtle natural shadow, no text, no logos, no watermark, square composition.	projects/folders-craft/image/unique-01.png	./image/item.png	./image/unique-01.png
folders-craft	2	product variation	Folders	Folders	Smooth-flowing gel ink brings bright, expressive color to notes, sketches, and everyday ideas.	24 signature ink colors Quick-drying gel ink Comfortable soft-touch grip	A distinct premium catalog photograph of Folders, variation 2: Folders. Show the real Folders object clearly and accurately, with a different physical presentation from every other asset: Smooth-flowing gel ink brings bright, expressive color to notes, sketches, and everyday ideas. Product details: 24 signature ink colors Quick-drying gel ink Comfortable soft-touch grip. Use a distinct angle, arrangement, and tasteful material/color variation while keeping the item recognizable. Single product focus, realistic proportions, soft studio lighting, warm off-white craft-paper background, subtle natural shadow, no text, no logos, no watermark, square composition.	projects/folders-craft/image/unique-02.png	./image/item.png	./image/unique-02.png
folders-craft	3	product variation	Folders	Folders	Liquid ink glides across the page with effortless flow, expressive line control, and a refined finish.	Silky liquid ink Ultra-smooth writing Premium roller tip	A distinct premium catalog photograph of Folders, variation 3: Folders. Show the real Folders object clearly and accurately, with a different physical presentation from every other asset: Liquid ink glides across the page with effortless flow, expressive line control, and a refined finish. Product details: Silky liquid ink Ultra-smooth writing Premium roller tip. Use a distinct angle, arrangement, and tasteful material/color variation while keeping the item recognizable. Single product focus, realistic proportions, soft studio lighting, warm off-white craft-paper background, subtle natural shadow, no text, no logos, no watermark, square composition.	projects/folders-craft/image/unique-03.png	./image/item.png	./image/unique-03.png
folders-craft	4	product variation	Folders	Folders	A smooth fountain nib and refillable reservoir turn every page into a more considered writing experience.	Refillable ink system Fine and medium nibs Polished metal nib	A distinct premium catalog photograph of Folders, variation 4: Folders. Show the real Folders object clearly and accurately, with a different physical presentation from every other asset: A smooth fountain nib and refillable reservoir turn every page into a more considered writing experience. Product details: Refillable ink system Fine and medium nibs Polished metal nib. Use a distinct angle, arrangement, and tasteful material/color variation while keeping the item recognizable. Single product focus, realistic proportions, soft studio lighting, warm off-white craft-paper background, subtle natural shadow, no text, no logos, no watermark, square composition.	projects/folders-craft/image/unique-04.png	./image/item.png	./image/unique-04.png
folders-craft	5	product variation	Folders	Folders	Precise fiber tips create clean, expressive lines for diagrams, journaling, lettering, and detail work.	0.4mm precision tip Fade-resistant black ink Long-lasting fiber point	A distinct premium catalog photograph of Folders, variation 5: Folders. Show the real Folders object clearly and accurately, with a different physical presentation from every other asset: Precise fiber tips create clean, expressive lines for diagrams, journaling, lettering, and detail work. Product details: 0.4mm precision tip Fade-resistant black ink Long-lasting fiber point. Use a distinct angle, arrangement, and tasteful material/color variation while keeping the item recognizable. Single product focus, realistic proportions, soft studio lighting, warm off-white craft-paper background, subtle natural shadow, no text, no logos, no watermark, square composition.	projects/folders-craft/image/unique-05.png	./image/item.png	./image/unique-05.png
folders-craft	6	about presentation	Folders	about presentation 6			A distinct editorial presentation image for a stationery and craft product webpage about Folders, role about presentation number 6. Feature Folders as the clear subject in a unique composition, different from every other image in the repository, realistic product photography, soft studio lighting, warm off-white craft-paper background, no text, no logos, no watermark, square composition.	projects/folders-craft/image/unique-06.png	./image/item.png	./image/unique-06.png
fountain-pen-ink-craft	1	product variation	Fountain pen ink	Fountain pen ink	The reliable everyday choice for notes, lists, and long writing sessions, with a clean line and dependable flow.	0.7mm smooth ballpoint tip Quick-drying blue ink Balanced resin barrel	A distinct premium catalog photograph of Fountain pen ink, variation 1: Fountain pen ink. Show the real Fountain pen ink object clearly and accurately, with a different physical presentation from every other asset: The reliable everyday choice for notes, lists, and long writing sessions, with a clean line and dependable flow. Product details: 0.7mm smooth ballpoint tip Quick-drying blue ink Balanced resin barrel. Use a distinct angle, arrangement, and tasteful material/color variation while keeping the item recognizable. Single product focus, realistic proportions, soft studio lighting, warm off-white craft-paper background, subtle natural shadow, no text, no logos, no watermark, square composition.	projects/fountain-pen-ink-craft/image/unique-01.png	./image/item.png	./image/unique-01.png
fountain-pen-ink-craft	2	product variation	Fountain pen ink	Fountain pen ink	Smooth-flowing gel ink brings bright, expressive color to notes, sketches, and everyday ideas.	24 signature ink colors Quick-drying gel ink Comfortable soft-touch grip	A distinct premium catalog photograph of Fountain pen ink, variation 2: Fountain pen ink. Show the real Fountain pen ink object clearly and accurately, with a different physical presentation from every other asset: Smooth-flowing gel ink brings bright, expressive color to notes, sketches, and everyday ideas. Product details: 24 signature ink colors Quick-drying gel ink Comfortable soft-touch grip. Use a distinct angle, arrangement, and tasteful material/color variation while keeping the item recognizable. Single product focus, realistic proportions, soft studio lighting, warm off-white craft-paper background, subtle natural shadow, no text, no logos, no watermark, square composition.	projects/fountain-pen-ink-craft/image/unique-02.png	./image/item.png	./image/unique-02.png
fountain-pen-ink-craft	3	product variation	Fountain pen ink	Fountain pen ink	Liquid ink glides across the page with effortless flow, expressive line control, and a refined finish.	Silky liquid ink Ultra-smooth writing Premium roller tip	A distinct premium catalog photograph of Fountain pen ink, variation 3: Fountain pen ink. Show the real Fountain pen ink object clearly and accurately, with a different physical presentation from every other asset: Liquid ink glides across the page with effortless flow, expressive line control, and a refined finish. Product details: Silky liquid ink Ultra-smooth writing Premium roller tip. Use a distinct angle, arrangement, and tasteful material/color variation while keeping the item recognizable. Single product focus, realistic proportions, soft studio lighting, warm off-white craft-paper background, subtle natural shadow, no text, no logos, no watermark, square composition.	projects/fountain-pen-ink-craft/image/unique-03.png	./image/item.png	./image/unique-03.png
fountain-pen-ink-craft	4	product variation	Fountain pen ink	Fountain pen ink	A smooth fountain nib and refillable reservoir turn every page into a more considered writing experience.	Refillable ink system Fine and medium nibs Polished metal nib	A distinct premium catalog photograph of Fountain pen ink, variation 4: Fountain pen ink. Show the real Fountain pen ink object clearly and accurately, with a different physical presentation from every other asset: A smooth fountain nib and refillable reservoir turn every page into a more considered writing experience. Product details: Refillable ink system Fine and medium nibs Polished metal nib. Use a distinct angle, arrangement, and tasteful material/color variation while keeping the item recognizable. Single product focus, realistic proportions, soft studio lighting, warm off-white craft-paper background, subtle natural shadow, no text, no logos, no watermark, square composition.	projects/fountain-pen-ink-craft/image/unique-04.png	./image/item.png	./image/unique-04.png
fountain-pen-ink-craft	5	product variation	Fountain pen ink	Fountain pen ink	Precise fiber tips create clean, expressive lines for diagrams, journaling, lettering, and detail work.	0.4mm precision tip Fade-resistant black ink Long-lasting fiber point	A distinct premium catalog photograph of Fountain pen ink, variation 5: Fountain pen ink. Show the real Fountain pen ink object clearly and accurately, with a different physical presentation from every other asset: Precise fiber tips create clean, expressive lines for diagrams, journaling, lettering, and detail work. Product details: 0.4mm precision tip Fade-resistant black ink Long-lasting fiber point. Use a distinct angle, arrangement, and tasteful material/color variation while keeping the item recognizable. Single product focus, realistic proportions, soft studio lighting, warm off-white craft-paper background, subtle natural shadow, no text, no logos, no watermark, square composition.	projects/fountain-pen-ink-craft/image/unique-05.png	./image/item.png	./image/unique-05.png
fountain-pen-ink-craft	6	about presentation	Fountain pen ink	about presentation 6			A distinct editorial presentation image for a stationery and craft product webpage about Fountain pen ink, role about presentation number 6. Feature Fountain pen ink as the clear subject in a unique composition, different from every other image in the repository, realistic product photography, soft studio lighting, warm off-white craft-paper background, no text, no logos, no watermark, square composition.	projects/fountain-pen-ink-craft/image/unique-06.png	./image/item.png	./image/unique-06.png
geometry-sets-craft	1	product variation	Geometry sets	Geometry sets	The reliable everyday choice for notes, lists, and long writing sessions, with a clean line and dependable flow.	0.7mm smooth ballpoint tip Quick-drying blue ink Balanced resin barrel	A distinct premium catalog photograph of Geometry sets, variation 1: Geometry sets. Show the real Geometry sets object clearly and accurately, with a different physical presentation from every other asset: The reliable everyday choice for notes, lists, and long writing sessions, with a clean line and dependable flow. Product details: 0.7mm smooth ballpoint tip Quick-drying blue ink Balanced resin barrel. Use a distinct angle, arrangement, and tasteful material/color variation while keeping the item recognizable. Single product focus, realistic proportions, soft studio lighting, warm off-white craft-paper background, subtle natural shadow, no text, no logos, no watermark, square composition.	projects/geometry-sets-craft/image/unique-01.png	./image/item.png	./image/unique-01.png
geometry-sets-craft	2	product variation	Geometry sets	Geometry sets	Smooth-flowing gel ink brings bright, expressive color to notes, sketches, and everyday ideas.	24 signature ink colors Quick-drying gel ink Comfortable soft-touch grip	A distinct premium catalog photograph of Geometry sets, variation 2: Geometry sets. Show the real Geometry sets object clearly and accurately, with a different physical presentation from every other asset: Smooth-flowing gel ink brings bright, expressive color to notes, sketches, and everyday ideas. Product details: 24 signature ink colors Quick-drying gel ink Comfortable soft-touch grip. Use a distinct angle, arrangement, and tasteful material/color variation while keeping the item recognizable. Single product focus, realistic proportions, soft studio lighting, warm off-white craft-paper background, subtle natural shadow, no text, no logos, no watermark, square composition.	projects/geometry-sets-craft/image/unique-02.png	./image/item.png	./image/unique-02.png
geometry-sets-craft	3	product variation	Geometry sets	Geometry sets	Liquid ink glides across the page with effortless flow, expressive line control, and a refined finish.	Silky liquid ink Ultra-smooth writing Premium roller tip	A distinct premium catalog photograph of Geometry sets, variation 3: Geometry sets. Show the real Geometry sets object clearly and accurately, with a different physical presentation from every other asset: Liquid ink glides across the page with effortless flow, expressive line control, and a refined finish. Product details: Silky liquid ink Ultra-smooth writing Premium roller tip. Use a distinct angle, arrangement, and tasteful material/color variation while keeping the item recognizable. Single product focus, realistic proportions, soft studio lighting, warm off-white craft-paper background, subtle natural shadow, no text, no logos, no watermark, square composition.	projects/geometry-sets-craft/image/unique-03.png	./image/item.png	./image/unique-03.png
geometry-sets-craft	4	product variation	Geometry sets	Geometry sets	A smooth fountain nib and refillable reservoir turn every page into a more considered writing experience.	Refillable ink system Fine and medium nibs Polished metal nib	A distinct premium catalog photograph of Geometry sets, variation 4: Geometry sets. Show the real Geometry sets object clearly and accurately, with a different physical presentation from every other asset: A smooth fountain nib and refillable reservoir turn every page into a more considered writing experience. Product details: Refillable ink system Fine and medium nibs Polished metal nib. Use a distinct angle, arrangement, and tasteful material/color variation while keeping the item recognizable. Single product focus, realistic proportions, soft studio lighting, warm off-white craft-paper background, subtle natural shadow, no text, no logos, no watermark, square composition.	projects/geometry-sets-craft/image/unique-04.png	./image/item.png	./image/unique-04.png
geometry-sets-craft	5	product variation	Geometry sets	Geometry sets	Precise fiber tips create clean, expressive lines for diagrams, journaling, lettering, and detail work.	0.4mm precision tip Fade-resistant black ink Long-lasting fiber point	A distinct premium catalog photograph of Geometry sets, variation 5: Geometry sets. Show the real Geometry sets object clearly and accurately, with a different physical presentation from every other asset: Precise fiber tips create clean, expressive lines for diagrams, journaling, lettering, and detail work. Product details: 0.4mm precision tip Fade-resistant black ink Long-lasting fiber point. Use a distinct angle, arrangement, and tasteful material/color variation while keeping the item recognizable. Single product focus, realistic proportions, soft studio lighting, warm off-white craft-paper background, subtle natural shadow, no text, no logos, no watermark, square composition.	projects/geometry-sets-craft/image/unique-05.png	./image/item.png	./image/unique-05.png
geometry-sets-craft	6	about presentation	Geometry sets	about presentation 6			A distinct editorial presentation image for a stationery and craft product webpage about Geometry sets, role about presentation number 6. Feature Geometry sets as the clear subject in a unique composition, different from every other image in the repository, realistic product photography, soft studio lighting, warm off-white craft-paper background, no text, no logos, no watermark, square composition.	projects/geometry-sets-craft/image/unique-06.png	./image/item.png	./image/unique-06.png
gift-pens-craft	1	product variation	Gift pens	Gift pens	The reliable everyday choice for notes, lists, and long writing sessions, with a clean line and dependable flow.	0.7mm smooth ballpoint tip Quick-drying blue ink Balanced resin barrel	A distinct premium catalog photograph of Gift pens, variation 1: Gift pens. Show the real Gift pens object clearly and accurately, with a different physical presentation from every other asset: The reliable everyday choice for notes, lists, and long writing sessions, with a clean line and dependable flow. Product details: 0.7mm smooth ballpoint tip Quick-drying blue ink Balanced resin barrel. Use a distinct angle, arrangement, and tasteful material/color variation while keeping the item recognizable. Single product focus, realistic proportions, soft studio lighting, warm off-white craft-paper background, subtle natural shadow, no text, no logos, no watermark, square composition.	projects/gift-pens-craft/image/unique-01.png	./image/item.png	./image/unique-01.png
gift-pens-craft	2	product variation	Gift pens	Gift pens	Smooth-flowing gel ink brings bright, expressive color to notes, sketches, and everyday ideas.	24 signature ink colors Quick-drying gel ink Comfortable soft-touch grip	A distinct premium catalog photograph of Gift pens, variation 2: Gift pens. Show the real Gift pens object clearly and accurately, with a different physical presentation from every other asset: Smooth-flowing gel ink brings bright, expressive color to notes, sketches, and everyday ideas. Product details: 24 signature ink colors Quick-drying gel ink Comfortable soft-touch grip. Use a distinct angle, arrangement, and tasteful material/color variation while keeping the item recognizable. Single product focus, realistic proportions, soft studio lighting, warm off-white craft-paper background, subtle natural shadow, no text, no logos, no watermark, square composition.	projects/gift-pens-craft/image/unique-02.png	./image/item.png	./image/unique-02.png
gift-pens-craft	3	product variation	Gift pens	Gift pens	Liquid ink glides across the page with effortless flow, expressive line control, and a refined finish.	Silky liquid ink Ultra-smooth writing Premium roller tip	A distinct premium catalog photograph of Gift pens, variation 3: Gift pens. Show the real Gift pens object clearly and accurately, with a different physical presentation from every other asset: Liquid ink glides across the page with effortless flow, expressive line control, and a refined finish. Product details: Silky liquid ink Ultra-smooth writing Premium roller tip. Use a distinct angle, arrangement, and tasteful material/color variation while keeping the item recognizable. Single product focus, realistic proportions, soft studio lighting, warm off-white craft-paper background, subtle natural shadow, no text, no logos, no watermark, square composition.	projects/gift-pens-craft/image/unique-03.png	./image/item.png	./image/unique-03.png
gift-pens-craft	4	product variation	Gift pens	Gift pens	A smooth fountain nib and refillable reservoir turn every page into a more considered writing experience.	Refillable ink system Fine and medium nibs Polished metal nib	A distinct premium catalog photograph of Gift pens, variation 4: Gift pens. Show the real Gift pens object clearly and accurately, with a different physical presentation from every other asset: A smooth fountain nib and refillable reservoir turn every page into a more considered writing experience. Product details: Refillable ink system Fine and medium nibs Polished metal nib. Use a distinct angle, arrangement, and tasteful material/color variation while keeping the item recognizable. Single product focus, realistic proportions, soft studio lighting, warm off-white craft-paper background, subtle natural shadow, no text, no logos, no watermark, square composition.	projects/gift-pens-craft/image/unique-04.png	./image/item.png	./image/unique-04.png
gift-pens-craft	5	product variation	Gift pens	Gift pens	Precise fiber tips create clean, expressive lines for diagrams, journaling, lettering, and detail work.	0.4mm precision tip Fade-resistant black ink Long-lasting fiber point	A distinct premium catalog photograph of Gift pens, variation 5: Gift pens. Show the real Gift pens object clearly and accurately, with a different physical presentation from every other asset: Precise fiber tips create clean, expressive lines for diagrams, journaling, lettering, and detail work. Product details: 0.4mm precision tip Fade-resistant black ink Long-lasting fiber point. Use a distinct angle, arrangement, and tasteful material/color variation while keeping the item recognizable. Single product focus, realistic proportions, soft studio lighting, warm off-white craft-paper background, subtle natural shadow, no text, no logos, no watermark, square composition.	projects/gift-pens-craft/image/unique-05.png	./image/item.png	./image/unique-05.png
gift-pens-craft	6	about presentation	Gift pens	about presentation 6			A distinct editorial presentation image for a stationery and craft product webpage about Gift pens, role about presentation number 6. Feature Gift pens as the clear subject in a unique composition, different from every other image in the repository, realistic product photography, soft studio lighting, warm off-white craft-paper background, no text, no logos, no watermark, square composition.	projects/gift-pens-craft/image/unique-06.png	./image/item.png	./image/unique-06.png
gift-tags-craft	1	product variation	Gift tags	Gift tags	The reliable everyday choice for notes, lists, and long writing sessions, with a clean line and dependable flow.	0.7mm smooth ballpoint tip Quick-drying blue ink Balanced resin barrel	A distinct premium catalog photograph of Gift tags, variation 1: Gift tags. Show the real Gift tags object clearly and accurately, with a different physical presentation from every other asset: The reliable everyday choice for notes, lists, and long writing sessions, with a clean line and dependable flow. Product details: 0.7mm smooth ballpoint tip Quick-drying blue ink Balanced resin barrel. Use a distinct angle, arrangement, and tasteful material/color variation while keeping the item recognizable. Single product focus, realistic proportions, soft studio lighting, warm off-white craft-paper background, subtle natural shadow, no text, no logos, no watermark, square composition.	projects/gift-tags-craft/image/unique-01.png	./image/item.png	./image/unique-01.png
gift-tags-craft	2	product variation	Gift tags	Gift tags	Smooth-flowing gel ink brings bright, expressive color to notes, sketches, and everyday ideas.	24 signature ink colors Quick-drying gel ink Comfortable soft-touch grip	A distinct premium catalog photograph of Gift tags, variation 2: Gift tags. Show the real Gift tags object clearly and accurately, with a different physical presentation from every other asset: Smooth-flowing gel ink brings bright, expressive color to notes, sketches, and everyday ideas. Product details: 24 signature ink colors Quick-drying gel ink Comfortable soft-touch grip. Use a distinct angle, arrangement, and tasteful material/color variation while keeping the item recognizable. Single product focus, realistic proportions, soft studio lighting, warm off-white craft-paper background, subtle natural shadow, no text, no logos, no watermark, square composition.	projects/gift-tags-craft/image/unique-02.png	./image/item.png	./image/unique-02.png
gift-tags-craft	3	product variation	Gift tags	Gift tags	Liquid ink glides across the page with effortless flow, expressive line control, and a refined finish.	Silky liquid ink Ultra-smooth writing Premium roller tip	A distinct premium catalog photograph of Gift tags, variation 3: Gift tags. Show the real Gift tags object clearly and accurately, with a different physical presentation from every other asset: Liquid ink glides across the page with effortless flow, expressive line control, and a refined finish. Product details: Silky liquid ink Ultra-smooth writing Premium roller tip. Use a distinct angle, arrangement, and tasteful material/color variation while keeping the item recognizable. Single product focus, realistic proportions, soft studio lighting, warm off-white craft-paper background, subtle natural shadow, no text, no logos, no watermark, square composition.	projects/gift-tags-craft/image/unique-03.png	./image/item.png	./image/unique-03.png
gift-tags-craft	4	product variation	Gift tags	Gift tags	A smooth fountain nib and refillable reservoir turn every page into a more considered writing experience.	Refillable ink system Fine and medium nibs Polished metal nib	A distinct premium catalog photograph of Gift tags, variation 4: Gift tags. Show the real Gift tags object clearly and accurately, with a different physical presentation from every other asset: A smooth fountain nib and refillable reservoir turn every page into a more considered writing experience. Product details: Refillable ink system Fine and medium nibs Polished metal nib. Use a distinct angle, arrangement, and tasteful material/color variation while keeping the item recognizable. Single product focus, realistic proportions, soft studio lighting, warm off-white craft-paper background, subtle natural shadow, no text, no logos, no watermark, square composition.	projects/gift-tags-craft/image/unique-04.png	./image/item.png	./image/unique-04.png
gift-tags-craft	5	product variation	Gift tags	Gift tags	Precise fiber tips create clean, expressive lines for diagrams, journaling, lettering, and detail work.	0.4mm precision tip Fade-resistant black ink Long-lasting fiber point	A distinct premium catalog photograph of Gift tags, variation 5: Gift tags. Show the real Gift tags object clearly and accurately, with a different physical presentation from every other asset: Precise fiber tips create clean, expressive lines for diagrams, journaling, lettering, and detail work. Product details: 0.4mm precision tip Fade-resistant black ink Long-lasting fiber point. Use a distinct angle, arrangement, and tasteful material/color variation while keeping the item recognizable. Single product focus, realistic proportions, soft studio lighting, warm off-white craft-paper background, subtle natural shadow, no text, no logos, no watermark, square composition.	projects/gift-tags-craft/image/unique-05.png	./image/item.png	./image/unique-05.png
gift-tags-craft	6	about presentation	Gift tags	about presentation 6			A distinct editorial presentation image for a stationery and craft product webpage about Gift tags, role about presentation number 6. Feature Gift tags as the clear subject in a unique composition, different from every other image in the repository, realistic product photography, soft studio lighting, warm off-white craft-paper background, no text, no logos, no watermark, square composition.	projects/gift-tags-craft/image/unique-06.png	./image/item.png	./image/unique-06.png
glitter-craft	1	product variation	Glitter	Glitter	The reliable everyday choice for notes, lists, and long writing sessions, with a clean line and dependable flow.	0.7mm smooth ballpoint tip Quick-drying blue ink Balanced resin barrel	A distinct premium catalog photograph of Glitter, variation 1: Glitter. Show the real Glitter object clearly and accurately, with a different physical presentation from every other asset: The reliable everyday choice for notes, lists, and long writing sessions, with a clean line and dependable flow. Product details: 0.7mm smooth ballpoint tip Quick-drying blue ink Balanced resin barrel. Use a distinct angle, arrangement, and tasteful material/color variation while keeping the item recognizable. Single product focus, realistic proportions, soft studio lighting, warm off-white craft-paper background, subtle natural shadow, no text, no logos, no watermark, square composition.	projects/glitter-craft/image/unique-01.png	./image/item.png	./image/unique-01.png
glitter-craft	2	product variation	Glitter	Glitter	Smooth-flowing gel ink brings bright, expressive color to notes, sketches, and everyday ideas.	24 signature ink colors Quick-drying gel ink Comfortable soft-touch grip	A distinct premium catalog photograph of Glitter, variation 2: Glitter. Show the real Glitter object clearly and accurately, with a different physical presentation from every other asset: Smooth-flowing gel ink brings bright, expressive color to notes, sketches, and everyday ideas. Product details: 24 signature ink colors Quick-drying gel ink Comfortable soft-touch grip. Use a distinct angle, arrangement, and tasteful material/color variation while keeping the item recognizable. Single product focus, realistic proportions, soft studio lighting, warm off-white craft-paper background, subtle natural shadow, no text, no logos, no watermark, square composition.	projects/glitter-craft/image/unique-02.png	./image/item.png	./image/unique-02.png
glitter-craft	3	product variation	Glitter	Glitter	Liquid ink glides across the page with effortless flow, expressive line control, and a refined finish.	Silky liquid ink Ultra-smooth writing Premium roller tip	A distinct premium catalog photograph of Glitter, variation 3: Glitter. Show the real Glitter object clearly and accurately, with a different physical presentation from every other asset: Liquid ink glides across the page with effortless flow, expressive line control, and a refined finish. Product details: Silky liquid ink Ultra-smooth writing Premium roller tip. Use a distinct angle, arrangement, and tasteful material/color variation while keeping the item recognizable. Single product focus, realistic proportions, soft studio lighting, warm off-white craft-paper background, subtle natural shadow, no text, no logos, no watermark, square composition.	projects/glitter-craft/image/unique-03.png	./image/item.png	./image/unique-03.png
glitter-craft	4	product variation	Glitter	Glitter	A smooth fountain nib and refillable reservoir turn every page into a more considered writing experience.	Refillable ink system Fine and medium nibs Polished metal nib	A distinct premium catalog photograph of Glitter, variation 4: Glitter. Show the real Glitter object clearly and accurately, with a different physical presentation from every other asset: A smooth fountain nib and refillable reservoir turn every page into a more considered writing experience. Product details: Refillable ink system Fine and medium nibs Polished metal nib. Use a distinct angle, arrangement, and tasteful material/color variation while keeping the item recognizable. Single product focus, realistic proportions, soft studio lighting, warm off-white craft-paper background, subtle natural shadow, no text, no logos, no watermark, square composition.	projects/glitter-craft/image/unique-04.png	./image/item.png	./image/unique-04.png
glitter-craft	5	product variation	Glitter	Glitter	Precise fiber tips create clean, expressive lines for diagrams, journaling, lettering, and detail work.	0.4mm precision tip Fade-resistant black ink Long-lasting fiber point	A distinct premium catalog photograph of Glitter, variation 5: Glitter. Show the real Glitter object clearly and accurately, with a different physical presentation from every other asset: Precise fiber tips create clean, expressive lines for diagrams, journaling, lettering, and detail work. Product details: 0.4mm precision tip Fade-resistant black ink Long-lasting fiber point. Use a distinct angle, arrangement, and tasteful material/color variation while keeping the item recognizable. Single product focus, realistic proportions, soft studio lighting, warm off-white craft-paper background, subtle natural shadow, no text, no logos, no watermark, square composition.	projects/glitter-craft/image/unique-05.png	./image/item.png	./image/unique-05.png
glitter-craft	6	about presentation	Glitter	about presentation 6			A distinct editorial presentation image for a stationery and craft product webpage about Glitter, role about presentation number 6. Feature Glitter as the clear subject in a unique composition, different from every other image in the repository, realistic product photography, soft studio lighting, warm off-white craft-paper background, no text, no logos, no watermark, square composition.	projects/glitter-craft/image/unique-06.png	./image/item.png	./image/unique-06.png
glue-sticks-craft	1	product variation	Glue sticks	Glue sticks	The reliable everyday choice for notes, lists, and long writing sessions, with a clean line and dependable flow.	0.7mm smooth ballpoint tip Quick-drying blue ink Balanced resin barrel	A distinct premium catalog photograph of Glue sticks, variation 1: Glue sticks. Show the real Glue sticks object clearly and accurately, with a different physical presentation from every other asset: The reliable everyday choice for notes, lists, and long writing sessions, with a clean line and dependable flow. Product details: 0.7mm smooth ballpoint tip Quick-drying blue ink Balanced resin barrel. Use a distinct angle, arrangement, and tasteful material/color variation while keeping the item recognizable. Single product focus, realistic proportions, soft studio lighting, warm off-white craft-paper background, subtle natural shadow, no text, no logos, no watermark, square composition.	projects/glue-sticks-craft/image/unique-01.png	./image/item.png	./image/unique-01.png
glue-sticks-craft	2	product variation	Glue sticks	Glue sticks	Smooth-flowing gel ink brings bright, expressive color to notes, sketches, and everyday ideas.	24 signature ink colors Quick-drying gel ink Comfortable soft-touch grip	A distinct premium catalog photograph of Glue sticks, variation 2: Glue sticks. Show the real Glue sticks object clearly and accurately, with a different physical presentation from every other asset: Smooth-flowing gel ink brings bright, expressive color to notes, sketches, and everyday ideas. Product details: 24 signature ink colors Quick-drying gel ink Comfortable soft-touch grip. Use a distinct angle, arrangement, and tasteful material/color variation while keeping the item recognizable. Single product focus, realistic proportions, soft studio lighting, warm off-white craft-paper background, subtle natural shadow, no text, no logos, no watermark, square composition.	projects/glue-sticks-craft/image/unique-02.png	./image/item.png	./image/unique-02.png
glue-sticks-craft	3	product variation	Glue sticks	Glue sticks	Liquid ink glides across the page with effortless flow, expressive line control, and a refined finish.	Silky liquid ink Ultra-smooth writing Premium roller tip	A distinct premium catalog photograph of Glue sticks, variation 3: Glue sticks. Show the real Glue sticks object clearly and accurately, with a different physical presentation from every other asset: Liquid ink glides across the page with effortless flow, expressive line control, and a refined finish. Product details: Silky liquid ink Ultra-smooth writing Premium roller tip. Use a distinct angle, arrangement, and tasteful material/color variation while keeping the item recognizable. Single product focus, realistic proportions, soft studio lighting, warm off-white craft-paper background, subtle natural shadow, no text, no logos, no watermark, square composition.	projects/glue-sticks-craft/image/unique-03.png	./image/item.png	./image/unique-03.png
glue-sticks-craft	4	product variation	Glue sticks	Glue sticks	A smooth fountain nib and refillable reservoir turn every page into a more considered writing experience.	Refillable ink system Fine and medium nibs Polished metal nib	A distinct premium catalog photograph of Glue sticks, variation 4: Glue sticks. Show the real Glue sticks object clearly and accurately, with a different physical presentation from every other asset: A smooth fountain nib and refillable reservoir turn every page into a more considered writing experience. Product details: Refillable ink system Fine and medium nibs Polished metal nib. Use a distinct angle, arrangement, and tasteful material/color variation while keeping the item recognizable. Single product focus, realistic proportions, soft studio lighting, warm off-white craft-paper background, subtle natural shadow, no text, no logos, no watermark, square composition.	projects/glue-sticks-craft/image/unique-04.png	./image/item.png	./image/unique-04.png
glue-sticks-craft	5	product variation	Glue sticks	Glue sticks	Precise fiber tips create clean, expressive lines for diagrams, journaling, lettering, and detail work.	0.4mm precision tip Fade-resistant black ink Long-lasting fiber point	A distinct premium catalog photograph of Glue sticks, variation 5: Glue sticks. Show the real Glue sticks object clearly and accurately, with a different physical presentation from every other asset: Precise fiber tips create clean, expressive lines for diagrams, journaling, lettering, and detail work. Product details: 0.4mm precision tip Fade-resistant black ink Long-lasting fiber point. Use a distinct angle, arrangement, and tasteful material/color variation while keeping the item recognizable. Single product focus, realistic proportions, soft studio lighting, warm off-white craft-paper background, subtle natural shadow, no text, no logos, no watermark, square composition.	projects/glue-sticks-craft/image/unique-05.png	./image/item.png	./image/unique-05.png
glue-sticks-craft	6	about presentation	Glue sticks	about presentation 6			A distinct editorial presentation image for a stationery and craft product webpage about Glue sticks, role about presentation number 6. Feature Glue sticks as the clear subject in a unique composition, different from every other image in the repository, realistic product photography, soft studio lighting, warm off-white craft-paper background, no text, no logos, no watermark, square composition.	projects/glue-sticks-craft/image/unique-06.png	./image/item.png	./image/unique-06.png
graph-paper-craft	1	product variation	Graph paper	Graph paper	The reliable everyday choice for notes, lists, and long writing sessions, with a clean line and dependable flow.	0.7mm smooth ballpoint tip Quick-drying blue ink Balanced resin barrel	A distinct premium catalog photograph of Graph paper, variation 1: Graph paper. Show the real Graph paper object clearly and accurately, with a different physical presentation from every other asset: The reliable everyday choice for notes, lists, and long writing sessions, with a clean line and dependable flow. Product details: 0.7mm smooth ballpoint tip Quick-drying blue ink Balanced resin barrel. Use a distinct angle, arrangement, and tasteful material/color variation while keeping the item recognizable. Single product focus, realistic proportions, soft studio lighting, warm off-white craft-paper background, subtle natural shadow, no text, no logos, no watermark, square composition.	projects/graph-paper-craft/image/unique-01.png	./image/item.png	./image/unique-01.png
graph-paper-craft	2	product variation	Graph paper	Graph paper	Smooth-flowing gel ink brings bright, expressive color to notes, sketches, and everyday ideas.	24 signature ink colors Quick-drying gel ink Comfortable soft-touch grip	A distinct premium catalog photograph of Graph paper, variation 2: Graph paper. Show the real Graph paper object clearly and accurately, with a different physical presentation from every other asset: Smooth-flowing gel ink brings bright, expressive color to notes, sketches, and everyday ideas. Product details: 24 signature ink colors Quick-drying gel ink Comfortable soft-touch grip. Use a distinct angle, arrangement, and tasteful material/color variation while keeping the item recognizable. Single product focus, realistic proportions, soft studio lighting, warm off-white craft-paper background, subtle natural shadow, no text, no logos, no watermark, square composition.	projects/graph-paper-craft/image/unique-02.png	./image/item.png	./image/unique-02.png
graph-paper-craft	3	product variation	Graph paper	Graph paper	Liquid ink glides across the page with effortless flow, expressive line control, and a refined finish.	Silky liquid ink Ultra-smooth writing Premium roller tip	A distinct premium catalog photograph of Graph paper, variation 3: Graph paper. Show the real Graph paper object clearly and accurately, with a different physical presentation from every other asset: Liquid ink glides across the page with effortless flow, expressive line control, and a refined finish. Product details: Silky liquid ink Ultra-smooth writing Premium roller tip. Use a distinct angle, arrangement, and tasteful material/color variation while keeping the item recognizable. Single product focus, realistic proportions, soft studio lighting, warm off-white craft-paper background, subtle natural shadow, no text, no logos, no watermark, square composition.	projects/graph-paper-craft/image/unique-03.png	./image/item.png	./image/unique-03.png
graph-paper-craft	4	product variation	Graph paper	Graph paper	A smooth fountain nib and refillable reservoir turn every page into a more considered writing experience.	Refillable ink system Fine and medium nibs Polished metal nib	A distinct premium catalog photograph of Graph paper, variation 4: Graph paper. Show the real Graph paper object clearly and accurately, with a different physical presentation from every other asset: A smooth fountain nib and refillable reservoir turn every page into a more considered writing experience. Product details: Refillable ink system Fine and medium nibs Polished metal nib. Use a distinct angle, arrangement, and tasteful material/color variation while keeping the item recognizable. Single product focus, realistic proportions, soft studio lighting, warm off-white craft-paper background, subtle natural shadow, no text, no logos, no watermark, square composition.	projects/graph-paper-craft/image/unique-04.png	./image/item.png	./image/unique-04.png
graph-paper-craft	5	product variation	Graph paper	Graph paper	Precise fiber tips create clean, expressive lines for diagrams, journaling, lettering, and detail work.	0.4mm precision tip Fade-resistant black ink Long-lasting fiber point	A distinct premium catalog photograph of Graph paper, variation 5: Graph paper. Show the real Graph paper object clearly and accurately, with a different physical presentation from every other asset: Precise fiber tips create clean, expressive lines for diagrams, journaling, lettering, and detail work. Product details: 0.4mm precision tip Fade-resistant black ink Long-lasting fiber point. Use a distinct angle, arrangement, and tasteful material/color variation while keeping the item recognizable. Single product focus, realistic proportions, soft studio lighting, warm off-white craft-paper background, subtle natural shadow, no text, no logos, no watermark, square composition.	projects/graph-paper-craft/image/unique-05.png	./image/item.png	./image/unique-05.png
graph-paper-craft	6	about presentation	Graph paper	about presentation 6			A distinct editorial presentation image for a stationery and craft product webpage about Graph paper, role about presentation number 6. Feature Graph paper as the clear subject in a unique composition, different from every other image in the repository, realistic product photography, soft studio lighting, warm off-white craft-paper background, no text, no logos, no watermark, square composition.	projects/graph-paper-craft/image/unique-06.png	./image/item.png	./image/unique-06.png
graphite-pencils-craft	1	product variation	Graphite pencils	Graphite pencils	The reliable everyday choice for notes, lists, and long writing sessions, with a clean line and dependable flow.	0.7mm smooth ballpoint tip Quick-drying blue ink Balanced resin barrel	A distinct premium catalog photograph of Graphite pencils, variation 1: Graphite pencils. Show the real Graphite pencils object clearly and accurately, with a different physical presentation from every other asset: The reliable everyday choice for notes, lists, and long writing sessions, with a clean line and dependable flow. Product details: 0.7mm smooth ballpoint tip Quick-drying blue ink Balanced resin barrel. Use a distinct angle, arrangement, and tasteful material/color variation while keeping the item recognizable. Single product focus, realistic proportions, soft studio lighting, warm off-white craft-paper background, subtle natural shadow, no text, no logos, no watermark, square composition.	projects/graphite-pencils-craft/image/unique-01.png	./image/item.png	./image/unique-01.png
graphite-pencils-craft	2	product variation	Graphite pencils	Graphite pencils	Smooth-flowing gel ink brings bright, expressive color to notes, sketches, and everyday ideas.	24 signature ink colors Quick-drying gel ink Comfortable soft-touch grip	A distinct premium catalog photograph of Graphite pencils, variation 2: Graphite pencils. Show the real Graphite pencils object clearly and accurately, with a different physical presentation from every other asset: Smooth-flowing gel ink brings bright, expressive color to notes, sketches, and everyday ideas. Product details: 24 signature ink colors Quick-drying gel ink Comfortable soft-touch grip. Use a distinct angle, arrangement, and tasteful material/color variation while keeping the item recognizable. Single product focus, realistic proportions, soft studio lighting, warm off-white craft-paper background, subtle natural shadow, no text, no logos, no watermark, square composition.	projects/graphite-pencils-craft/image/unique-02.png	./image/item.png	./image/unique-02.png
graphite-pencils-craft	3	product variation	Graphite pencils	Graphite pencils	Liquid ink glides across the page with effortless flow, expressive line control, and a refined finish.	Silky liquid ink Ultra-smooth writing Premium roller tip	A distinct premium catalog photograph of Graphite pencils, variation 3: Graphite pencils. Show the real Graphite pencils object clearly and accurately, with a different physical presentation from every other asset: Liquid ink glides across the page with effortless flow, expressive line control, and a refined finish. Product details: Silky liquid ink Ultra-smooth writing Premium roller tip. Use a distinct angle, arrangement, and tasteful material/color variation while keeping the item recognizable. Single product focus, realistic proportions, soft studio lighting, warm off-white craft-paper background, subtle natural shadow, no text, no logos, no watermark, square composition.	projects/graphite-pencils-craft/image/unique-03.png	./image/item.png	./image/unique-03.png
graphite-pencils-craft	4	product variation	Graphite pencils	Graphite pencils	A smooth fountain nib and refillable reservoir turn every page into a more considered writing experience.	Refillable ink system Fine and medium nibs Polished metal nib	A distinct premium catalog photograph of Graphite pencils, variation 4: Graphite pencils. Show the real Graphite pencils object clearly and accurately, with a different physical presentation from every other asset: A smooth fountain nib and refillable reservoir turn every page into a more considered writing experience. Product details: Refillable ink system Fine and medium nibs Polished metal nib. Use a distinct angle, arrangement, and tasteful material/color variation while keeping the item recognizable. Single product focus, realistic proportions, soft studio lighting, warm off-white craft-paper background, subtle natural shadow, no text, no logos, no watermark, square composition.	projects/graphite-pencils-craft/image/unique-04.png	./image/item.png	./image/unique-04.png
graphite-pencils-craft	5	product variation	Graphite pencils	Graphite pencils	Precise fiber tips create clean, expressive lines for diagrams, journaling, lettering, and detail work.	0.4mm precision tip Fade-resistant black ink Long-lasting fiber point	A distinct premium catalog photograph of Graphite pencils, variation 5: Graphite pencils. Show the real Graphite pencils object clearly and accurately, with a different physical presentation from every other asset: Precise fiber tips create clean, expressive lines for diagrams, journaling, lettering, and detail work. Product details: 0.4mm precision tip Fade-resistant black ink Long-lasting fiber point. Use a distinct angle, arrangement, and tasteful material/color variation while keeping the item recognizable. Single product focus, realistic proportions, soft studio lighting, warm off-white craft-paper background, subtle natural shadow, no text, no logos, no watermark, square composition.	projects/graphite-pencils-craft/image/unique-05.png	./image/item.png	./image/unique-05.png
graphite-pencils-craft	6	about presentation	Graphite pencils	about presentation 6			A distinct editorial presentation image for a stationery and craft product webpage about Graphite pencils, role about presentation number 6. Feature Graphite pencils as the clear subject in a unique composition, different from every other image in the repository, realistic product photography, soft studio lighting, warm off-white craft-paper background, no text, no logos, no watermark, square composition.	projects/graphite-pencils-craft/image/unique-06.png	./image/item.png	./image/unique-06.png
greeting-cards-craft	1	product variation	Greeting cards	Greeting cards	The reliable everyday choice for notes, lists, and long writing sessions, with a clean line and dependable flow.	0.7mm smooth ballpoint tip Quick-drying blue ink Balanced resin barrel	A distinct premium catalog photograph of Greeting cards, variation 1: Greeting cards. Show the real Greeting cards object clearly and accurately, with a different physical presentation from every other asset: The reliable everyday choice for notes, lists, and long writing sessions, with a clean line and dependable flow. Product details: 0.7mm smooth ballpoint tip Quick-drying blue ink Balanced resin barrel. Use a distinct angle, arrangement, and tasteful material/color variation while keeping the item recognizable. Single product focus, realistic proportions, soft studio lighting, warm off-white craft-paper background, subtle natural shadow, no text, no logos, no watermark, square composition.	projects/greeting-cards-craft/image/unique-01.png	./image/item.png	./image/unique-01.png
greeting-cards-craft	2	product variation	Greeting cards	Greeting cards	Smooth-flowing gel ink brings bright, expressive color to notes, sketches, and everyday ideas.	24 signature ink colors Quick-drying gel ink Comfortable soft-touch grip	A distinct premium catalog photograph of Greeting cards, variation 2: Greeting cards. Show the real Greeting cards object clearly and accurately, with a different physical presentation from every other asset: Smooth-flowing gel ink brings bright, expressive color to notes, sketches, and everyday ideas. Product details: 24 signature ink colors Quick-drying gel ink Comfortable soft-touch grip. Use a distinct angle, arrangement, and tasteful material/color variation while keeping the item recognizable. Single product focus, realistic proportions, soft studio lighting, warm off-white craft-paper background, subtle natural shadow, no text, no logos, no watermark, square composition.	projects/greeting-cards-craft/image/unique-02.png	./image/item.png	./image/unique-02.png
greeting-cards-craft	3	product variation	Greeting cards	Greeting cards	Liquid ink glides across the page with effortless flow, expressive line control, and a refined finish.	Silky liquid ink Ultra-smooth writing Premium roller tip	A distinct premium catalog photograph of Greeting cards, variation 3: Greeting cards. Show the real Greeting cards object clearly and accurately, with a different physical presentation from every other asset: Liquid ink glides across the page with effortless flow, expressive line control, and a refined finish. Product details: Silky liquid ink Ultra-smooth writing Premium roller tip. Use a distinct angle, arrangement, and tasteful material/color variation while keeping the item recognizable. Single product focus, realistic proportions, soft studio lighting, warm off-white craft-paper background, subtle natural shadow, no text, no logos, no watermark, square composition.	projects/greeting-cards-craft/image/unique-03.png	./image/item.png	./image/unique-03.png
greeting-cards-craft	4	product variation	Greeting cards	Greeting cards	A smooth fountain nib and refillable reservoir turn every page into a more considered writing experience.	Refillable ink system Fine and medium nibs Polished metal nib	A distinct premium catalog photograph of Greeting cards, variation 4: Greeting cards. Show the real Greeting cards object clearly and accurately, with a different physical presentation from every other asset: A smooth fountain nib and refillable reservoir turn every page into a more considered writing experience. Product details: Refillable ink system Fine and medium nibs Polished metal nib. Use a distinct angle, arrangement, and tasteful material/color variation while keeping the item recognizable. Single product focus, realistic proportions, soft studio lighting, warm off-white craft-paper background, subtle natural shadow, no text, no logos, no watermark, square composition.	projects/greeting-cards-craft/image/unique-04.png	./image/item.png	./image/unique-04.png
greeting-cards-craft	5	product variation	Greeting cards	Greeting cards	Precise fiber tips create clean, expressive lines for diagrams, journaling, lettering, and detail work.	0.4mm precision tip Fade-resistant black ink Long-lasting fiber point	A distinct premium catalog photograph of Greeting cards, variation 5: Greeting cards. Show the real Greeting cards object clearly and accurately, with a different physical presentation from every other asset: Precise fiber tips create clean, expressive lines for diagrams, journaling, lettering, and detail work. Product details: 0.4mm precision tip Fade-resistant black ink Long-lasting fiber point. Use a distinct angle, arrangement, and tasteful material/color variation while keeping the item recognizable. Single product focus, realistic proportions, soft studio lighting, warm off-white craft-paper background, subtle natural shadow, no text, no logos, no watermark, square composition.	projects/greeting-cards-craft/image/unique-05.png	./image/item.png	./image/unique-05.png
greeting-cards-craft	6	about presentation	Greeting cards	about presentation 6			A distinct editorial presentation image for a stationery and craft product webpage about Greeting cards, role about presentation number 6. Feature Greeting cards as the clear subject in a unique composition, different from every other image in the repository, realistic product photography, soft studio lighting, warm off-white craft-paper background, no text, no logos, no watermark, square composition.	projects/greeting-cards-craft/image/unique-06.png	./image/item.png	./image/unique-06.png
hardcover-notebooks-craft	1	product variation	Hardcover notebooks	Hardcover notebooks	The reliable everyday choice for notes, lists, and long writing sessions, with a clean line and dependable flow.	0.7mm smooth ballpoint tip Quick-drying blue ink Balanced resin barrel	A distinct premium catalog photograph of Hardcover notebooks, variation 1: Hardcover notebooks. Show the real Hardcover notebooks object clearly and accurately, with a different physical presentation from every other asset: The reliable everyday choice for notes, lists, and long writing sessions, with a clean line and dependable flow. Product details: 0.7mm smooth ballpoint tip Quick-drying blue ink Balanced resin barrel. Use a distinct angle, arrangement, and tasteful material/color variation while keeping the item recognizable. Single product focus, realistic proportions, soft studio lighting, warm off-white craft-paper background, subtle natural shadow, no text, no logos, no watermark, square composition.	projects/hardcover-notebooks-craft/image/unique-01.png	./image/item.png	./image/unique-01.png
hardcover-notebooks-craft	2	product variation	Hardcover notebooks	Hardcover notebooks	Smooth-flowing gel ink brings bright, expressive color to notes, sketches, and everyday ideas.	24 signature ink colors Quick-drying gel ink Comfortable soft-touch grip	A distinct premium catalog photograph of Hardcover notebooks, variation 2: Hardcover notebooks. Show the real Hardcover notebooks object clearly and accurately, with a different physical presentation from every other asset: Smooth-flowing gel ink brings bright, expressive color to notes, sketches, and everyday ideas. Product details: 24 signature ink colors Quick-drying gel ink Comfortable soft-touch grip. Use a distinct angle, arrangement, and tasteful material/color variation while keeping the item recognizable. Single product focus, realistic proportions, soft studio lighting, warm off-white craft-paper background, subtle natural shadow, no text, no logos, no watermark, square composition.	projects/hardcover-notebooks-craft/image/unique-02.png	./image/item.png	./image/unique-02.png
hardcover-notebooks-craft	3	product variation	Hardcover notebooks	Hardcover notebooks	Liquid ink glides across the page with effortless flow, expressive line control, and a refined finish.	Silky liquid ink Ultra-smooth writing Premium roller tip	A distinct premium catalog photograph of Hardcover notebooks, variation 3: Hardcover notebooks. Show the real Hardcover notebooks object clearly and accurately, with a different physical presentation from every other asset: Liquid ink glides across the page with effortless flow, expressive line control, and a refined finish. Product details: Silky liquid ink Ultra-smooth writing Premium roller tip. Use a distinct angle, arrangement, and tasteful material/color variation while keeping the item recognizable. Single product focus, realistic proportions, soft studio lighting, warm off-white craft-paper background, subtle natural shadow, no text, no logos, no watermark, square composition.	projects/hardcover-notebooks-craft/image/unique-03.png	./image/item.png	./image/unique-03.png
hardcover-notebooks-craft	4	product variation	Hardcover notebooks	Hardcover notebooks	A smooth fountain nib and refillable reservoir turn every page into a more considered writing experience.	Refillable ink system Fine and medium nibs Polished metal nib	A distinct premium catalog photograph of Hardcover notebooks, variation 4: Hardcover notebooks. Show the real Hardcover notebooks object clearly and accurately, with a different physical presentation from every other asset: A smooth fountain nib and refillable reservoir turn every page into a more considered writing experience. Product details: Refillable ink system Fine and medium nibs Polished metal nib. Use a distinct angle, arrangement, and tasteful material/color variation while keeping the item recognizable. Single product focus, realistic proportions, soft studio lighting, warm off-white craft-paper background, subtle natural shadow, no text, no logos, no watermark, square composition.	projects/hardcover-notebooks-craft/image/unique-04.png	./image/item.png	./image/unique-04.png
hardcover-notebooks-craft	5	product variation	Hardcover notebooks	Hardcover notebooks	Precise fiber tips create clean, expressive lines for diagrams, journaling, lettering, and detail work.	0.4mm precision tip Fade-resistant black ink Long-lasting fiber point	A distinct premium catalog photograph of Hardcover notebooks, variation 5: Hardcover notebooks. Show the real Hardcover notebooks object clearly and accurately, with a different physical presentation from every other asset: Precise fiber tips create clean, expressive lines for diagrams, journaling, lettering, and detail work. Product details: 0.4mm precision tip Fade-resistant black ink Long-lasting fiber point. Use a distinct angle, arrangement, and tasteful material/color variation while keeping the item recognizable. Single product focus, realistic proportions, soft studio lighting, warm off-white craft-paper background, subtle natural shadow, no text, no logos, no watermark, square composition.	projects/hardcover-notebooks-craft/image/unique-05.png	./image/item.png	./image/unique-05.png
hardcover-notebooks-craft	6	about presentation	Hardcover notebooks	about presentation 6			A distinct editorial presentation image for a stationery and craft product webpage about Hardcover notebooks, role about presentation number 6. Feature Hardcover notebooks as the clear subject in a unique composition, different from every other image in the repository, realistic product photography, soft studio lighting, warm off-white craft-paper background, no text, no logos, no watermark, square composition.	projects/hardcover-notebooks-craft/image/unique-06.png	./image/item.png	./image/unique-06.png
hole-punches-craft	1	product variation	Hole punches	Hole punches	The reliable everyday choice for notes, lists, and long writing sessions, with a clean line and dependable flow.	0.7mm smooth ballpoint tip Quick-drying blue ink Balanced resin barrel	A distinct premium catalog photograph of Hole punches, variation 1: Hole punches. Show the real Hole punches object clearly and accurately, with a different physical presentation from every other asset: The reliable everyday choice for notes, lists, and long writing sessions, with a clean line and dependable flow. Product details: 0.7mm smooth ballpoint tip Quick-drying blue ink Balanced resin barrel. Use a distinct angle, arrangement, and tasteful material/color variation while keeping the item recognizable. Single product focus, realistic proportions, soft studio lighting, warm off-white craft-paper background, subtle natural shadow, no text, no logos, no watermark, square composition.	projects/hole-punches-craft/image/unique-01.png	./image/item.png	./image/unique-01.png
hole-punches-craft	2	product variation	Hole punches	Hole punches	Smooth-flowing gel ink brings bright, expressive color to notes, sketches, and everyday ideas.	24 signature ink colors Quick-drying gel ink Comfortable soft-touch grip	A distinct premium catalog photograph of Hole punches, variation 2: Hole punches. Show the real Hole punches object clearly and accurately, with a different physical presentation from every other asset: Smooth-flowing gel ink brings bright, expressive color to notes, sketches, and everyday ideas. Product details: 24 signature ink colors Quick-drying gel ink Comfortable soft-touch grip. Use a distinct angle, arrangement, and tasteful material/color variation while keeping the item recognizable. Single product focus, realistic proportions, soft studio lighting, warm off-white craft-paper background, subtle natural shadow, no text, no logos, no watermark, square composition.	projects/hole-punches-craft/image/unique-02.png	./image/item.png	./image/unique-02.png
hole-punches-craft	3	product variation	Hole punches	Hole punches	Liquid ink glides across the page with effortless flow, expressive line control, and a refined finish.	Silky liquid ink Ultra-smooth writing Premium roller tip	A distinct premium catalog photograph of Hole punches, variation 3: Hole punches. Show the real Hole punches object clearly and accurately, with a different physical presentation from every other asset: Liquid ink glides across the page with effortless flow, expressive line control, and a refined finish. Product details: Silky liquid ink Ultra-smooth writing Premium roller tip. Use a distinct angle, arrangement, and tasteful material/color variation while keeping the item recognizable. Single product focus, realistic proportions, soft studio lighting, warm off-white craft-paper background, subtle natural shadow, no text, no logos, no watermark, square composition.	projects/hole-punches-craft/image/unique-03.png	./image/item.png	./image/unique-03.png
hole-punches-craft	4	product variation	Hole punches	Hole punches	A smooth fountain nib and refillable reservoir turn every page into a more considered writing experience.	Refillable ink system Fine and medium nibs Polished metal nib	A distinct premium catalog photograph of Hole punches, variation 4: Hole punches. Show the real Hole punches object clearly and accurately, with a different physical presentation from every other asset: A smooth fountain nib and refillable reservoir turn every page into a more considered writing experience. Product details: Refillable ink system Fine and medium nibs Polished metal nib. Use a distinct angle, arrangement, and tasteful material/color variation while keeping the item recognizable. Single product focus, realistic proportions, soft studio lighting, warm off-white craft-paper background, subtle natural shadow, no text, no logos, no watermark, square composition.	projects/hole-punches-craft/image/unique-04.png	./image/item.png	./image/unique-04.png
hole-punches-craft	5	product variation	Hole punches	Hole punches	Precise fiber tips create clean, expressive lines for diagrams, journaling, lettering, and detail work.	0.4mm precision tip Fade-resistant black ink Long-lasting fiber point	A distinct premium catalog photograph of Hole punches, variation 5: Hole punches. Show the real Hole punches object clearly and accurately, with a different physical presentation from every other asset: Precise fiber tips create clean, expressive lines for diagrams, journaling, lettering, and detail work. Product details: 0.4mm precision tip Fade-resistant black ink Long-lasting fiber point. Use a distinct angle, arrangement, and tasteful material/color variation while keeping the item recognizable. Single product focus, realistic proportions, soft studio lighting, warm off-white craft-paper background, subtle natural shadow, no text, no logos, no watermark, square composition.	projects/hole-punches-craft/image/unique-05.png	./image/item.png	./image/unique-05.png
hole-punches-craft	6	about presentation	Hole punches	about presentation 6			A distinct editorial presentation image for a stationery and craft product webpage about Hole punches, role about presentation number 6. Feature Hole punches as the clear subject in a unique composition, different from every other image in the repository, realistic product photography, soft studio lighting, warm off-white craft-paper background, no text, no logos, no watermark, square composition.	projects/hole-punches-craft/image/unique-06.png	./image/item.png	./image/unique-06.png
index-cards-craft	1	product variation	Index cards	Index cards	The reliable everyday choice for notes, lists, and long writing sessions, with a clean line and dependable flow.	0.7mm smooth ballpoint tip Quick-drying blue ink Balanced resin barrel	A distinct premium catalog photograph of Index cards, variation 1: Index cards. Show the real Index cards object clearly and accurately, with a different physical presentation from every other asset: The reliable everyday choice for notes, lists, and long writing sessions, with a clean line and dependable flow. Product details: 0.7mm smooth ballpoint tip Quick-drying blue ink Balanced resin barrel. Use a distinct angle, arrangement, and tasteful material/color variation while keeping the item recognizable. Single product focus, realistic proportions, soft studio lighting, warm off-white craft-paper background, subtle natural shadow, no text, no logos, no watermark, square composition.	projects/index-cards-craft/image/unique-01.png	./image/item.png	./image/unique-01.png
index-cards-craft	2	product variation	Index cards	Index cards	Smooth-flowing gel ink brings bright, expressive color to notes, sketches, and everyday ideas.	24 signature ink colors Quick-drying gel ink Comfortable soft-touch grip	A distinct premium catalog photograph of Index cards, variation 2: Index cards. Show the real Index cards object clearly and accurately, with a different physical presentation from every other asset: Smooth-flowing gel ink brings bright, expressive color to notes, sketches, and everyday ideas. Product details: 24 signature ink colors Quick-drying gel ink Comfortable soft-touch grip. Use a distinct angle, arrangement, and tasteful material/color variation while keeping the item recognizable. Single product focus, realistic proportions, soft studio lighting, warm off-white craft-paper background, subtle natural shadow, no text, no logos, no watermark, square composition.	projects/index-cards-craft/image/unique-02.png	./image/item.png	./image/unique-02.png
index-cards-craft	3	product variation	Index cards	Index cards	Liquid ink glides across the page with effortless flow, expressive line control, and a refined finish.	Silky liquid ink Ultra-smooth writing Premium roller tip	A distinct premium catalog photograph of Index cards, variation 3: Index cards. Show the real Index cards object clearly and accurately, with a different physical presentation from every other asset: Liquid ink glides across the page with effortless flow, expressive line control, and a refined finish. Product details: Silky liquid ink Ultra-smooth writing Premium roller tip. Use a distinct angle, arrangement, and tasteful material/color variation while keeping the item recognizable. Single product focus, realistic proportions, soft studio lighting, warm off-white craft-paper background, subtle natural shadow, no text, no logos, no watermark, square composition.	projects/index-cards-craft/image/unique-03.png	./image/item.png	./image/unique-03.png
index-cards-craft	4	product variation	Index cards	Index cards	A smooth fountain nib and refillable reservoir turn every page into a more considered writing experience.	Refillable ink system Fine and medium nibs Polished metal nib	A distinct premium catalog photograph of Index cards, variation 4: Index cards. Show the real Index cards object clearly and accurately, with a different physical presentation from every other asset: A smooth fountain nib and refillable reservoir turn every page into a more considered writing experience. Product details: Refillable ink system Fine and medium nibs Polished metal nib. Use a distinct angle, arrangement, and tasteful material/color variation while keeping the item recognizable. Single product focus, realistic proportions, soft studio lighting, warm off-white craft-paper background, subtle natural shadow, no text, no logos, no watermark, square composition.	projects/index-cards-craft/image/unique-04.png	./image/item.png	./image/unique-04.png
index-cards-craft	5	product variation	Index cards	Index cards	Precise fiber tips create clean, expressive lines for diagrams, journaling, lettering, and detail work.	0.4mm precision tip Fade-resistant black ink Long-lasting fiber point	A distinct premium catalog photograph of Index cards, variation 5: Index cards. Show the real Index cards object clearly and accurately, with a different physical presentation from every other asset: Precise fiber tips create clean, expressive lines for diagrams, journaling, lettering, and detail work. Product details: 0.4mm precision tip Fade-resistant black ink Long-lasting fiber point. Use a distinct angle, arrangement, and tasteful material/color variation while keeping the item recognizable. Single product focus, realistic proportions, soft studio lighting, warm off-white craft-paper background, subtle natural shadow, no text, no logos, no watermark, square composition.	projects/index-cards-craft/image/unique-05.png	./image/item.png	./image/unique-05.png
index-cards-craft	6	about presentation	Index cards	about presentation 6			A distinct editorial presentation image for a stationery and craft product webpage about Index cards, role about presentation number 6. Feature Index cards as the clear subject in a unique composition, different from every other image in the repository, realistic product photography, soft studio lighting, warm off-white craft-paper background, no text, no logos, no watermark, square composition.	projects/index-cards-craft/image/unique-06.png	./image/item.png	./image/unique-06.png
index-dividers-craft	1	product variation	Index dividers	Index dividers	The reliable everyday choice for notes, lists, and long writing sessions, with a clean line and dependable flow.	0.7mm smooth ballpoint tip Quick-drying blue ink Balanced resin barrel	A distinct premium catalog photograph of Index dividers, variation 1: Index dividers. Show the real Index dividers object clearly and accurately, with a different physical presentation from every other asset: The reliable everyday choice for notes, lists, and long writing sessions, with a clean line and dependable flow. Product details: 0.7mm smooth ballpoint tip Quick-drying blue ink Balanced resin barrel. Use a distinct angle, arrangement, and tasteful material/color variation while keeping the item recognizable. Single product focus, realistic proportions, soft studio lighting, warm off-white craft-paper background, subtle natural shadow, no text, no logos, no watermark, square composition.	projects/index-dividers-craft/image/unique-01.png	./image/item.png	./image/unique-01.png
index-dividers-craft	2	product variation	Index dividers	Index dividers	Smooth-flowing gel ink brings bright, expressive color to notes, sketches, and everyday ideas.	24 signature ink colors Quick-drying gel ink Comfortable soft-touch grip	A distinct premium catalog photograph of Index dividers, variation 2: Index dividers. Show the real Index dividers object clearly and accurately, with a different physical presentation from every other asset: Smooth-flowing gel ink brings bright, expressive color to notes, sketches, and everyday ideas. Product details: 24 signature ink colors Quick-drying gel ink Comfortable soft-touch grip. Use a distinct angle, arrangement, and tasteful material/color variation while keeping the item recognizable. Single product focus, realistic proportions, soft studio lighting, warm off-white craft-paper background, subtle natural shadow, no text, no logos, no watermark, square composition.	projects/index-dividers-craft/image/unique-02.png	./image/item.png	./image/unique-02.png
index-dividers-craft	3	product variation	Index dividers	Index dividers	Liquid ink glides across the page with effortless flow, expressive line control, and a refined finish.	Silky liquid ink Ultra-smooth writing Premium roller tip	A distinct premium catalog photograph of Index dividers, variation 3: Index dividers. Show the real Index dividers object clearly and accurately, with a different physical presentation from every other asset: Liquid ink glides across the page with effortless flow, expressive line control, and a refined finish. Product details: Silky liquid ink Ultra-smooth writing Premium roller tip. Use a distinct angle, arrangement, and tasteful material/color variation while keeping the item recognizable. Single product focus, realistic proportions, soft studio lighting, warm off-white craft-paper background, subtle natural shadow, no text, no logos, no watermark, square composition.	projects/index-dividers-craft/image/unique-03.png	./image/item.png	./image/unique-03.png
index-dividers-craft	4	product variation	Index dividers	Index dividers	A smooth fountain nib and refillable reservoir turn every page into a more considered writing experience.	Refillable ink system Fine and medium nibs Polished metal nib	A distinct premium catalog photograph of Index dividers, variation 4: Index dividers. Show the real Index dividers object clearly and accurately, with a different physical presentation from every other asset: A smooth fountain nib and refillable reservoir turn every page into a more considered writing experience. Product details: Refillable ink system Fine and medium nibs Polished metal nib. Use a distinct angle, arrangement, and tasteful material/color variation while keeping the item recognizable. Single product focus, realistic proportions, soft studio lighting, warm off-white craft-paper background, subtle natural shadow, no text, no logos, no watermark, square composition.	projects/index-dividers-craft/image/unique-04.png	./image/item.png	./image/unique-04.png
index-dividers-craft	5	product variation	Index dividers	Index dividers	Precise fiber tips create clean, expressive lines for diagrams, journaling, lettering, and detail work.	0.4mm precision tip Fade-resistant black ink Long-lasting fiber point	A distinct premium catalog photograph of Index dividers, variation 5: Index dividers. Show the real Index dividers object clearly and accurately, with a different physical presentation from every other asset: Precise fiber tips create clean, expressive lines for diagrams, journaling, lettering, and detail work. Product details: 0.4mm precision tip Fade-resistant black ink Long-lasting fiber point. Use a distinct angle, arrangement, and tasteful material/color variation while keeping the item recognizable. Single product focus, realistic proportions, soft studio lighting, warm off-white craft-paper background, subtle natural shadow, no text, no logos, no watermark, square composition.	projects/index-dividers-craft/image/unique-05.png	./image/item.png	./image/unique-05.png
index-dividers-craft	6	about presentation	Index dividers	about presentation 6			A distinct editorial presentation image for a stationery and craft product webpage about Index dividers, role about presentation number 6. Feature Index dividers as the clear subject in a unique composition, different from every other image in the repository, realistic product photography, soft studio lighting, warm off-white craft-paper background, no text, no logos, no watermark, square composition.	projects/index-dividers-craft/image/unique-06.png	./image/item.png	./image/unique-06.png
ink-blotting-paper-craft	1	product variation	Ink blotting paper	Ink blotting paper	The reliable everyday choice for notes, lists, and long writing sessions, with a clean line and dependable flow.	0.7mm smooth ballpoint tip Quick-drying blue ink Balanced resin barrel	A distinct premium catalog photograph of Ink blotting paper, variation 1: Ink blotting paper. Show the real Ink blotting paper object clearly and accurately, with a different physical presentation from every other asset: The reliable everyday choice for notes, lists, and long writing sessions, with a clean line and dependable flow. Product details: 0.7mm smooth ballpoint tip Quick-drying blue ink Balanced resin barrel. Use a distinct angle, arrangement, and tasteful material/color variation while keeping the item recognizable. Single product focus, realistic proportions, soft studio lighting, warm off-white craft-paper background, subtle natural shadow, no text, no logos, no watermark, square composition.	projects/ink-blotting-paper-craft/image/unique-01.png	./image/item.png	./image/unique-01.png
ink-blotting-paper-craft	2	product variation	Ink blotting paper	Ink blotting paper	Smooth-flowing gel ink brings bright, expressive color to notes, sketches, and everyday ideas.	24 signature ink colors Quick-drying gel ink Comfortable soft-touch grip	A distinct premium catalog photograph of Ink blotting paper, variation 2: Ink blotting paper. Show the real Ink blotting paper object clearly and accurately, with a different physical presentation from every other asset: Smooth-flowing gel ink brings bright, expressive color to notes, sketches, and everyday ideas. Product details: 24 signature ink colors Quick-drying gel ink Comfortable soft-touch grip. Use a distinct angle, arrangement, and tasteful material/color variation while keeping the item recognizable. Single product focus, realistic proportions, soft studio lighting, warm off-white craft-paper background, subtle natural shadow, no text, no logos, no watermark, square composition.	projects/ink-blotting-paper-craft/image/unique-02.png	./image/item.png	./image/unique-02.png
ink-blotting-paper-craft	3	product variation	Ink blotting paper	Ink blotting paper	Liquid ink glides across the page with effortless flow, expressive line control, and a refined finish.	Silky liquid ink Ultra-smooth writing Premium roller tip	A distinct premium catalog photograph of Ink blotting paper, variation 3: Ink blotting paper. Show the real Ink blotting paper object clearly and accurately, with a different physical presentation from every other asset: Liquid ink glides across the page with effortless flow, expressive line control, and a refined finish. Product details: Silky liquid ink Ultra-smooth writing Premium roller tip. Use a distinct angle, arrangement, and tasteful material/color variation while keeping the item recognizable. Single product focus, realistic proportions, soft studio lighting, warm off-white craft-paper background, subtle natural shadow, no text, no logos, no watermark, square composition.	projects/ink-blotting-paper-craft/image/unique-03.png	./image/item.png	./image/unique-03.png
ink-blotting-paper-craft	4	product variation	Ink blotting paper	Ink blotting paper	A smooth fountain nib and refillable reservoir turn every page into a more considered writing experience.	Refillable ink system Fine and medium nibs Polished metal nib	A distinct premium catalog photograph of Ink blotting paper, variation 4: Ink blotting paper. Show the real Ink blotting paper object clearly and accurately, with a different physical presentation from every other asset: A smooth fountain nib and refillable reservoir turn every page into a more considered writing experience. Product details: Refillable ink system Fine and medium nibs Polished metal nib. Use a distinct angle, arrangement, and tasteful material/color variation while keeping the item recognizable. Single product focus, realistic proportions, soft studio lighting, warm off-white craft-paper background, subtle natural shadow, no text, no logos, no watermark, square composition.	projects/ink-blotting-paper-craft/image/unique-04.png	./image/item.png	./image/unique-04.png
ink-blotting-paper-craft	5	product variation	Ink blotting paper	Ink blotting paper	Precise fiber tips create clean, expressive lines for diagrams, journaling, lettering, and detail work.	0.4mm precision tip Fade-resistant black ink Long-lasting fiber point	A distinct premium catalog photograph of Ink blotting paper, variation 5: Ink blotting paper. Show the real Ink blotting paper object clearly and accurately, with a different physical presentation from every other asset: Precise fiber tips create clean, expressive lines for diagrams, journaling, lettering, and detail work. Product details: 0.4mm precision tip Fade-resistant black ink Long-lasting fiber point. Use a distinct angle, arrangement, and tasteful material/color variation while keeping the item recognizable. Single product focus, realistic proportions, soft studio lighting, warm off-white craft-paper background, subtle natural shadow, no text, no logos, no watermark, square composition.	projects/ink-blotting-paper-craft/image/unique-05.png	./image/item.png	./image/unique-05.png
ink-blotting-paper-craft	6	about presentation	Ink blotting paper	about presentation 6			A distinct editorial presentation image for a stationery and craft product webpage about Ink blotting paper, role about presentation number 6. Feature Ink blotting paper as the clear subject in a unique composition, different from every other image in the repository, realistic product photography, soft studio lighting, warm off-white craft-paper background, no text, no logos, no watermark, square composition.	projects/ink-blotting-paper-craft/image/unique-06.png	./image/item.png	./image/unique-06.png
ink-cartridges-craft	1	product variation	Ink cartridges	Ink cartridges	The reliable everyday choice for notes, lists, and long writing sessions, with a clean line and dependable flow.	0.7mm smooth ballpoint tip Quick-drying blue ink Balanced resin barrel	A distinct premium catalog photograph of Ink cartridges, variation 1: Ink cartridges. Show the real Ink cartridges object clearly and accurately, with a different physical presentation from every other asset: The reliable everyday choice for notes, lists, and long writing sessions, with a clean line and dependable flow. Product details: 0.7mm smooth ballpoint tip Quick-drying blue ink Balanced resin barrel. Use a distinct angle, arrangement, and tasteful material/color variation while keeping the item recognizable. Single product focus, realistic proportions, soft studio lighting, warm off-white craft-paper background, subtle natural shadow, no text, no logos, no watermark, square composition.	projects/ink-cartridges-craft/image/unique-01.png	./image/item.png	./image/unique-01.png
ink-cartridges-craft	2	product variation	Ink cartridges	Ink cartridges	Smooth-flowing gel ink brings bright, expressive color to notes, sketches, and everyday ideas.	24 signature ink colors Quick-drying gel ink Comfortable soft-touch grip	A distinct premium catalog photograph of Ink cartridges, variation 2: Ink cartridges. Show the real Ink cartridges object clearly and accurately, with a different physical presentation from every other asset: Smooth-flowing gel ink brings bright, expressive color to notes, sketches, and everyday ideas. Product details: 24 signature ink colors Quick-drying gel ink Comfortable soft-touch grip. Use a distinct angle, arrangement, and tasteful material/color variation while keeping the item recognizable. Single product focus, realistic proportions, soft studio lighting, warm off-white craft-paper background, subtle natural shadow, no text, no logos, no watermark, square composition.	projects/ink-cartridges-craft/image/unique-02.png	./image/item.png	./image/unique-02.png
ink-cartridges-craft	3	product variation	Ink cartridges	Ink cartridges	Liquid ink glides across the page with effortless flow, expressive line control, and a refined finish.	Silky liquid ink Ultra-smooth writing Premium roller tip	A distinct premium catalog photograph of Ink cartridges, variation 3: Ink cartridges. Show the real Ink cartridges object clearly and accurately, with a different physical presentation from every other asset: Liquid ink glides across the page with effortless flow, expressive line control, and a refined finish. Product details: Silky liquid ink Ultra-smooth writing Premium roller tip. Use a distinct angle, arrangement, and tasteful material/color variation while keeping the item recognizable. Single product focus, realistic proportions, soft studio lighting, warm off-white craft-paper background, subtle natural shadow, no text, no logos, no watermark, square composition.	projects/ink-cartridges-craft/image/unique-03.png	./image/item.png	./image/unique-03.png
ink-cartridges-craft	4	product variation	Ink cartridges	Ink cartridges	A smooth fountain nib and refillable reservoir turn every page into a more considered writing experience.	Refillable ink system Fine and medium nibs Polished metal nib	A distinct premium catalog photograph of Ink cartridges, variation 4: Ink cartridges. Show the real Ink cartridges object clearly and accurately, with a different physical presentation from every other asset: A smooth fountain nib and refillable reservoir turn every page into a more considered writing experience. Product details: Refillable ink system Fine and medium nibs Polished metal nib. Use a distinct angle, arrangement, and tasteful material/color variation while keeping the item recognizable. Single product focus, realistic proportions, soft studio lighting, warm off-white craft-paper background, subtle natural shadow, no text, no logos, no watermark, square composition.	projects/ink-cartridges-craft/image/unique-04.png	./image/item.png	./image/unique-04.png
ink-cartridges-craft	5	product variation	Ink cartridges	Ink cartridges	Precise fiber tips create clean, expressive lines for diagrams, journaling, lettering, and detail work.	0.4mm precision tip Fade-resistant black ink Long-lasting fiber point	A distinct premium catalog photograph of Ink cartridges, variation 5: Ink cartridges. Show the real Ink cartridges object clearly and accurately, with a different physical presentation from every other asset: Precise fiber tips create clean, expressive lines for diagrams, journaling, lettering, and detail work. Product details: 0.4mm precision tip Fade-resistant black ink Long-lasting fiber point. Use a distinct angle, arrangement, and tasteful material/color variation while keeping the item recognizable. Single product focus, realistic proportions, soft studio lighting, warm off-white craft-paper background, subtle natural shadow, no text, no logos, no watermark, square composition.	projects/ink-cartridges-craft/image/unique-05.png	./image/item.png	./image/unique-05.png
ink-cartridges-craft	6	about presentation	Ink cartridges	about presentation 6			A distinct editorial presentation image for a stationery and craft product webpage about Ink cartridges, role about presentation number 6. Feature Ink cartridges as the clear subject in a unique composition, different from every other image in the repository, realistic product photography, soft studio lighting, warm off-white craft-paper background, no text, no logos, no watermark, square composition.	projects/ink-cartridges-craft/image/unique-06.png	./image/item.png	./image/unique-06.png
invitation-cards-craft	1	product variation	Invitation cards	Invitation cards	The reliable everyday choice for notes, lists, and long writing sessions, with a clean line and dependable flow.	0.7mm smooth ballpoint tip Quick-drying blue ink Balanced resin barrel	A distinct premium catalog photograph of Invitation cards, variation 1: Invitation cards. Show the real Invitation cards object clearly and accurately, with a different physical presentation from every other asset: The reliable everyday choice for notes, lists, and long writing sessions, with a clean line and dependable flow. Product details: 0.7mm smooth ballpoint tip Quick-drying blue ink Balanced resin barrel. Use a distinct angle, arrangement, and tasteful material/color variation while keeping the item recognizable. Single product focus, realistic proportions, soft studio lighting, warm off-white craft-paper background, subtle natural shadow, no text, no logos, no watermark, square composition.	projects/invitation-cards-craft/image/unique-01.png	./image/item.png	./image/unique-01.png
invitation-cards-craft	2	product variation	Invitation cards	Invitation cards	Smooth-flowing gel ink brings bright, expressive color to notes, sketches, and everyday ideas.	24 signature ink colors Quick-drying gel ink Comfortable soft-touch grip	A distinct premium catalog photograph of Invitation cards, variation 2: Invitation cards. Show the real Invitation cards object clearly and accurately, with a different physical presentation from every other asset: Smooth-flowing gel ink brings bright, expressive color to notes, sketches, and everyday ideas. Product details: 24 signature ink colors Quick-drying gel ink Comfortable soft-touch grip. Use a distinct angle, arrangement, and tasteful material/color variation while keeping the item recognizable. Single product focus, realistic proportions, soft studio lighting, warm off-white craft-paper background, subtle natural shadow, no text, no logos, no watermark, square composition.	projects/invitation-cards-craft/image/unique-02.png	./image/item.png	./image/unique-02.png
invitation-cards-craft	3	product variation	Invitation cards	Invitation cards	Liquid ink glides across the page with effortless flow, expressive line control, and a refined finish.	Silky liquid ink Ultra-smooth writing Premium roller tip	A distinct premium catalog photograph of Invitation cards, variation 3: Invitation cards. Show the real Invitation cards object clearly and accurately, with a different physical presentation from every other asset: Liquid ink glides across the page with effortless flow, expressive line control, and a refined finish. Product details: Silky liquid ink Ultra-smooth writing Premium roller tip. Use a distinct angle, arrangement, and tasteful material/color variation while keeping the item recognizable. Single product focus, realistic proportions, soft studio lighting, warm off-white craft-paper background, subtle natural shadow, no text, no logos, no watermark, square composition.	projects/invitation-cards-craft/image/unique-03.png	./image/item.png	./image/unique-03.png
invitation-cards-craft	4	product variation	Invitation cards	Invitation cards	A smooth fountain nib and refillable reservoir turn every page into a more considered writing experience.	Refillable ink system Fine and medium nibs Polished metal nib	A distinct premium catalog photograph of Invitation cards, variation 4: Invitation cards. Show the real Invitation cards object clearly and accurately, with a different physical presentation from every other asset: A smooth fountain nib and refillable reservoir turn every page into a more considered writing experience. Product details: Refillable ink system Fine and medium nibs Polished metal nib. Use a distinct angle, arrangement, and tasteful material/color variation while keeping the item recognizable. Single product focus, realistic proportions, soft studio lighting, warm off-white craft-paper background, subtle natural shadow, no text, no logos, no watermark, square composition.	projects/invitation-cards-craft/image/unique-04.png	./image/item.png	./image/unique-04.png
invitation-cards-craft	5	product variation	Invitation cards	Invitation cards	Precise fiber tips create clean, expressive lines for diagrams, journaling, lettering, and detail work.	0.4mm precision tip Fade-resistant black ink Long-lasting fiber point	A distinct premium catalog photograph of Invitation cards, variation 5: Invitation cards. Show the real Invitation cards object clearly and accurately, with a different physical presentation from every other asset: Precise fiber tips create clean, expressive lines for diagrams, journaling, lettering, and detail work. Product details: 0.4mm precision tip Fade-resistant black ink Long-lasting fiber point. Use a distinct angle, arrangement, and tasteful material/color variation while keeping the item recognizable. Single product focus, realistic proportions, soft studio lighting, warm off-white craft-paper background, subtle natural shadow, no text, no logos, no watermark, square composition.	projects/invitation-cards-craft/image/unique-05.png	./image/item.png	./image/unique-05.png
invitation-cards-craft	6	about presentation	Invitation cards	about presentation 6			A distinct editorial presentation image for a stationery and craft product webpage about Invitation cards, role about presentation number 6. Feature Invitation cards as the clear subject in a unique composition, different from every other image in the repository, realistic product photography, soft studio lighting, warm off-white craft-paper background, no text, no logos, no watermark, square composition.	projects/invitation-cards-craft/image/unique-06.png	./image/item.png	./image/unique-06.png
invoice-books-craft	1	product variation	Invoice books	Invoice books	The reliable everyday choice for notes, lists, and long writing sessions, with a clean line and dependable flow.	0.7mm smooth ballpoint tip Quick-drying blue ink Balanced resin barrel	A distinct premium catalog photograph of Invoice books, variation 1: Invoice books. Show the real Invoice books object clearly and accurately, with a different physical presentation from every other asset: The reliable everyday choice for notes, lists, and long writing sessions, with a clean line and dependable flow. Product details: 0.7mm smooth ballpoint tip Quick-drying blue ink Balanced resin barrel. Use a distinct angle, arrangement, and tasteful material/color variation while keeping the item recognizable. Single product focus, realistic proportions, soft studio lighting, warm off-white craft-paper background, subtle natural shadow, no text, no logos, no watermark, square composition.	projects/invoice-books-craft/image/unique-01.png	./image/item.png	./image/unique-01.png
invoice-books-craft	2	product variation	Invoice books	Invoice books	Smooth-flowing gel ink brings bright, expressive color to notes, sketches, and everyday ideas.	24 signature ink colors Quick-drying gel ink Comfortable soft-touch grip	A distinct premium catalog photograph of Invoice books, variation 2: Invoice books. Show the real Invoice books object clearly and accurately, with a different physical presentation from every other asset: Smooth-flowing gel ink brings bright, expressive color to notes, sketches, and everyday ideas. Product details: 24 signature ink colors Quick-drying gel ink Comfortable soft-touch grip. Use a distinct angle, arrangement, and tasteful material/color variation while keeping the item recognizable. Single product focus, realistic proportions, soft studio lighting, warm off-white craft-paper background, subtle natural shadow, no text, no logos, no watermark, square composition.	projects/invoice-books-craft/image/unique-02.png	./image/item.png	./image/unique-02.png
invoice-books-craft	3	product variation	Invoice books	Invoice books	Liquid ink glides across the page with effortless flow, expressive line control, and a refined finish.	Silky liquid ink Ultra-smooth writing Premium roller tip	A distinct premium catalog photograph of Invoice books, variation 3: Invoice books. Show the real Invoice books object clearly and accurately, with a different physical presentation from every other asset: Liquid ink glides across the page with effortless flow, expressive line control, and a refined finish. Product details: Silky liquid ink Ultra-smooth writing Premium roller tip. Use a distinct angle, arrangement, and tasteful material/color variation while keeping the item recognizable. Single product focus, realistic proportions, soft studio lighting, warm off-white craft-paper background, subtle natural shadow, no text, no logos, no watermark, square composition.	projects/invoice-books-craft/image/unique-03.png	./image/item.png	./image/unique-03.png
invoice-books-craft	4	product variation	Invoice books	Invoice books	A smooth fountain nib and refillable reservoir turn every page into a more considered writing experience.	Refillable ink system Fine and medium nibs Polished metal nib	A distinct premium catalog photograph of Invoice books, variation 4: Invoice books. Show the real Invoice books object clearly and accurately, with a different physical presentation from every other asset: A smooth fountain nib and refillable reservoir turn every page into a more considered writing experience. Product details: Refillable ink system Fine and medium nibs Polished metal nib. Use a distinct angle, arrangement, and tasteful material/color variation while keeping the item recognizable. Single product focus, realistic proportions, soft studio lighting, warm off-white craft-paper background, subtle natural shadow, no text, no logos, no watermark, square composition.	projects/invoice-books-craft/image/unique-04.png	./image/item.png	./image/unique-04.png
invoice-books-craft	5	product variation	Invoice books	Invoice books	Precise fiber tips create clean, expressive lines for diagrams, journaling, lettering, and detail work.	0.4mm precision tip Fade-resistant black ink Long-lasting fiber point	A distinct premium catalog photograph of Invoice books, variation 5: Invoice books. Show the real Invoice books object clearly and accurately, with a different physical presentation from every other asset: Precise fiber tips create clean, expressive lines for diagrams, journaling, lettering, and detail work. Product details: 0.4mm precision tip Fade-resistant black ink Long-lasting fiber point. Use a distinct angle, arrangement, and tasteful material/color variation while keeping the item recognizable. Single product focus, realistic proportions, soft studio lighting, warm off-white craft-paper background, subtle natural shadow, no text, no logos, no watermark, square composition.	projects/invoice-books-craft/image/unique-05.png	./image/item.png	./image/unique-05.png
invoice-books-craft	6	about presentation	Invoice books	about presentation 6			A distinct editorial presentation image for a stationery and craft product webpage about Invoice books, role about presentation number 6. Feature Invoice books as the clear subject in a unique composition, different from every other image in the repository, realistic product photography, soft studio lighting, warm off-white craft-paper background, no text, no logos, no watermark, square composition.	projects/invoice-books-craft/image/unique-06.png	./image/item.png	./image/unique-06.png
journals-craft	1	product variation	Journals	Journals	The reliable everyday choice for notes, lists, and long writing sessions, with a clean line and dependable flow.	0.7mm smooth ballpoint tip Quick-drying blue ink Balanced resin barrel	A distinct premium catalog photograph of Journals, variation 1: Journals. Show the real Journals object clearly and accurately, with a different physical presentation from every other asset: The reliable everyday choice for notes, lists, and long writing sessions, with a clean line and dependable flow. Product details: 0.7mm smooth ballpoint tip Quick-drying blue ink Balanced resin barrel. Use a distinct angle, arrangement, and tasteful material/color variation while keeping the item recognizable. Single product focus, realistic proportions, soft studio lighting, warm off-white craft-paper background, subtle natural shadow, no text, no logos, no watermark, square composition.	projects/journals-craft/image/unique-01.png	./image/item.png	./image/unique-01.png
journals-craft	2	product variation	Journals	Journals	Smooth-flowing gel ink brings bright, expressive color to notes, sketches, and everyday ideas.	24 signature ink colors Quick-drying gel ink Comfortable soft-touch grip	A distinct premium catalog photograph of Journals, variation 2: Journals. Show the real Journals object clearly and accurately, with a different physical presentation from every other asset: Smooth-flowing gel ink brings bright, expressive color to notes, sketches, and everyday ideas. Product details: 24 signature ink colors Quick-drying gel ink Comfortable soft-touch grip. Use a distinct angle, arrangement, and tasteful material/color variation while keeping the item recognizable. Single product focus, realistic proportions, soft studio lighting, warm off-white craft-paper background, subtle natural shadow, no text, no logos, no watermark, square composition.	projects/journals-craft/image/unique-02.png	./image/item.png	./image/unique-02.png
journals-craft	3	product variation	Journals	Journals	Liquid ink glides across the page with effortless flow, expressive line control, and a refined finish.	Silky liquid ink Ultra-smooth writing Premium roller tip	A distinct premium catalog photograph of Journals, variation 3: Journals. Show the real Journals object clearly and accurately, with a different physical presentation from every other asset: Liquid ink glides across the page with effortless flow, expressive line control, and a refined finish. Product details: Silky liquid ink Ultra-smooth writing Premium roller tip. Use a distinct angle, arrangement, and tasteful material/color variation while keeping the item recognizable. Single product focus, realistic proportions, soft studio lighting, warm off-white craft-paper background, subtle natural shadow, no text, no logos, no watermark, square composition.	projects/journals-craft/image/unique-03.png	./image/item.png	./image/unique-03.png
journals-craft	4	product variation	Journals	Journals	A smooth fountain nib and refillable reservoir turn every page into a more considered writing experience.	Refillable ink system Fine and medium nibs Polished metal nib	A distinct premium catalog photograph of Journals, variation 4: Journals. Show the real Journals object clearly and accurately, with a different physical presentation from every other asset: A smooth fountain nib and refillable reservoir turn every page into a more considered writing experience. Product details: Refillable ink system Fine and medium nibs Polished metal nib. Use a distinct angle, arrangement, and tasteful material/color variation while keeping the item recognizable. Single product focus, realistic proportions, soft studio lighting, warm off-white craft-paper background, subtle natural shadow, no text, no logos, no watermark, square composition.	projects/journals-craft/image/unique-04.png	./image/item.png	./image/unique-04.png
journals-craft	5	product variation	Journals	Journals	Precise fiber tips create clean, expressive lines for diagrams, journaling, lettering, and detail work.	0.4mm precision tip Fade-resistant black ink Long-lasting fiber point	A distinct premium catalog photograph of Journals, variation 5: Journals. Show the real Journals object clearly and accurately, with a different physical presentation from every other asset: Precise fiber tips create clean, expressive lines for diagrams, journaling, lettering, and detail work. Product details: 0.4mm precision tip Fade-resistant black ink Long-lasting fiber point. Use a distinct angle, arrangement, and tasteful material/color variation while keeping the item recognizable. Single product focus, realistic proportions, soft studio lighting, warm off-white craft-paper background, subtle natural shadow, no text, no logos, no watermark, square composition.	projects/journals-craft/image/unique-05.png	./image/item.png	./image/unique-05.png
journals-craft	6	about presentation	Journals	about presentation 6			A distinct editorial presentation image for a stationery and craft product webpage about Journals, role about presentation number 6. Feature Journals as the clear subject in a unique composition, different from every other image in the repository, realistic product photography, soft studio lighting, warm off-white craft-paper background, no text, no logos, no watermark, square composition.	projects/journals-craft/image/unique-06.png	./image/item.png	./image/unique-06.png
leather-journals-craft	1	product variation	Leather journals	Leather journals	The reliable everyday choice for notes, lists, and long writing sessions, with a clean line and dependable flow.	0.7mm smooth ballpoint tip Quick-drying blue ink Balanced resin barrel	A distinct premium catalog photograph of Leather journals, variation 1: Leather journals. Show the real Leather journals object clearly and accurately, with a different physical presentation from every other asset: The reliable everyday choice for notes, lists, and long writing sessions, with a clean line and dependable flow. Product details: 0.7mm smooth ballpoint tip Quick-drying blue ink Balanced resin barrel. Use a distinct angle, arrangement, and tasteful material/color variation while keeping the item recognizable. Single product focus, realistic proportions, soft studio lighting, warm off-white craft-paper background, subtle natural shadow, no text, no logos, no watermark, square composition.	projects/leather-journals-craft/image/unique-01.png	./image/item.png	./image/unique-01.png
leather-journals-craft	2	product variation	Leather journals	Leather journals	Smooth-flowing gel ink brings bright, expressive color to notes, sketches, and everyday ideas.	24 signature ink colors Quick-drying gel ink Comfortable soft-touch grip	A distinct premium catalog photograph of Leather journals, variation 2: Leather journals. Show the real Leather journals object clearly and accurately, with a different physical presentation from every other asset: Smooth-flowing gel ink brings bright, expressive color to notes, sketches, and everyday ideas. Product details: 24 signature ink colors Quick-drying gel ink Comfortable soft-touch grip. Use a distinct angle, arrangement, and tasteful material/color variation while keeping the item recognizable. Single product focus, realistic proportions, soft studio lighting, warm off-white craft-paper background, subtle natural shadow, no text, no logos, no watermark, square composition.	projects/leather-journals-craft/image/unique-02.png	./image/item.png	./image/unique-02.png
leather-journals-craft	3	product variation	Leather journals	Leather journals	Liquid ink glides across the page with effortless flow, expressive line control, and a refined finish.	Silky liquid ink Ultra-smooth writing Premium roller tip	A distinct premium catalog photograph of Leather journals, variation 3: Leather journals. Show the real Leather journals object clearly and accurately, with a different physical presentation from every other asset: Liquid ink glides across the page with effortless flow, expressive line control, and a refined finish. Product details: Silky liquid ink Ultra-smooth writing Premium roller tip. Use a distinct angle, arrangement, and tasteful material/color variation while keeping the item recognizable. Single product focus, realistic proportions, soft studio lighting, warm off-white craft-paper background, subtle natural shadow, no text, no logos, no watermark, square composition.	projects/leather-journals-craft/image/unique-03.png	./image/item.png	./image/unique-03.png
leather-journals-craft	4	product variation	Leather journals	Leather journals	A smooth fountain nib and refillable reservoir turn every page into a more considered writing experience.	Refillable ink system Fine and medium nibs Polished metal nib	A distinct premium catalog photograph of Leather journals, variation 4: Leather journals. Show the real Leather journals object clearly and accurately, with a different physical presentation from every other asset: A smooth fountain nib and refillable reservoir turn every page into a more considered writing experience. Product details: Refillable ink system Fine and medium nibs Polished metal nib. Use a distinct angle, arrangement, and tasteful material/color variation while keeping the item recognizable. Single product focus, realistic proportions, soft studio lighting, warm off-white craft-paper background, subtle natural shadow, no text, no logos, no watermark, square composition.	projects/leather-journals-craft/image/unique-04.png	./image/item.png	./image/unique-04.png
leather-journals-craft	5	product variation	Leather journals	Leather journals	Precise fiber tips create clean, expressive lines for diagrams, journaling, lettering, and detail work.	0.4mm precision tip Fade-resistant black ink Long-lasting fiber point	A distinct premium catalog photograph of Leather journals, variation 5: Leather journals. Show the real Leather journals object clearly and accurately, with a different physical presentation from every other asset: Precise fiber tips create clean, expressive lines for diagrams, journaling, lettering, and detail work. Product details: 0.4mm precision tip Fade-resistant black ink Long-lasting fiber point. Use a distinct angle, arrangement, and tasteful material/color variation while keeping the item recognizable. Single product focus, realistic proportions, soft studio lighting, warm off-white craft-paper background, subtle natural shadow, no text, no logos, no watermark, square composition.	projects/leather-journals-craft/image/unique-05.png	./image/item.png	./image/unique-05.png
leather-journals-craft	6	about presentation	Leather journals	about presentation 6			A distinct editorial presentation image for a stationery and craft product webpage about Leather journals, role about presentation number 6. Feature Leather journals as the clear subject in a unique composition, different from every other image in the repository, realistic product photography, soft studio lighting, warm off-white craft-paper background, no text, no logos, no watermark, square composition.	projects/leather-journals-craft/image/unique-06.png	./image/item.png	./image/unique-06.png
legal-pads-craft	1	product variation	Legal pads	Legal pads	The reliable everyday choice for notes, lists, and long writing sessions, with a clean line and dependable flow.	0.7mm smooth ballpoint tip Quick-drying blue ink Balanced resin barrel	A distinct premium catalog photograph of Legal pads, variation 1: Legal pads. Show the real Legal pads object clearly and accurately, with a different physical presentation from every other asset: The reliable everyday choice for notes, lists, and long writing sessions, with a clean line and dependable flow. Product details: 0.7mm smooth ballpoint tip Quick-drying blue ink Balanced resin barrel. Use a distinct angle, arrangement, and tasteful material/color variation while keeping the item recognizable. Single product focus, realistic proportions, soft studio lighting, warm off-white craft-paper background, subtle natural shadow, no text, no logos, no watermark, square composition.	projects/legal-pads-craft/image/unique-01.png	./image/item.png	./image/unique-01.png
legal-pads-craft	2	product variation	Legal pads	Legal pads	Smooth-flowing gel ink brings bright, expressive color to notes, sketches, and everyday ideas.	24 signature ink colors Quick-drying gel ink Comfortable soft-touch grip	A distinct premium catalog photograph of Legal pads, variation 2: Legal pads. Show the real Legal pads object clearly and accurately, with a different physical presentation from every other asset: Smooth-flowing gel ink brings bright, expressive color to notes, sketches, and everyday ideas. Product details: 24 signature ink colors Quick-drying gel ink Comfortable soft-touch grip. Use a distinct angle, arrangement, and tasteful material/color variation while keeping the item recognizable. Single product focus, realistic proportions, soft studio lighting, warm off-white craft-paper background, subtle natural shadow, no text, no logos, no watermark, square composition.	projects/legal-pads-craft/image/unique-02.png	./image/item.png	./image/unique-02.png
legal-pads-craft	3	product variation	Legal pads	Legal pads	Liquid ink glides across the page with effortless flow, expressive line control, and a refined finish.	Silky liquid ink Ultra-smooth writing Premium roller tip	A distinct premium catalog photograph of Legal pads, variation 3: Legal pads. Show the real Legal pads object clearly and accurately, with a different physical presentation from every other asset: Liquid ink glides across the page with effortless flow, expressive line control, and a refined finish. Product details: Silky liquid ink Ultra-smooth writing Premium roller tip. Use a distinct angle, arrangement, and tasteful material/color variation while keeping the item recognizable. Single product focus, realistic proportions, soft studio lighting, warm off-white craft-paper background, subtle natural shadow, no text, no logos, no watermark, square composition.	projects/legal-pads-craft/image/unique-03.png	./image/item.png	./image/unique-03.png
legal-pads-craft	4	product variation	Legal pads	Legal pads	A smooth fountain nib and refillable reservoir turn every page into a more considered writing experience.	Refillable ink system Fine and medium nibs Polished metal nib	A distinct premium catalog photograph of Legal pads, variation 4: Legal pads. Show the real Legal pads object clearly and accurately, with a different physical presentation from every other asset: A smooth fountain nib and refillable reservoir turn every page into a more considered writing experience. Product details: Refillable ink system Fine and medium nibs Polished metal nib. Use a distinct angle, arrangement, and tasteful material/color variation while keeping the item recognizable. Single product focus, realistic proportions, soft studio lighting, warm off-white craft-paper background, subtle natural shadow, no text, no logos, no watermark, square composition.	projects/legal-pads-craft/image/unique-04.png	./image/item.png	./image/unique-04.png
legal-pads-craft	5	product variation	Legal pads	Legal pads	Precise fiber tips create clean, expressive lines for diagrams, journaling, lettering, and detail work.	0.4mm precision tip Fade-resistant black ink Long-lasting fiber point	A distinct premium catalog photograph of Legal pads, variation 5: Legal pads. Show the real Legal pads object clearly and accurately, with a different physical presentation from every other asset: Precise fiber tips create clean, expressive lines for diagrams, journaling, lettering, and detail work. Product details: 0.4mm precision tip Fade-resistant black ink Long-lasting fiber point. Use a distinct angle, arrangement, and tasteful material/color variation while keeping the item recognizable. Single product focus, realistic proportions, soft studio lighting, warm off-white craft-paper background, subtle natural shadow, no text, no logos, no watermark, square composition.	projects/legal-pads-craft/image/unique-05.png	./image/item.png	./image/unique-05.png
legal-pads-craft	6	about presentation	Legal pads	about presentation 6			A distinct editorial presentation image for a stationery and craft product webpage about Legal pads, role about presentation number 6. Feature Legal pads as the clear subject in a unique composition, different from every other image in the repository, realistic product photography, soft studio lighting, warm off-white craft-paper background, no text, no logos, no watermark, square composition.	projects/legal-pads-craft/image/unique-06.png	./image/item.png	./image/unique-06.png
letter-trays-craft	1	product variation	Letter trays	Letter trays	The reliable everyday choice for notes, lists, and long writing sessions, with a clean line and dependable flow.	0.7mm smooth ballpoint tip Quick-drying blue ink Balanced resin barrel	A distinct premium catalog photograph of Letter trays, variation 1: Letter trays. Show the real Letter trays object clearly and accurately, with a different physical presentation from every other asset: The reliable everyday choice for notes, lists, and long writing sessions, with a clean line and dependable flow. Product details: 0.7mm smooth ballpoint tip Quick-drying blue ink Balanced resin barrel. Use a distinct angle, arrangement, and tasteful material/color variation while keeping the item recognizable. Single product focus, realistic proportions, soft studio lighting, warm off-white craft-paper background, subtle natural shadow, no text, no logos, no watermark, square composition.	projects/letter-trays-craft/image/unique-01.png	./image/item.png	./image/unique-01.png
letter-trays-craft	2	product variation	Letter trays	Letter trays	Smooth-flowing gel ink brings bright, expressive color to notes, sketches, and everyday ideas.	24 signature ink colors Quick-drying gel ink Comfortable soft-touch grip	A distinct premium catalog photograph of Letter trays, variation 2: Letter trays. Show the real Letter trays object clearly and accurately, with a different physical presentation from every other asset: Smooth-flowing gel ink brings bright, expressive color to notes, sketches, and everyday ideas. Product details: 24 signature ink colors Quick-drying gel ink Comfortable soft-touch grip. Use a distinct angle, arrangement, and tasteful material/color variation while keeping the item recognizable. Single product focus, realistic proportions, soft studio lighting, warm off-white craft-paper background, subtle natural shadow, no text, no logos, no watermark, square composition.	projects/letter-trays-craft/image/unique-02.png	./image/item.png	./image/unique-02.png
letter-trays-craft	3	product variation	Letter trays	Letter trays	Liquid ink glides across the page with effortless flow, expressive line control, and a refined finish.	Silky liquid ink Ultra-smooth writing Premium roller tip	A distinct premium catalog photograph of Letter trays, variation 3: Letter trays. Show the real Letter trays object clearly and accurately, with a different physical presentation from every other asset: Liquid ink glides across the page with effortless flow, expressive line control, and a refined finish. Product details: Silky liquid ink Ultra-smooth writing Premium roller tip. Use a distinct angle, arrangement, and tasteful material/color variation while keeping the item recognizable. Single product focus, realistic proportions, soft studio lighting, warm off-white craft-paper background, subtle natural shadow, no text, no logos, no watermark, square composition.	projects/letter-trays-craft/image/unique-03.png	./image/item.png	./image/unique-03.png
letter-trays-craft	4	product variation	Letter trays	Letter trays	A smooth fountain nib and refillable reservoir turn every page into a more considered writing experience.	Refillable ink system Fine and medium nibs Polished metal nib	A distinct premium catalog photograph of Letter trays, variation 4: Letter trays. Show the real Letter trays object clearly and accurately, with a different physical presentation from every other asset: A smooth fountain nib and refillable reservoir turn every page into a more considered writing experience. Product details: Refillable ink system Fine and medium nibs Polished metal nib. Use a distinct angle, arrangement, and tasteful material/color variation while keeping the item recognizable. Single product focus, realistic proportions, soft studio lighting, warm off-white craft-paper background, subtle natural shadow, no text, no logos, no watermark, square composition.	projects/letter-trays-craft/image/unique-04.png	./image/item.png	./image/unique-04.png
letter-trays-craft	5	product variation	Letter trays	Letter trays	Precise fiber tips create clean, expressive lines for diagrams, journaling, lettering, and detail work.	0.4mm precision tip Fade-resistant black ink Long-lasting fiber point	A distinct premium catalog photograph of Letter trays, variation 5: Letter trays. Show the real Letter trays object clearly and accurately, with a different physical presentation from every other asset: Precise fiber tips create clean, expressive lines for diagrams, journaling, lettering, and detail work. Product details: 0.4mm precision tip Fade-resistant black ink Long-lasting fiber point. Use a distinct angle, arrangement, and tasteful material/color variation while keeping the item recognizable. Single product focus, realistic proportions, soft studio lighting, warm off-white craft-paper background, subtle natural shadow, no text, no logos, no watermark, square composition.	projects/letter-trays-craft/image/unique-05.png	./image/item.png	./image/unique-05.png
letter-trays-craft	6	about presentation	Letter trays	about presentation 6			A distinct editorial presentation image for a stationery and craft product webpage about Letter trays, role about presentation number 6. Feature Letter trays as the clear subject in a unique composition, different from every other image in the repository, realistic product photography, soft studio lighting, warm off-white craft-paper background, no text, no logos, no watermark, square composition.	projects/letter-trays-craft/image/unique-06.png	./image/item.png	./image/unique-06.png
letter-writing-sets-craft	1	product variation	Letter-writing sets	Letter-writing sets	The reliable everyday choice for notes, lists, and long writing sessions, with a clean line and dependable flow.	0.7mm smooth ballpoint tip Quick-drying blue ink Balanced resin barrel	A distinct premium catalog photograph of Letter-writing sets, variation 1: Letter-writing sets. Show the real Letter-writing sets object clearly and accurately, with a different physical presentation from every other asset: The reliable everyday choice for notes, lists, and long writing sessions, with a clean line and dependable flow. Product details: 0.7mm smooth ballpoint tip Quick-drying blue ink Balanced resin barrel. Use a distinct angle, arrangement, and tasteful material/color variation while keeping the item recognizable. Single product focus, realistic proportions, soft studio lighting, warm off-white craft-paper background, subtle natural shadow, no text, no logos, no watermark, square composition.	projects/letter-writing-sets-craft/image/unique-01.png	./image/item.png	./image/unique-01.png
letter-writing-sets-craft	2	product variation	Letter-writing sets	Letter-writing sets	Smooth-flowing gel ink brings bright, expressive color to notes, sketches, and everyday ideas.	24 signature ink colors Quick-drying gel ink Comfortable soft-touch grip	A distinct premium catalog photograph of Letter-writing sets, variation 2: Letter-writing sets. Show the real Letter-writing sets object clearly and accurately, with a different physical presentation from every other asset: Smooth-flowing gel ink brings bright, expressive color to notes, sketches, and everyday ideas. Product details: 24 signature ink colors Quick-drying gel ink Comfortable soft-touch grip. Use a distinct angle, arrangement, and tasteful material/color variation while keeping the item recognizable. Single product focus, realistic proportions, soft studio lighting, warm off-white craft-paper background, subtle natural shadow, no text, no logos, no watermark, square composition.	projects/letter-writing-sets-craft/image/unique-02.png	./image/item.png	./image/unique-02.png
letter-writing-sets-craft	3	product variation	Letter-writing sets	Letter-writing sets	Liquid ink glides across the page with effortless flow, expressive line control, and a refined finish.	Silky liquid ink Ultra-smooth writing Premium roller tip	A distinct premium catalog photograph of Letter-writing sets, variation 3: Letter-writing sets. Show the real Letter-writing sets object clearly and accurately, with a different physical presentation from every other asset: Liquid ink glides across the page with effortless flow, expressive line control, and a refined finish. Product details: Silky liquid ink Ultra-smooth writing Premium roller tip. Use a distinct angle, arrangement, and tasteful material/color variation while keeping the item recognizable. Single product focus, realistic proportions, soft studio lighting, warm off-white craft-paper background, subtle natural shadow, no text, no logos, no watermark, square composition.	projects/letter-writing-sets-craft/image/unique-03.png	./image/item.png	./image/unique-03.png
letter-writing-sets-craft	4	product variation	Letter-writing sets	Letter-writing sets	A smooth fountain nib and refillable reservoir turn every page into a more considered writing experience.	Refillable ink system Fine and medium nibs Polished metal nib	A distinct premium catalog photograph of Letter-writing sets, variation 4: Letter-writing sets. Show the real Letter-writing sets object clearly and accurately, with a different physical presentation from every other asset: A smooth fountain nib and refillable reservoir turn every page into a more considered writing experience. Product details: Refillable ink system Fine and medium nibs Polished metal nib. Use a distinct angle, arrangement, and tasteful material/color variation while keeping the item recognizable. Single product focus, realistic proportions, soft studio lighting, warm off-white craft-paper background, subtle natural shadow, no text, no logos, no watermark, square composition.	projects/letter-writing-sets-craft/image/unique-04.png	./image/item.png	./image/unique-04.png
letter-writing-sets-craft	5	product variation	Letter-writing sets	Letter-writing sets	Precise fiber tips create clean, expressive lines for diagrams, journaling, lettering, and detail work.	0.4mm precision tip Fade-resistant black ink Long-lasting fiber point	A distinct premium catalog photograph of Letter-writing sets, variation 5: Letter-writing sets. Show the real Letter-writing sets object clearly and accurately, with a different physical presentation from every other asset: Precise fiber tips create clean, expressive lines for diagrams, journaling, lettering, and detail work. Product details: 0.4mm precision tip Fade-resistant black ink Long-lasting fiber point. Use a distinct angle, arrangement, and tasteful material/color variation while keeping the item recognizable. Single product focus, realistic proportions, soft studio lighting, warm off-white craft-paper background, subtle natural shadow, no text, no logos, no watermark, square composition.	projects/letter-writing-sets-craft/image/unique-05.png	./image/item.png	./image/unique-05.png
letter-writing-sets-craft	6	about presentation	Letter-writing sets	about presentation 6			A distinct editorial presentation image for a stationery and craft product webpage about Letter-writing sets, role about presentation number 6. Feature Letter-writing sets as the clear subject in a unique composition, different from every other image in the repository, realistic product photography, soft studio lighting, warm off-white craft-paper background, no text, no logos, no watermark, square composition.	projects/letter-writing-sets-craft/image/unique-06.png	./image/item.png	./image/unique-06.png
letterheads-craft	1	product variation	Letterheads	Letterheads	The reliable everyday choice for notes, lists, and long writing sessions, with a clean line and dependable flow.	0.7mm smooth ballpoint tip Quick-drying blue ink Balanced resin barrel	A distinct premium catalog photograph of Letterheads, variation 1: Letterheads. Show the real Letterheads object clearly and accurately, with a different physical presentation from every other asset: The reliable everyday choice for notes, lists, and long writing sessions, with a clean line and dependable flow. Product details: 0.7mm smooth ballpoint tip Quick-drying blue ink Balanced resin barrel. Use a distinct angle, arrangement, and tasteful material/color variation while keeping the item recognizable. Single product focus, realistic proportions, soft studio lighting, warm off-white craft-paper background, subtle natural shadow, no text, no logos, no watermark, square composition.	projects/letterheads-craft/image/unique-01.png	./image/item.png	./image/unique-01.png
letterheads-craft	2	product variation	Letterheads	Letterheads	Smooth-flowing gel ink brings bright, expressive color to notes, sketches, and everyday ideas.	24 signature ink colors Quick-drying gel ink Comfortable soft-touch grip	A distinct premium catalog photograph of Letterheads, variation 2: Letterheads. Show the real Letterheads object clearly and accurately, with a different physical presentation from every other asset: Smooth-flowing gel ink brings bright, expressive color to notes, sketches, and everyday ideas. Product details: 24 signature ink colors Quick-drying gel ink Comfortable soft-touch grip. Use a distinct angle, arrangement, and tasteful material/color variation while keeping the item recognizable. Single product focus, realistic proportions, soft studio lighting, warm off-white craft-paper background, subtle natural shadow, no text, no logos, no watermark, square composition.	projects/letterheads-craft/image/unique-02.png	./image/item.png	./image/unique-02.png
letterheads-craft	3	product variation	Letterheads	Letterheads	Liquid ink glides across the page with effortless flow, expressive line control, and a refined finish.	Silky liquid ink Ultra-smooth writing Premium roller tip	A distinct premium catalog photograph of Letterheads, variation 3: Letterheads. Show the real Letterheads object clearly and accurately, with a different physical presentation from every other asset: Liquid ink glides across the page with effortless flow, expressive line control, and a refined finish. Product details: Silky liquid ink Ultra-smooth writing Premium roller tip. Use a distinct angle, arrangement, and tasteful material/color variation while keeping the item recognizable. Single product focus, realistic proportions, soft studio lighting, warm off-white craft-paper background, subtle natural shadow, no text, no logos, no watermark, square composition.	projects/letterheads-craft/image/unique-03.png	./image/item.png	./image/unique-03.png
letterheads-craft	4	product variation	Letterheads	Letterheads	A smooth fountain nib and refillable reservoir turn every page into a more considered writing experience.	Refillable ink system Fine and medium nibs Polished metal nib	A distinct premium catalog photograph of Letterheads, variation 4: Letterheads. Show the real Letterheads object clearly and accurately, with a different physical presentation from every other asset: A smooth fountain nib and refillable reservoir turn every page into a more considered writing experience. Product details: Refillable ink system Fine and medium nibs Polished metal nib. Use a distinct angle, arrangement, and tasteful material/color variation while keeping the item recognizable. Single product focus, realistic proportions, soft studio lighting, warm off-white craft-paper background, subtle natural shadow, no text, no logos, no watermark, square composition.	projects/letterheads-craft/image/unique-04.png	./image/item.png	./image/unique-04.png
letterheads-craft	5	product variation	Letterheads	Letterheads	Precise fiber tips create clean, expressive lines for diagrams, journaling, lettering, and detail work.	0.4mm precision tip Fade-resistant black ink Long-lasting fiber point	A distinct premium catalog photograph of Letterheads, variation 5: Letterheads. Show the real Letterheads object clearly and accurately, with a different physical presentation from every other asset: Precise fiber tips create clean, expressive lines for diagrams, journaling, lettering, and detail work. Product details: 0.4mm precision tip Fade-resistant black ink Long-lasting fiber point. Use a distinct angle, arrangement, and tasteful material/color variation while keeping the item recognizable. Single product focus, realistic proportions, soft studio lighting, warm off-white craft-paper background, subtle natural shadow, no text, no logos, no watermark, square composition.	projects/letterheads-craft/image/unique-05.png	./image/item.png	./image/unique-05.png
letterheads-craft	6	about presentation	Letterheads	about presentation 6			A distinct editorial presentation image for a stationery and craft product webpage about Letterheads, role about presentation number 6. Feature Letterheads as the clear subject in a unique composition, different from every other image in the repository, realistic product photography, soft studio lighting, warm off-white craft-paper background, no text, no logos, no watermark, square composition.	projects/letterheads-craft/image/unique-06.png	./image/item.png	./image/unique-06.png
lever-arch-files-craft	1	product variation	Lever-arch files	Lever-arch files	The reliable everyday choice for notes, lists, and long writing sessions, with a clean line and dependable flow.	0.7mm smooth ballpoint tip Quick-drying blue ink Balanced resin barrel	A distinct premium catalog photograph of Lever-arch files, variation 1: Lever-arch files. Show the real Lever-arch files object clearly and accurately, with a different physical presentation from every other asset: The reliable everyday choice for notes, lists, and long writing sessions, with a clean line and dependable flow. Product details: 0.7mm smooth ballpoint tip Quick-drying blue ink Balanced resin barrel. Use a distinct angle, arrangement, and tasteful material/color variation while keeping the item recognizable. Single product focus, realistic proportions, soft studio lighting, warm off-white craft-paper background, subtle natural shadow, no text, no logos, no watermark, square composition.	projects/lever-arch-files-craft/image/unique-01.png	./image/item.png	./image/unique-01.png
lever-arch-files-craft	2	product variation	Lever-arch files	Lever-arch files	Smooth-flowing gel ink brings bright, expressive color to notes, sketches, and everyday ideas.	24 signature ink colors Quick-drying gel ink Comfortable soft-touch grip	A distinct premium catalog photograph of Lever-arch files, variation 2: Lever-arch files. Show the real Lever-arch files object clearly and accurately, with a different physical presentation from every other asset: Smooth-flowing gel ink brings bright, expressive color to notes, sketches, and everyday ideas. Product details: 24 signature ink colors Quick-drying gel ink Comfortable soft-touch grip. Use a distinct angle, arrangement, and tasteful material/color variation while keeping the item recognizable. Single product focus, realistic proportions, soft studio lighting, warm off-white craft-paper background, subtle natural shadow, no text, no logos, no watermark, square composition.	projects/lever-arch-files-craft/image/unique-02.png	./image/item.png	./image/unique-02.png
lever-arch-files-craft	3	product variation	Lever-arch files	Lever-arch files	Liquid ink glides across the page with effortless flow, expressive line control, and a refined finish.	Silky liquid ink Ultra-smooth writing Premium roller tip	A distinct premium catalog photograph of Lever-arch files, variation 3: Lever-arch files. Show the real Lever-arch files object clearly and accurately, with a different physical presentation from every other asset: Liquid ink glides across the page with effortless flow, expressive line control, and a refined finish. Product details: Silky liquid ink Ultra-smooth writing Premium roller tip. Use a distinct angle, arrangement, and tasteful material/color variation while keeping the item recognizable. Single product focus, realistic proportions, soft studio lighting, warm off-white craft-paper background, subtle natural shadow, no text, no logos, no watermark, square composition.	projects/lever-arch-files-craft/image/unique-03.png	./image/item.png	./image/unique-03.png
lever-arch-files-craft	4	product variation	Lever-arch files	Lever-arch files	A smooth fountain nib and refillable reservoir turn every page into a more considered writing experience.	Refillable ink system Fine and medium nibs Polished metal nib	A distinct premium catalog photograph of Lever-arch files, variation 4: Lever-arch files. Show the real Lever-arch files object clearly and accurately, with a different physical presentation from every other asset: A smooth fountain nib and refillable reservoir turn every page into a more considered writing experience. Product details: Refillable ink system Fine and medium nibs Polished metal nib. Use a distinct angle, arrangement, and tasteful material/color variation while keeping the item recognizable. Single product focus, realistic proportions, soft studio lighting, warm off-white craft-paper background, subtle natural shadow, no text, no logos, no watermark, square composition.	projects/lever-arch-files-craft/image/unique-04.png	./image/item.png	./image/unique-04.png
lever-arch-files-craft	5	product variation	Lever-arch files	Lever-arch files	Precise fiber tips create clean, expressive lines for diagrams, journaling, lettering, and detail work.	0.4mm precision tip Fade-resistant black ink Long-lasting fiber point	A distinct premium catalog photograph of Lever-arch files, variation 5: Lever-arch files. Show the real Lever-arch files object clearly and accurately, with a different physical presentation from every other asset: Precise fiber tips create clean, expressive lines for diagrams, journaling, lettering, and detail work. Product details: 0.4mm precision tip Fade-resistant black ink Long-lasting fiber point. Use a distinct angle, arrangement, and tasteful material/color variation while keeping the item recognizable. Single product focus, realistic proportions, soft studio lighting, warm off-white craft-paper background, subtle natural shadow, no text, no logos, no watermark, square composition.	projects/lever-arch-files-craft/image/unique-05.png	./image/item.png	./image/unique-05.png
lever-arch-files-craft	6	about presentation	Lever-arch files	about presentation 6			A distinct editorial presentation image for a stationery and craft product webpage about Lever-arch files, role about presentation number 6. Feature Lever-arch files as the clear subject in a unique composition, different from every other image in the repository, realistic product photography, soft studio lighting, warm off-white craft-paper background, no text, no logos, no watermark, square composition.	projects/lever-arch-files-craft/image/unique-06.png	./image/item.png	./image/unique-06.png
lined-paper-craft	1	product variation	Lined paper	Lined paper	The reliable everyday choice for notes, lists, and long writing sessions, with a clean line and dependable flow.	0.7mm smooth ballpoint tip Quick-drying blue ink Balanced resin barrel	A distinct premium catalog photograph of Lined paper, variation 1: Lined paper. Show the real Lined paper object clearly and accurately, with a different physical presentation from every other asset: The reliable everyday choice for notes, lists, and long writing sessions, with a clean line and dependable flow. Product details: 0.7mm smooth ballpoint tip Quick-drying blue ink Balanced resin barrel. Use a distinct angle, arrangement, and tasteful material/color variation while keeping the item recognizable. Single product focus, realistic proportions, soft studio lighting, warm off-white craft-paper background, subtle natural shadow, no text, no logos, no watermark, square composition.	projects/lined-paper-craft/image/unique-01.png	./image/item.png	./image/unique-01.png
lined-paper-craft	2	product variation	Lined paper	Lined paper	Smooth-flowing gel ink brings bright, expressive color to notes, sketches, and everyday ideas.	24 signature ink colors Quick-drying gel ink Comfortable soft-touch grip	A distinct premium catalog photograph of Lined paper, variation 2: Lined paper. Show the real Lined paper object clearly and accurately, with a different physical presentation from every other asset: Smooth-flowing gel ink brings bright, expressive color to notes, sketches, and everyday ideas. Product details: 24 signature ink colors Quick-drying gel ink Comfortable soft-touch grip. Use a distinct angle, arrangement, and tasteful material/color variation while keeping the item recognizable. Single product focus, realistic proportions, soft studio lighting, warm off-white craft-paper background, subtle natural shadow, no text, no logos, no watermark, square composition.	projects/lined-paper-craft/image/unique-02.png	./image/item.png	./image/unique-02.png
lined-paper-craft	3	product variation	Lined paper	Lined paper	Liquid ink glides across the page with effortless flow, expressive line control, and a refined finish.	Silky liquid ink Ultra-smooth writing Premium roller tip	A distinct premium catalog photograph of Lined paper, variation 3: Lined paper. Show the real Lined paper object clearly and accurately, with a different physical presentation from every other asset: Liquid ink glides across the page with effortless flow, expressive line control, and a refined finish. Product details: Silky liquid ink Ultra-smooth writing Premium roller tip. Use a distinct angle, arrangement, and tasteful material/color variation while keeping the item recognizable. Single product focus, realistic proportions, soft studio lighting, warm off-white craft-paper background, subtle natural shadow, no text, no logos, no watermark, square composition.	projects/lined-paper-craft/image/unique-03.png	./image/item.png	./image/unique-03.png
lined-paper-craft	4	product variation	Lined paper	Lined paper	A smooth fountain nib and refillable reservoir turn every page into a more considered writing experience.	Refillable ink system Fine and medium nibs Polished metal nib	A distinct premium catalog photograph of Lined paper, variation 4: Lined paper. Show the real Lined paper object clearly and accurately, with a different physical presentation from every other asset: A smooth fountain nib and refillable reservoir turn every page into a more considered writing experience. Product details: Refillable ink system Fine and medium nibs Polished metal nib. Use a distinct angle, arrangement, and tasteful material/color variation while keeping the item recognizable. Single product focus, realistic proportions, soft studio lighting, warm off-white craft-paper background, subtle natural shadow, no text, no logos, no watermark, square composition.	projects/lined-paper-craft/image/unique-04.png	./image/item.png	./image/unique-04.png
lined-paper-craft	5	product variation	Lined paper	Lined paper	Precise fiber tips create clean, expressive lines for diagrams, journaling, lettering, and detail work.	0.4mm precision tip Fade-resistant black ink Long-lasting fiber point	A distinct premium catalog photograph of Lined paper, variation 5: Lined paper. Show the real Lined paper object clearly and accurately, with a different physical presentation from every other asset: Precise fiber tips create clean, expressive lines for diagrams, journaling, lettering, and detail work. Product details: 0.4mm precision tip Fade-resistant black ink Long-lasting fiber point. Use a distinct angle, arrangement, and tasteful material/color variation while keeping the item recognizable. Single product focus, realistic proportions, soft studio lighting, warm off-white craft-paper background, subtle natural shadow, no text, no logos, no watermark, square composition.	projects/lined-paper-craft/image/unique-05.png	./image/item.png	./image/unique-05.png
lined-paper-craft	6	about presentation	Lined paper	about presentation 6			A distinct editorial presentation image for a stationery and craft product webpage about Lined paper, role about presentation number 6. Feature Lined paper as the clear subject in a unique composition, different from every other image in the repository, realistic product photography, soft studio lighting, warm off-white craft-paper background, no text, no logos, no watermark, square composition.	projects/lined-paper-craft/image/unique-06.png	./image/item.png	./image/unique-06.png
liquid-glue-craft	1	product variation	Liquid glue	Liquid glue	The reliable everyday choice for notes, lists, and long writing sessions, with a clean line and dependable flow.	0.7mm smooth ballpoint tip Quick-drying blue ink Balanced resin barrel	A distinct premium catalog photograph of Liquid glue, variation 1: Liquid glue. Show the real Liquid glue object clearly and accurately, with a different physical presentation from every other asset: The reliable everyday choice for notes, lists, and long writing sessions, with a clean line and dependable flow. Product details: 0.7mm smooth ballpoint tip Quick-drying blue ink Balanced resin barrel. Use a distinct angle, arrangement, and tasteful material/color variation while keeping the item recognizable. Single product focus, realistic proportions, soft studio lighting, warm off-white craft-paper background, subtle natural shadow, no text, no logos, no watermark, square composition.	projects/liquid-glue-craft/image/unique-01.png	./image/item.png	./image/unique-01.png
liquid-glue-craft	2	product variation	Liquid glue	Liquid glue	Smooth-flowing gel ink brings bright, expressive color to notes, sketches, and everyday ideas.	24 signature ink colors Quick-drying gel ink Comfortable soft-touch grip	A distinct premium catalog photograph of Liquid glue, variation 2: Liquid glue. Show the real Liquid glue object clearly and accurately, with a different physical presentation from every other asset: Smooth-flowing gel ink brings bright, expressive color to notes, sketches, and everyday ideas. Product details: 24 signature ink colors Quick-drying gel ink Comfortable soft-touch grip. Use a distinct angle, arrangement, and tasteful material/color variation while keeping the item recognizable. Single product focus, realistic proportions, soft studio lighting, warm off-white craft-paper background, subtle natural shadow, no text, no logos, no watermark, square composition.	projects/liquid-glue-craft/image/unique-02.png	./image/item.png	./image/unique-02.png
liquid-glue-craft	3	product variation	Liquid glue	Liquid glue	Liquid ink glides across the page with effortless flow, expressive line control, and a refined finish.	Silky liquid ink Ultra-smooth writing Premium roller tip	A distinct premium catalog photograph of Liquid glue, variation 3: Liquid glue. Show the real Liquid glue object clearly and accurately, with a different physical presentation from every other asset: Liquid ink glides across the page with effortless flow, expressive line control, and a refined finish. Product details: Silky liquid ink Ultra-smooth writing Premium roller tip. Use a distinct angle, arrangement, and tasteful material/color variation while keeping the item recognizable. Single product focus, realistic proportions, soft studio lighting, warm off-white craft-paper background, subtle natural shadow, no text, no logos, no watermark, square composition.	projects/liquid-glue-craft/image/unique-03.png	./image/item.png	./image/unique-03.png
liquid-glue-craft	4	product variation	Liquid glue	Liquid glue	A smooth fountain nib and refillable reservoir turn every page into a more considered writing experience.	Refillable ink system Fine and medium nibs Polished metal nib	A distinct premium catalog photograph of Liquid glue, variation 4: Liquid glue. Show the real Liquid glue object clearly and accurately, with a different physical presentation from every other asset: A smooth fountain nib and refillable reservoir turn every page into a more considered writing experience. Product details: Refillable ink system Fine and medium nibs Polished metal nib. Use a distinct angle, arrangement, and tasteful material/color variation while keeping the item recognizable. Single product focus, realistic proportions, soft studio lighting, warm off-white craft-paper background, subtle natural shadow, no text, no logos, no watermark, square composition.	projects/liquid-glue-craft/image/unique-04.png	./image/item.png	./image/unique-04.png
liquid-glue-craft	5	product variation	Liquid glue	Liquid glue	Precise fiber tips create clean, expressive lines for diagrams, journaling, lettering, and detail work.	0.4mm precision tip Fade-resistant black ink Long-lasting fiber point	A distinct premium catalog photograph of Liquid glue, variation 5: Liquid glue. Show the real Liquid glue object clearly and accurately, with a different physical presentation from every other asset: Precise fiber tips create clean, expressive lines for diagrams, journaling, lettering, and detail work. Product details: 0.4mm precision tip Fade-resistant black ink Long-lasting fiber point. Use a distinct angle, arrangement, and tasteful material/color variation while keeping the item recognizable. Single product focus, realistic proportions, soft studio lighting, warm off-white craft-paper background, subtle natural shadow, no text, no logos, no watermark, square composition.	projects/liquid-glue-craft/image/unique-05.png	./image/item.png	./image/unique-05.png
liquid-glue-craft	6	about presentation	Liquid glue	about presentation 6			A distinct editorial presentation image for a stationery and craft product webpage about Liquid glue, role about presentation number 6. Feature Liquid glue as the clear subject in a unique composition, different from every other image in the repository, realistic product photography, soft studio lighting, warm off-white craft-paper background, no text, no logos, no watermark, square composition.	projects/liquid-glue-craft/image/unique-06.png	./image/item.png	./image/unique-06.png
logbooks-craft	1	product variation	Logbooks	Logbooks	The reliable everyday choice for notes, lists, and long writing sessions, with a clean line and dependable flow.	0.7mm smooth ballpoint tip Quick-drying blue ink Balanced resin barrel	A distinct premium catalog photograph of Logbooks, variation 1: Logbooks. Show the real Logbooks object clearly and accurately, with a different physical presentation from every other asset: The reliable everyday choice for notes, lists, and long writing sessions, with a clean line and dependable flow. Product details: 0.7mm smooth ballpoint tip Quick-drying blue ink Balanced resin barrel. Use a distinct angle, arrangement, and tasteful material/color variation while keeping the item recognizable. Single product focus, realistic proportions, soft studio lighting, warm off-white craft-paper background, subtle natural shadow, no text, no logos, no watermark, square composition.	projects/logbooks-craft/image/unique-01.png	./image/item.png	./image/unique-01.png
logbooks-craft	2	product variation	Logbooks	Logbooks	Smooth-flowing gel ink brings bright, expressive color to notes, sketches, and everyday ideas.	24 signature ink colors Quick-drying gel ink Comfortable soft-touch grip	A distinct premium catalog photograph of Logbooks, variation 2: Logbooks. Show the real Logbooks object clearly and accurately, with a different physical presentation from every other asset: Smooth-flowing gel ink brings bright, expressive color to notes, sketches, and everyday ideas. Product details: 24 signature ink colors Quick-drying gel ink Comfortable soft-touch grip. Use a distinct angle, arrangement, and tasteful material/color variation while keeping the item recognizable. Single product focus, realistic proportions, soft studio lighting, warm off-white craft-paper background, subtle natural shadow, no text, no logos, no watermark, square composition.	projects/logbooks-craft/image/unique-02.png	./image/item.png	./image/unique-02.png
logbooks-craft	3	product variation	Logbooks	Logbooks	Liquid ink glides across the page with effortless flow, expressive line control, and a refined finish.	Silky liquid ink Ultra-smooth writing Premium roller tip	A distinct premium catalog photograph of Logbooks, variation 3: Logbooks. Show the real Logbooks object clearly and accurately, with a different physical presentation from every other asset: Liquid ink glides across the page with effortless flow, expressive line control, and a refined finish. Product details: Silky liquid ink Ultra-smooth writing Premium roller tip. Use a distinct angle, arrangement, and tasteful material/color variation while keeping the item recognizable. Single product focus, realistic proportions, soft studio lighting, warm off-white craft-paper background, subtle natural shadow, no text, no logos, no watermark, square composition.	projects/logbooks-craft/image/unique-03.png	./image/item.png	./image/unique-03.png
logbooks-craft	4	product variation	Logbooks	Logbooks	A smooth fountain nib and refillable reservoir turn every page into a more considered writing experience.	Refillable ink system Fine and medium nibs Polished metal nib	A distinct premium catalog photograph of Logbooks, variation 4: Logbooks. Show the real Logbooks object clearly and accurately, with a different physical presentation from every other asset: A smooth fountain nib and refillable reservoir turn every page into a more considered writing experience. Product details: Refillable ink system Fine and medium nibs Polished metal nib. Use a distinct angle, arrangement, and tasteful material/color variation while keeping the item recognizable. Single product focus, realistic proportions, soft studio lighting, warm off-white craft-paper background, subtle natural shadow, no text, no logos, no watermark, square composition.	projects/logbooks-craft/image/unique-04.png	./image/item.png	./image/unique-04.png
logbooks-craft	5	product variation	Logbooks	Logbooks	Precise fiber tips create clean, expressive lines for diagrams, journaling, lettering, and detail work.	0.4mm precision tip Fade-resistant black ink Long-lasting fiber point	A distinct premium catalog photograph of Logbooks, variation 5: Logbooks. Show the real Logbooks object clearly and accurately, with a different physical presentation from every other asset: Precise fiber tips create clean, expressive lines for diagrams, journaling, lettering, and detail work. Product details: 0.4mm precision tip Fade-resistant black ink Long-lasting fiber point. Use a distinct angle, arrangement, and tasteful material/color variation while keeping the item recognizable. Single product focus, realistic proportions, soft studio lighting, warm off-white craft-paper background, subtle natural shadow, no text, no logos, no watermark, square composition.	projects/logbooks-craft/image/unique-05.png	./image/item.png	./image/unique-05.png
logbooks-craft	6	about presentation	Logbooks	about presentation 6			A distinct editorial presentation image for a stationery and craft product webpage about Logbooks, role about presentation number 6. Feature Logbooks as the clear subject in a unique composition, different from every other image in the repository, realistic product photography, soft studio lighting, warm off-white craft-paper background, no text, no logos, no watermark, square composition.	projects/logbooks-craft/image/unique-06.png	./image/item.png	./image/unique-06.png
lunch-boxes-craft	1	product variation	Lunch boxes	Lunch boxes	The reliable everyday choice for notes, lists, and long writing sessions, with a clean line and dependable flow.	0.7mm smooth ballpoint tip Quick-drying blue ink Balanced resin barrel	A distinct premium catalog photograph of Lunch boxes, variation 1: Lunch boxes. Show the real Lunch boxes object clearly and accurately, with a different physical presentation from every other asset: The reliable everyday choice for notes, lists, and long writing sessions, with a clean line and dependable flow. Product details: 0.7mm smooth ballpoint tip Quick-drying blue ink Balanced resin barrel. Use a distinct angle, arrangement, and tasteful material/color variation while keeping the item recognizable. Single product focus, realistic proportions, soft studio lighting, warm off-white craft-paper background, subtle natural shadow, no text, no logos, no watermark, square composition.	projects/lunch-boxes-craft/image/unique-01.png	./image/item.png	./image/unique-01.png
lunch-boxes-craft	2	product variation	Lunch boxes	Lunch boxes	Smooth-flowing gel ink brings bright, expressive color to notes, sketches, and everyday ideas.	24 signature ink colors Quick-drying gel ink Comfortable soft-touch grip	A distinct premium catalog photograph of Lunch boxes, variation 2: Lunch boxes. Show the real Lunch boxes object clearly and accurately, with a different physical presentation from every other asset: Smooth-flowing gel ink brings bright, expressive color to notes, sketches, and everyday ideas. Product details: 24 signature ink colors Quick-drying gel ink Comfortable soft-touch grip. Use a distinct angle, arrangement, and tasteful material/color variation while keeping the item recognizable. Single product focus, realistic proportions, soft studio lighting, warm off-white craft-paper background, subtle natural shadow, no text, no logos, no watermark, square composition.	projects/lunch-boxes-craft/image/unique-02.png	./image/item.png	./image/unique-02.png
lunch-boxes-craft	3	product variation	Lunch boxes	Lunch boxes	Liquid ink glides across the page with effortless flow, expressive line control, and a refined finish.	Silky liquid ink Ultra-smooth writing Premium roller tip	A distinct premium catalog photograph of Lunch boxes, variation 3: Lunch boxes. Show the real Lunch boxes object clearly and accurately, with a different physical presentation from every other asset: Liquid ink glides across the page with effortless flow, expressive line control, and a refined finish. Product details: Silky liquid ink Ultra-smooth writing Premium roller tip. Use a distinct angle, arrangement, and tasteful material/color variation while keeping the item recognizable. Single product focus, realistic proportions, soft studio lighting, warm off-white craft-paper background, subtle natural shadow, no text, no logos, no watermark, square composition.	projects/lunch-boxes-craft/image/unique-03.png	./image/item.png	./image/unique-03.png
lunch-boxes-craft	4	product variation	Lunch boxes	Lunch boxes	A smooth fountain nib and refillable reservoir turn every page into a more considered writing experience.	Refillable ink system Fine and medium nibs Polished metal nib	A distinct premium catalog photograph of Lunch boxes, variation 4: Lunch boxes. Show the real Lunch boxes object clearly and accurately, with a different physical presentation from every other asset: A smooth fountain nib and refillable reservoir turn every page into a more considered writing experience. Product details: Refillable ink system Fine and medium nibs Polished metal nib. Use a distinct angle, arrangement, and tasteful material/color variation while keeping the item recognizable. Single product focus, realistic proportions, soft studio lighting, warm off-white craft-paper background, subtle natural shadow, no text, no logos, no watermark, square composition.	projects/lunch-boxes-craft/image/unique-04.png	./image/item.png	./image/unique-04.png
lunch-boxes-craft	5	product variation	Lunch boxes	Lunch boxes	Precise fiber tips create clean, expressive lines for diagrams, journaling, lettering, and detail work.	0.4mm precision tip Fade-resistant black ink Long-lasting fiber point	A distinct premium catalog photograph of Lunch boxes, variation 5: Lunch boxes. Show the real Lunch boxes object clearly and accurately, with a different physical presentation from every other asset: Precise fiber tips create clean, expressive lines for diagrams, journaling, lettering, and detail work. Product details: 0.4mm precision tip Fade-resistant black ink Long-lasting fiber point. Use a distinct angle, arrangement, and tasteful material/color variation while keeping the item recognizable. Single product focus, realistic proportions, soft studio lighting, warm off-white craft-paper background, subtle natural shadow, no text, no logos, no watermark, square composition.	projects/lunch-boxes-craft/image/unique-05.png	./image/item.png	./image/unique-05.png
lunch-boxes-craft	6	about presentation	Lunch boxes	about presentation 6			A distinct editorial presentation image for a stationery and craft product webpage about Lunch boxes, role about presentation number 6. Feature Lunch boxes as the clear subject in a unique composition, different from every other image in the repository, realistic product photography, soft studio lighting, warm off-white craft-paper background, no text, no logos, no watermark, square composition.	projects/lunch-boxes-craft/image/unique-06.png	./image/item.png	./image/unique-06.png
magazine-holders-craft	1	product variation	Magazine holders	Magazine holders	The reliable everyday choice for notes, lists, and long writing sessions, with a clean line and dependable flow.	0.7mm smooth ballpoint tip Quick-drying blue ink Balanced resin barrel	A distinct premium catalog photograph of Magazine holders, variation 1: Magazine holders. Show the real Magazine holders object clearly and accurately, with a different physical presentation from every other asset: The reliable everyday choice for notes, lists, and long writing sessions, with a clean line and dependable flow. Product details: 0.7mm smooth ballpoint tip Quick-drying blue ink Balanced resin barrel. Use a distinct angle, arrangement, and tasteful material/color variation while keeping the item recognizable. Single product focus, realistic proportions, soft studio lighting, warm off-white craft-paper background, subtle natural shadow, no text, no logos, no watermark, square composition.	projects/magazine-holders-craft/image/unique-01.png	./image/item.png	./image/unique-01.png
magazine-holders-craft	2	product variation	Magazine holders	Magazine holders	Smooth-flowing gel ink brings bright, expressive color to notes, sketches, and everyday ideas.	24 signature ink colors Quick-drying gel ink Comfortable soft-touch grip	A distinct premium catalog photograph of Magazine holders, variation 2: Magazine holders. Show the real Magazine holders object clearly and accurately, with a different physical presentation from every other asset: Smooth-flowing gel ink brings bright, expressive color to notes, sketches, and everyday ideas. Product details: 24 signature ink colors Quick-drying gel ink Comfortable soft-touch grip. Use a distinct angle, arrangement, and tasteful material/color variation while keeping the item recognizable. Single product focus, realistic proportions, soft studio lighting, warm off-white craft-paper background, subtle natural shadow, no text, no logos, no watermark, square composition.	projects/magazine-holders-craft/image/unique-02.png	./image/item.png	./image/unique-02.png
magazine-holders-craft	3	product variation	Magazine holders	Magazine holders	Liquid ink glides across the page with effortless flow, expressive line control, and a refined finish.	Silky liquid ink Ultra-smooth writing Premium roller tip	A distinct premium catalog photograph of Magazine holders, variation 3: Magazine holders. Show the real Magazine holders object clearly and accurately, with a different physical presentation from every other asset: Liquid ink glides across the page with effortless flow, expressive line control, and a refined finish. Product details: Silky liquid ink Ultra-smooth writing Premium roller tip. Use a distinct angle, arrangement, and tasteful material/color variation while keeping the item recognizable. Single product focus, realistic proportions, soft studio lighting, warm off-white craft-paper background, subtle natural shadow, no text, no logos, no watermark, square composition.	projects/magazine-holders-craft/image/unique-03.png	./image/item.png	./image/unique-03.png
magazine-holders-craft	4	product variation	Magazine holders	Magazine holders	A smooth fountain nib and refillable reservoir turn every page into a more considered writing experience.	Refillable ink system Fine and medium nibs Polished metal nib	A distinct premium catalog photograph of Magazine holders, variation 4: Magazine holders. Show the real Magazine holders object clearly and accurately, with a different physical presentation from every other asset: A smooth fountain nib and refillable reservoir turn every page into a more considered writing experience. Product details: Refillable ink system Fine and medium nibs Polished metal nib. Use a distinct angle, arrangement, and tasteful material/color variation while keeping the item recognizable. Single product focus, realistic proportions, soft studio lighting, warm off-white craft-paper background, subtle natural shadow, no text, no logos, no watermark, square composition.	projects/magazine-holders-craft/image/unique-04.png	./image/item.png	./image/unique-04.png
magazine-holders-craft	5	product variation	Magazine holders	Magazine holders	Precise fiber tips create clean, expressive lines for diagrams, journaling, lettering, and detail work.	0.4mm precision tip Fade-resistant black ink Long-lasting fiber point	A distinct premium catalog photograph of Magazine holders, variation 5: Magazine holders. Show the real Magazine holders object clearly and accurately, with a different physical presentation from every other asset: Precise fiber tips create clean, expressive lines for diagrams, journaling, lettering, and detail work. Product details: 0.4mm precision tip Fade-resistant black ink Long-lasting fiber point. Use a distinct angle, arrangement, and tasteful material/color variation while keeping the item recognizable. Single product focus, realistic proportions, soft studio lighting, warm off-white craft-paper background, subtle natural shadow, no text, no logos, no watermark, square composition.	projects/magazine-holders-craft/image/unique-05.png	./image/item.png	./image/unique-05.png
magazine-holders-craft	6	about presentation	Magazine holders	about presentation 6			A distinct editorial presentation image for a stationery and craft product webpage about Magazine holders, role about presentation number 6. Feature Magazine holders as the clear subject in a unique composition, different from every other image in the repository, realistic product photography, soft studio lighting, warm off-white craft-paper background, no text, no logos, no watermark, square composition.	projects/magazine-holders-craft/image/unique-06.png	./image/item.png	./image/unique-06.png
mailing-labels-craft	1	product variation	Mailing labels	Mailing labels	The reliable everyday choice for notes, lists, and long writing sessions, with a clean line and dependable flow.	0.7mm smooth ballpoint tip Quick-drying blue ink Balanced resin barrel	A distinct premium catalog photograph of Mailing labels, variation 1: Mailing labels. Show the real Mailing labels object clearly and accurately, with a different physical presentation from every other asset: The reliable everyday choice for notes, lists, and long writing sessions, with a clean line and dependable flow. Product details: 0.7mm smooth ballpoint tip Quick-drying blue ink Balanced resin barrel. Use a distinct angle, arrangement, and tasteful material/color variation while keeping the item recognizable. Single product focus, realistic proportions, soft studio lighting, warm off-white craft-paper background, subtle natural shadow, no text, no logos, no watermark, square composition.	projects/mailing-labels-craft/image/unique-01.png	./image/item.png	./image/unique-01.png
mailing-labels-craft	2	product variation	Mailing labels	Mailing labels	Smooth-flowing gel ink brings bright, expressive color to notes, sketches, and everyday ideas.	24 signature ink colors Quick-drying gel ink Comfortable soft-touch grip	A distinct premium catalog photograph of Mailing labels, variation 2: Mailing labels. Show the real Mailing labels object clearly and accurately, with a different physical presentation from every other asset: Smooth-flowing gel ink brings bright, expressive color to notes, sketches, and everyday ideas. Product details: 24 signature ink colors Quick-drying gel ink Comfortable soft-touch grip. Use a distinct angle, arrangement, and tasteful material/color variation while keeping the item recognizable. Single product focus, realistic proportions, soft studio lighting, warm off-white craft-paper background, subtle natural shadow, no text, no logos, no watermark, square composition.	projects/mailing-labels-craft/image/unique-02.png	./image/item.png	./image/unique-02.png
mailing-labels-craft	3	product variation	Mailing labels	Mailing labels	Liquid ink glides across the page with effortless flow, expressive line control, and a refined finish.	Silky liquid ink Ultra-smooth writing Premium roller tip	A distinct premium catalog photograph of Mailing labels, variation 3: Mailing labels. Show the real Mailing labels object clearly and accurately, with a different physical presentation from every other asset: Liquid ink glides across the page with effortless flow, expressive line control, and a refined finish. Product details: Silky liquid ink Ultra-smooth writing Premium roller tip. Use a distinct angle, arrangement, and tasteful material/color variation while keeping the item recognizable. Single product focus, realistic proportions, soft studio lighting, warm off-white craft-paper background, subtle natural shadow, no text, no logos, no watermark, square composition.	projects/mailing-labels-craft/image/unique-03.png	./image/item.png	./image/unique-03.png
mailing-labels-craft	4	product variation	Mailing labels	Mailing labels	A smooth fountain nib and refillable reservoir turn every page into a more considered writing experience.	Refillable ink system Fine and medium nibs Polished metal nib	A distinct premium catalog photograph of Mailing labels, variation 4: Mailing labels. Show the real Mailing labels object clearly and accurately, with a different physical presentation from every other asset: A smooth fountain nib and refillable reservoir turn every page into a more considered writing experience. Product details: Refillable ink system Fine and medium nibs Polished metal nib. Use a distinct angle, arrangement, and tasteful material/color variation while keeping the item recognizable. Single product focus, realistic proportions, soft studio lighting, warm off-white craft-paper background, subtle natural shadow, no text, no logos, no watermark, square composition.	projects/mailing-labels-craft/image/unique-04.png	./image/item.png	./image/unique-04.png
mailing-labels-craft	5	product variation	Mailing labels	Mailing labels	Precise fiber tips create clean, expressive lines for diagrams, journaling, lettering, and detail work.	0.4mm precision tip Fade-resistant black ink Long-lasting fiber point	A distinct premium catalog photograph of Mailing labels, variation 5: Mailing labels. Show the real Mailing labels object clearly and accurately, with a different physical presentation from every other asset: Precise fiber tips create clean, expressive lines for diagrams, journaling, lettering, and detail work. Product details: 0.4mm precision tip Fade-resistant black ink Long-lasting fiber point. Use a distinct angle, arrangement, and tasteful material/color variation while keeping the item recognizable. Single product focus, realistic proportions, soft studio lighting, warm off-white craft-paper background, subtle natural shadow, no text, no logos, no watermark, square composition.	projects/mailing-labels-craft/image/unique-05.png	./image/item.png	./image/unique-05.png
mailing-labels-craft	6	about presentation	Mailing labels	about presentation 6			A distinct editorial presentation image for a stationery and craft product webpage about Mailing labels, role about presentation number 6. Feature Mailing labels as the clear subject in a unique composition, different from every other image in the repository, realistic product photography, soft studio lighting, warm off-white craft-paper background, no text, no logos, no watermark, square composition.	projects/mailing-labels-craft/image/unique-06.png	./image/item.png	./image/unique-06.png
masking-tape-craft	1	product variation	Masking tape	Masking tape	The reliable everyday choice for notes, lists, and long writing sessions, with a clean line and dependable flow.	0.7mm smooth ballpoint tip Quick-drying blue ink Balanced resin barrel	A distinct premium catalog photograph of Masking tape, variation 1: Masking tape. Show the real Masking tape object clearly and accurately, with a different physical presentation from every other asset: The reliable everyday choice for notes, lists, and long writing sessions, with a clean line and dependable flow. Product details: 0.7mm smooth ballpoint tip Quick-drying blue ink Balanced resin barrel. Use a distinct angle, arrangement, and tasteful material/color variation while keeping the item recognizable. Single product focus, realistic proportions, soft studio lighting, warm off-white craft-paper background, subtle natural shadow, no text, no logos, no watermark, square composition.	projects/masking-tape-craft/image/unique-01.png	./image/item.png	./image/unique-01.png
masking-tape-craft	2	product variation	Masking tape	Masking tape	Smooth-flowing gel ink brings bright, expressive color to notes, sketches, and everyday ideas.	24 signature ink colors Quick-drying gel ink Comfortable soft-touch grip	A distinct premium catalog photograph of Masking tape, variation 2: Masking tape. Show the real Masking tape object clearly and accurately, with a different physical presentation from every other asset: Smooth-flowing gel ink brings bright, expressive color to notes, sketches, and everyday ideas. Product details: 24 signature ink colors Quick-drying gel ink Comfortable soft-touch grip. Use a distinct angle, arrangement, and tasteful material/color variation while keeping the item recognizable. Single product focus, realistic proportions, soft studio lighting, warm off-white craft-paper background, subtle natural shadow, no text, no logos, no watermark, square composition.	projects/masking-tape-craft/image/unique-02.png	./image/item.png	./image/unique-02.png
masking-tape-craft	3	product variation	Masking tape	Masking tape	Liquid ink glides across the page with effortless flow, expressive line control, and a refined finish.	Silky liquid ink Ultra-smooth writing Premium roller tip	A distinct premium catalog photograph of Masking tape, variation 3: Masking tape. Show the real Masking tape object clearly and accurately, with a different physical presentation from every other asset: Liquid ink glides across the page with effortless flow, expressive line control, and a refined finish. Product details: Silky liquid ink Ultra-smooth writing Premium roller tip. Use a distinct angle, arrangement, and tasteful material/color variation while keeping the item recognizable. Single product focus, realistic proportions, soft studio lighting, warm off-white craft-paper background, subtle natural shadow, no text, no logos, no watermark, square composition.	projects/masking-tape-craft/image/unique-03.png	./image/item.png	./image/unique-03.png
masking-tape-craft	4	product variation	Masking tape	Masking tape	A smooth fountain nib and refillable reservoir turn every page into a more considered writing experience.	Refillable ink system Fine and medium nibs Polished metal nib	A distinct premium catalog photograph of Masking tape, variation 4: Masking tape. Show the real Masking tape object clearly and accurately, with a different physical presentation from every other asset: A smooth fountain nib and refillable reservoir turn every page into a more considered writing experience. Product details: Refillable ink system Fine and medium nibs Polished metal nib. Use a distinct angle, arrangement, and tasteful material/color variation while keeping the item recognizable. Single product focus, realistic proportions, soft studio lighting, warm off-white craft-paper background, subtle natural shadow, no text, no logos, no watermark, square composition.	projects/masking-tape-craft/image/unique-04.png	./image/item.png	./image/unique-04.png
masking-tape-craft	5	product variation	Masking tape	Masking tape	Precise fiber tips create clean, expressive lines for diagrams, journaling, lettering, and detail work.	0.4mm precision tip Fade-resistant black ink Long-lasting fiber point	A distinct premium catalog photograph of Masking tape, variation 5: Masking tape. Show the real Masking tape object clearly and accurately, with a different physical presentation from every other asset: Precise fiber tips create clean, expressive lines for diagrams, journaling, lettering, and detail work. Product details: 0.4mm precision tip Fade-resistant black ink Long-lasting fiber point. Use a distinct angle, arrangement, and tasteful material/color variation while keeping the item recognizable. Single product focus, realistic proportions, soft studio lighting, warm off-white craft-paper background, subtle natural shadow, no text, no logos, no watermark, square composition.	projects/masking-tape-craft/image/unique-05.png	./image/item.png	./image/unique-05.png
masking-tape-craft	6	about presentation	Masking tape	about presentation 6			A distinct editorial presentation image for a stationery and craft product webpage about Masking tape, role about presentation number 6. Feature Masking tape as the clear subject in a unique composition, different from every other image in the repository, realistic product photography, soft studio lighting, warm off-white craft-paper background, no text, no logos, no watermark, square composition.	projects/masking-tape-craft/image/unique-06.png	./image/item.png	./image/unique-06.png
measuring-tapes-craft	1	product variation	Measuring tapes	Measuring tapes	The reliable everyday choice for notes, lists, and long writing sessions, with a clean line and dependable flow.	0.7mm smooth ballpoint tip Quick-drying blue ink Balanced resin barrel	A distinct premium catalog photograph of Measuring tapes, variation 1: Measuring tapes. Show the real Measuring tapes object clearly and accurately, with a different physical presentation from every other asset: The reliable everyday choice for notes, lists, and long writing sessions, with a clean line and dependable flow. Product details: 0.7mm smooth ballpoint tip Quick-drying blue ink Balanced resin barrel. Use a distinct angle, arrangement, and tasteful material/color variation while keeping the item recognizable. Single product focus, realistic proportions, soft studio lighting, warm off-white craft-paper background, subtle natural shadow, no text, no logos, no watermark, square composition.	projects/measuring-tapes-craft/image/unique-01.png	./image/item.png	./image/unique-01.png
measuring-tapes-craft	2	product variation	Measuring tapes	Measuring tapes	Smooth-flowing gel ink brings bright, expressive color to notes, sketches, and everyday ideas.	24 signature ink colors Quick-drying gel ink Comfortable soft-touch grip	A distinct premium catalog photograph of Measuring tapes, variation 2: Measuring tapes. Show the real Measuring tapes object clearly and accurately, with a different physical presentation from every other asset: Smooth-flowing gel ink brings bright, expressive color to notes, sketches, and everyday ideas. Product details: 24 signature ink colors Quick-drying gel ink Comfortable soft-touch grip. Use a distinct angle, arrangement, and tasteful material/color variation while keeping the item recognizable. Single product focus, realistic proportions, soft studio lighting, warm off-white craft-paper background, subtle natural shadow, no text, no logos, no watermark, square composition.	projects/measuring-tapes-craft/image/unique-02.png	./image/item.png	./image/unique-02.png
measuring-tapes-craft	3	product variation	Measuring tapes	Measuring tapes	Liquid ink glides across the page with effortless flow, expressive line control, and a refined finish.	Silky liquid ink Ultra-smooth writing Premium roller tip	A distinct premium catalog photograph of Measuring tapes, variation 3: Measuring tapes. Show the real Measuring tapes object clearly and accurately, with a different physical presentation from every other asset: Liquid ink glides across the page with effortless flow, expressive line control, and a refined finish. Product details: Silky liquid ink Ultra-smooth writing Premium roller tip. Use a distinct angle, arrangement, and tasteful material/color variation while keeping the item recognizable. Single product focus, realistic proportions, soft studio lighting, warm off-white craft-paper background, subtle natural shadow, no text, no logos, no watermark, square composition.	projects/measuring-tapes-craft/image/unique-03.png	./image/item.png	./image/unique-03.png
measuring-tapes-craft	4	product variation	Measuring tapes	Measuring tapes	A smooth fountain nib and refillable reservoir turn every page into a more considered writing experience.	Refillable ink system Fine and medium nibs Polished metal nib	A distinct premium catalog photograph of Measuring tapes, variation 4: Measuring tapes. Show the real Measuring tapes object clearly and accurately, with a different physical presentation from every other asset: A smooth fountain nib and refillable reservoir turn every page into a more considered writing experience. Product details: Refillable ink system Fine and medium nibs Polished metal nib. Use a distinct angle, arrangement, and tasteful material/color variation while keeping the item recognizable. Single product focus, realistic proportions, soft studio lighting, warm off-white craft-paper background, subtle natural shadow, no text, no logos, no watermark, square composition.	projects/measuring-tapes-craft/image/unique-04.png	./image/item.png	./image/unique-04.png
measuring-tapes-craft	5	product variation	Measuring tapes	Measuring tapes	Precise fiber tips create clean, expressive lines for diagrams, journaling, lettering, and detail work.	0.4mm precision tip Fade-resistant black ink Long-lasting fiber point	A distinct premium catalog photograph of Measuring tapes, variation 5: Measuring tapes. Show the real Measuring tapes object clearly and accurately, with a different physical presentation from every other asset: Precise fiber tips create clean, expressive lines for diagrams, journaling, lettering, and detail work. Product details: 0.4mm precision tip Fade-resistant black ink Long-lasting fiber point. Use a distinct angle, arrangement, and tasteful material/color variation while keeping the item recognizable. Single product focus, realistic proportions, soft studio lighting, warm off-white craft-paper background, subtle natural shadow, no text, no logos, no watermark, square composition.	projects/measuring-tapes-craft/image/unique-05.png	./image/item.png	./image/unique-05.png
measuring-tapes-craft	6	about presentation	Measuring tapes	about presentation 6			A distinct editorial presentation image for a stationery and craft product webpage about Measuring tapes, role about presentation number 6. Feature Measuring tapes as the clear subject in a unique composition, different from every other image in the repository, realistic product photography, soft studio lighting, warm off-white craft-paper background, no text, no logos, no watermark, square composition.	projects/measuring-tapes-craft/image/unique-06.png	./image/item.png	./image/unique-06.png
mechanical-pencils-craft	1	product variation	Mechanical pencils	Mechanical pencils	The reliable everyday choice for notes, lists, and long writing sessions, with a clean line and dependable flow.	0.7mm smooth ballpoint tip Quick-drying blue ink Balanced resin barrel	A distinct premium catalog photograph of Mechanical pencils, variation 1: Mechanical pencils. Show the real Mechanical pencils object clearly and accurately, with a different physical presentation from every other asset: The reliable everyday choice for notes, lists, and long writing sessions, with a clean line and dependable flow. Product details: 0.7mm smooth ballpoint tip Quick-drying blue ink Balanced resin barrel. Use a distinct angle, arrangement, and tasteful material/color variation while keeping the item recognizable. Single product focus, realistic proportions, soft studio lighting, warm off-white craft-paper background, subtle natural shadow, no text, no logos, no watermark, square composition.	projects/mechanical-pencils-craft/image/unique-01.png	./image/item.png	./image/unique-01.png
mechanical-pencils-craft	2	product variation	Mechanical pencils	Mechanical pencils	Smooth-flowing gel ink brings bright, expressive color to notes, sketches, and everyday ideas.	24 signature ink colors Quick-drying gel ink Comfortable soft-touch grip	A distinct premium catalog photograph of Mechanical pencils, variation 2: Mechanical pencils. Show the real Mechanical pencils object clearly and accurately, with a different physical presentation from every other asset: Smooth-flowing gel ink brings bright, expressive color to notes, sketches, and everyday ideas. Product details: 24 signature ink colors Quick-drying gel ink Comfortable soft-touch grip. Use a distinct angle, arrangement, and tasteful material/color variation while keeping the item recognizable. Single product focus, realistic proportions, soft studio lighting, warm off-white craft-paper background, subtle natural shadow, no text, no logos, no watermark, square composition.	projects/mechanical-pencils-craft/image/unique-02.png	./image/item.png	./image/unique-02.png
mechanical-pencils-craft	3	product variation	Mechanical pencils	Mechanical pencils	Liquid ink glides across the page with effortless flow, expressive line control, and a refined finish.	Silky liquid ink Ultra-smooth writing Premium roller tip	A distinct premium catalog photograph of Mechanical pencils, variation 3: Mechanical pencils. Show the real Mechanical pencils object clearly and accurately, with a different physical presentation from every other asset: Liquid ink glides across the page with effortless flow, expressive line control, and a refined finish. Product details: Silky liquid ink Ultra-smooth writing Premium roller tip. Use a distinct angle, arrangement, and tasteful material/color variation while keeping the item recognizable. Single product focus, realistic proportions, soft studio lighting, warm off-white craft-paper background, subtle natural shadow, no text, no logos, no watermark, square composition.	projects/mechanical-pencils-craft/image/unique-03.png	./image/item.png	./image/unique-03.png
mechanical-pencils-craft	4	product variation	Mechanical pencils	Mechanical pencils	A smooth fountain nib and refillable reservoir turn every page into a more considered writing experience.	Refillable ink system Fine and medium nibs Polished metal nib	A distinct premium catalog photograph of Mechanical pencils, variation 4: Mechanical pencils. Show the real Mechanical pencils object clearly and accurately, with a different physical presentation from every other asset: A smooth fountain nib and refillable reservoir turn every page into a more considered writing experience. Product details: Refillable ink system Fine and medium nibs Polished metal nib. Use a distinct angle, arrangement, and tasteful material/color variation while keeping the item recognizable. Single product focus, realistic proportions, soft studio lighting, warm off-white craft-paper background, subtle natural shadow, no text, no logos, no watermark, square composition.	projects/mechanical-pencils-craft/image/unique-04.png	./image/item.png	./image/unique-04.png
mechanical-pencils-craft	5	product variation	Mechanical pencils	Mechanical pencils	Precise fiber tips create clean, expressive lines for diagrams, journaling, lettering, and detail work.	0.4mm precision tip Fade-resistant black ink Long-lasting fiber point	A distinct premium catalog photograph of Mechanical pencils, variation 5: Mechanical pencils. Show the real Mechanical pencils object clearly and accurately, with a different physical presentation from every other asset: Precise fiber tips create clean, expressive lines for diagrams, journaling, lettering, and detail work. Product details: 0.4mm precision tip Fade-resistant black ink Long-lasting fiber point. Use a distinct angle, arrangement, and tasteful material/color variation while keeping the item recognizable. Single product focus, realistic proportions, soft studio lighting, warm off-white craft-paper background, subtle natural shadow, no text, no logos, no watermark, square composition.	projects/mechanical-pencils-craft/image/unique-05.png	./image/item.png	./image/unique-05.png
mechanical-pencils-craft	6	about presentation	Mechanical pencils	about presentation 6			A distinct editorial presentation image for a stationery and craft product webpage about Mechanical pencils, role about presentation number 6. Feature Mechanical pencils as the clear subject in a unique composition, different from every other image in the repository, realistic product photography, soft studio lighting, warm off-white craft-paper background, no text, no logos, no watermark, square composition.	projects/mechanical-pencils-craft/image/unique-06.png	./image/item.png	./image/unique-06.png
memo-pads-craft	1	product variation	Memo pads	Memo pads	The reliable everyday choice for notes, lists, and long writing sessions, with a clean line and dependable flow.	0.7mm smooth ballpoint tip Quick-drying blue ink Balanced resin barrel	A distinct premium catalog photograph of Memo pads, variation 1: Memo pads. Show the real Memo pads object clearly and accurately, with a different physical presentation from every other asset: The reliable everyday choice for notes, lists, and long writing sessions, with a clean line and dependable flow. Product details: 0.7mm smooth ballpoint tip Quick-drying blue ink Balanced resin barrel. Use a distinct angle, arrangement, and tasteful material/color variation while keeping the item recognizable. Single product focus, realistic proportions, soft studio lighting, warm off-white craft-paper background, subtle natural shadow, no text, no logos, no watermark, square composition.	projects/memo-pads-craft/image/unique-01.png	./image/item.png	./image/unique-01.png
memo-pads-craft	2	product variation	Memo pads	Memo pads	Smooth-flowing gel ink brings bright, expressive color to notes, sketches, and everyday ideas.	24 signature ink colors Quick-drying gel ink Comfortable soft-touch grip	A distinct premium catalog photograph of Memo pads, variation 2: Memo pads. Show the real Memo pads object clearly and accurately, with a different physical presentation from every other asset: Smooth-flowing gel ink brings bright, expressive color to notes, sketches, and everyday ideas. Product details: 24 signature ink colors Quick-drying gel ink Comfortable soft-touch grip. Use a distinct angle, arrangement, and tasteful material/color variation while keeping the item recognizable. Single product focus, realistic proportions, soft studio lighting, warm off-white craft-paper background, subtle natural shadow, no text, no logos, no watermark, square composition.	projects/memo-pads-craft/image/unique-02.png	./image/item.png	./image/unique-02.png
memo-pads-craft	3	product variation	Memo pads	Memo pads	Liquid ink glides across the page with effortless flow, expressive line control, and a refined finish.	Silky liquid ink Ultra-smooth writing Premium roller tip	A distinct premium catalog photograph of Memo pads, variation 3: Memo pads. Show the real Memo pads object clearly and accurately, with a different physical presentation from every other asset: Liquid ink glides across the page with effortless flow, expressive line control, and a refined finish. Product details: Silky liquid ink Ultra-smooth writing Premium roller tip. Use a distinct angle, arrangement, and tasteful material/color variation while keeping the item recognizable. Single product focus, realistic proportions, soft studio lighting, warm off-white craft-paper background, subtle natural shadow, no text, no logos, no watermark, square composition.	projects/memo-pads-craft/image/unique-03.png	./image/item.png	./image/unique-03.png
memo-pads-craft	4	product variation	Memo pads	Memo pads	A smooth fountain nib and refillable reservoir turn every page into a more considered writing experience.	Refillable ink system Fine and medium nibs Polished metal nib	A distinct premium catalog photograph of Memo pads, variation 4: Memo pads. Show the real Memo pads object clearly and accurately, with a different physical presentation from every other asset: A smooth fountain nib and refillable reservoir turn every page into a more considered writing experience. Product details: Refillable ink system Fine and medium nibs Polished metal nib. Use a distinct angle, arrangement, and tasteful material/color variation while keeping the item recognizable. Single product focus, realistic proportions, soft studio lighting, warm off-white craft-paper background, subtle natural shadow, no text, no logos, no watermark, square composition.	projects/memo-pads-craft/image/unique-04.png	./image/item.png	./image/unique-04.png
memo-pads-craft	5	product variation	Memo pads	Memo pads	Precise fiber tips create clean, expressive lines for diagrams, journaling, lettering, and detail work.	0.4mm precision tip Fade-resistant black ink Long-lasting fiber point	A distinct premium catalog photograph of Memo pads, variation 5: Memo pads. Show the real Memo pads object clearly and accurately, with a different physical presentation from every other asset: Precise fiber tips create clean, expressive lines for diagrams, journaling, lettering, and detail work. Product details: 0.4mm precision tip Fade-resistant black ink Long-lasting fiber point. Use a distinct angle, arrangement, and tasteful material/color variation while keeping the item recognizable. Single product focus, realistic proportions, soft studio lighting, warm off-white craft-paper background, subtle natural shadow, no text, no logos, no watermark, square composition.	projects/memo-pads-craft/image/unique-05.png	./image/item.png	./image/unique-05.png
memo-pads-craft	6	about presentation	Memo pads	about presentation 6			A distinct editorial presentation image for a stationery and craft product webpage about Memo pads, role about presentation number 6. Feature Memo pads as the clear subject in a unique composition, different from every other image in the repository, realistic product photography, soft studio lighting, warm off-white craft-paper background, no text, no logos, no watermark, square composition.	projects/memo-pads-craft/image/unique-06.png	./image/item.png	./image/unique-06.png
modeling-clay-craft	1	product variation	Modeling clay	Modeling clay	The reliable everyday choice for notes, lists, and long writing sessions, with a clean line and dependable flow.	0.7mm smooth ballpoint tip Quick-drying blue ink Balanced resin barrel	A distinct premium catalog photograph of Modeling clay, variation 1: Modeling clay. Show the real Modeling clay object clearly and accurately, with a different physical presentation from every other asset: The reliable everyday choice for notes, lists, and long writing sessions, with a clean line and dependable flow. Product details: 0.7mm smooth ballpoint tip Quick-drying blue ink Balanced resin barrel. Use a distinct angle, arrangement, and tasteful material/color variation while keeping the item recognizable. Single product focus, realistic proportions, soft studio lighting, warm off-white craft-paper background, subtle natural shadow, no text, no logos, no watermark, square composition.	projects/modeling-clay-craft/image/unique-01.png	./image/item.png	./image/unique-01.png
modeling-clay-craft	2	product variation	Modeling clay	Modeling clay	Smooth-flowing gel ink brings bright, expressive color to notes, sketches, and everyday ideas.	24 signature ink colors Quick-drying gel ink Comfortable soft-touch grip	A distinct premium catalog photograph of Modeling clay, variation 2: Modeling clay. Show the real Modeling clay object clearly and accurately, with a different physical presentation from every other asset: Smooth-flowing gel ink brings bright, expressive color to notes, sketches, and everyday ideas. Product details: 24 signature ink colors Quick-drying gel ink Comfortable soft-touch grip. Use a distinct angle, arrangement, and tasteful material/color variation while keeping the item recognizable. Single product focus, realistic proportions, soft studio lighting, warm off-white craft-paper background, subtle natural shadow, no text, no logos, no watermark, square composition.	projects/modeling-clay-craft/image/unique-02.png	./image/item.png	./image/unique-02.png
modeling-clay-craft	3	product variation	Modeling clay	Modeling clay	Liquid ink glides across the page with effortless flow, expressive line control, and a refined finish.	Silky liquid ink Ultra-smooth writing Premium roller tip	A distinct premium catalog photograph of Modeling clay, variation 3: Modeling clay. Show the real Modeling clay object clearly and accurately, with a different physical presentation from every other asset: Liquid ink glides across the page with effortless flow, expressive line control, and a refined finish. Product details: Silky liquid ink Ultra-smooth writing Premium roller tip. Use a distinct angle, arrangement, and tasteful material/color variation while keeping the item recognizable. Single product focus, realistic proportions, soft studio lighting, warm off-white craft-paper background, subtle natural shadow, no text, no logos, no watermark, square composition.	projects/modeling-clay-craft/image/unique-03.png	./image/item.png	./image/unique-03.png
modeling-clay-craft	4	product variation	Modeling clay	Modeling clay	A smooth fountain nib and refillable reservoir turn every page into a more considered writing experience.	Refillable ink system Fine and medium nibs Polished metal nib	A distinct premium catalog photograph of Modeling clay, variation 4: Modeling clay. Show the real Modeling clay object clearly and accurately, with a different physical presentation from every other asset: A smooth fountain nib and refillable reservoir turn every page into a more considered writing experience. Product details: Refillable ink system Fine and medium nibs Polished metal nib. Use a distinct angle, arrangement, and tasteful material/color variation while keeping the item recognizable. Single product focus, realistic proportions, soft studio lighting, warm off-white craft-paper background, subtle natural shadow, no text, no logos, no watermark, square composition.	projects/modeling-clay-craft/image/unique-04.png	./image/item.png	./image/unique-04.png
modeling-clay-craft	5	product variation	Modeling clay	Modeling clay	Precise fiber tips create clean, expressive lines for diagrams, journaling, lettering, and detail work.	0.4mm precision tip Fade-resistant black ink Long-lasting fiber point	A distinct premium catalog photograph of Modeling clay, variation 5: Modeling clay. Show the real Modeling clay object clearly and accurately, with a different physical presentation from every other asset: Precise fiber tips create clean, expressive lines for diagrams, journaling, lettering, and detail work. Product details: 0.4mm precision tip Fade-resistant black ink Long-lasting fiber point. Use a distinct angle, arrangement, and tasteful material/color variation while keeping the item recognizable. Single product focus, realistic proportions, soft studio lighting, warm off-white craft-paper background, subtle natural shadow, no text, no logos, no watermark, square composition.	projects/modeling-clay-craft/image/unique-05.png	./image/item.png	./image/unique-05.png
modeling-clay-craft	6	about presentation	Modeling clay	about presentation 6			A distinct editorial presentation image for a stationery and craft product webpage about Modeling clay, role about presentation number 6. Feature Modeling clay as the clear subject in a unique composition, different from every other image in the repository, realistic product photography, soft studio lighting, warm off-white craft-paper background, no text, no logos, no watermark, square composition.	projects/modeling-clay-craft/image/unique-06.png	./image/item.png	./image/unique-06.png
mouse-pads-craft	1	product variation	Mouse pads	Mouse pads	The reliable everyday choice for notes, lists, and long writing sessions, with a clean line and dependable flow.	0.7mm smooth ballpoint tip Quick-drying blue ink Balanced resin barrel	A distinct premium catalog photograph of Mouse pads, variation 1: Mouse pads. Show the real Mouse pads object clearly and accurately, with a different physical presentation from every other asset: The reliable everyday choice for notes, lists, and long writing sessions, with a clean line and dependable flow. Product details: 0.7mm smooth ballpoint tip Quick-drying blue ink Balanced resin barrel. Use a distinct angle, arrangement, and tasteful material/color variation while keeping the item recognizable. Single product focus, realistic proportions, soft studio lighting, warm off-white craft-paper background, subtle natural shadow, no text, no logos, no watermark, square composition.	projects/mouse-pads-craft/image/unique-01.png	./image/item.png	./image/unique-01.png
mouse-pads-craft	2	product variation	Mouse pads	Mouse pads	Smooth-flowing gel ink brings bright, expressive color to notes, sketches, and everyday ideas.	24 signature ink colors Quick-drying gel ink Comfortable soft-touch grip	A distinct premium catalog photograph of Mouse pads, variation 2: Mouse pads. Show the real Mouse pads object clearly and accurately, with a different physical presentation from every other asset: Smooth-flowing gel ink brings bright, expressive color to notes, sketches, and everyday ideas. Product details: 24 signature ink colors Quick-drying gel ink Comfortable soft-touch grip. Use a distinct angle, arrangement, and tasteful material/color variation while keeping the item recognizable. Single product focus, realistic proportions, soft studio lighting, warm off-white craft-paper background, subtle natural shadow, no text, no logos, no watermark, square composition.	projects/mouse-pads-craft/image/unique-02.png	./image/item.png	./image/unique-02.png
mouse-pads-craft	3	product variation	Mouse pads	Mouse pads	Liquid ink glides across the page with effortless flow, expressive line control, and a refined finish.	Silky liquid ink Ultra-smooth writing Premium roller tip	A distinct premium catalog photograph of Mouse pads, variation 3: Mouse pads. Show the real Mouse pads object clearly and accurately, with a different physical presentation from every other asset: Liquid ink glides across the page with effortless flow, expressive line control, and a refined finish. Product details: Silky liquid ink Ultra-smooth writing Premium roller tip. Use a distinct angle, arrangement, and tasteful material/color variation while keeping the item recognizable. Single product focus, realistic proportions, soft studio lighting, warm off-white craft-paper background, subtle natural shadow, no text, no logos, no watermark, square composition.	projects/mouse-pads-craft/image/unique-03.png	./image/item.png	./image/unique-03.png
mouse-pads-craft	4	product variation	Mouse pads	Mouse pads	A smooth fountain nib and refillable reservoir turn every page into a more considered writing experience.	Refillable ink system Fine and medium nibs Polished metal nib	A distinct premium catalog photograph of Mouse pads, variation 4: Mouse pads. Show the real Mouse pads object clearly and accurately, with a different physical presentation from every other asset: A smooth fountain nib and refillable reservoir turn every page into a more considered writing experience. Product details: Refillable ink system Fine and medium nibs Polished metal nib. Use a distinct angle, arrangement, and tasteful material/color variation while keeping the item recognizable. Single product focus, realistic proportions, soft studio lighting, warm off-white craft-paper background, subtle natural shadow, no text, no logos, no watermark, square composition.	projects/mouse-pads-craft/image/unique-04.png	./image/item.png	./image/unique-04.png
mouse-pads-craft	5	product variation	Mouse pads	Mouse pads	Precise fiber tips create clean, expressive lines for diagrams, journaling, lettering, and detail work.	0.4mm precision tip Fade-resistant black ink Long-lasting fiber point	A distinct premium catalog photograph of Mouse pads, variation 5: Mouse pads. Show the real Mouse pads object clearly and accurately, with a different physical presentation from every other asset: Precise fiber tips create clean, expressive lines for diagrams, journaling, lettering, and detail work. Product details: 0.4mm precision tip Fade-resistant black ink Long-lasting fiber point. Use a distinct angle, arrangement, and tasteful material/color variation while keeping the item recognizable. Single product focus, realistic proportions, soft studio lighting, warm off-white craft-paper background, subtle natural shadow, no text, no logos, no watermark, square composition.	projects/mouse-pads-craft/image/unique-05.png	./image/item.png	./image/unique-05.png
mouse-pads-craft	6	about presentation	Mouse pads	about presentation 6			A distinct editorial presentation image for a stationery and craft product webpage about Mouse pads, role about presentation number 6. Feature Mouse pads as the clear subject in a unique composition, different from every other image in the repository, realistic product photography, soft studio lighting, warm off-white craft-paper background, no text, no logos, no watermark, square composition.	projects/mouse-pads-craft/image/unique-06.png	./image/item.png	./image/unique-06.png
nameplates-craft	1	product variation	Nameplates	Nameplates	The reliable everyday choice for notes, lists, and long writing sessions, with a clean line and dependable flow.	0.7mm smooth ballpoint tip Quick-drying blue ink Balanced resin barrel	A distinct premium catalog photograph of Nameplates, variation 1: Nameplates. Show the real Nameplates object clearly and accurately, with a different physical presentation from every other asset: The reliable everyday choice for notes, lists, and long writing sessions, with a clean line and dependable flow. Product details: 0.7mm smooth ballpoint tip Quick-drying blue ink Balanced resin barrel. Use a distinct angle, arrangement, and tasteful material/color variation while keeping the item recognizable. Single product focus, realistic proportions, soft studio lighting, warm off-white craft-paper background, subtle natural shadow, no text, no logos, no watermark, square composition.	projects/nameplates-craft/image/unique-01.png	./image/item.png	./image/unique-01.png
nameplates-craft	2	product variation	Nameplates	Nameplates	Smooth-flowing gel ink brings bright, expressive color to notes, sketches, and everyday ideas.	24 signature ink colors Quick-drying gel ink Comfortable soft-touch grip	A distinct premium catalog photograph of Nameplates, variation 2: Nameplates. Show the real Nameplates object clearly and accurately, with a different physical presentation from every other asset: Smooth-flowing gel ink brings bright, expressive color to notes, sketches, and everyday ideas. Product details: 24 signature ink colors Quick-drying gel ink Comfortable soft-touch grip. Use a distinct angle, arrangement, and tasteful material/color variation while keeping the item recognizable. Single product focus, realistic proportions, soft studio lighting, warm off-white craft-paper background, subtle natural shadow, no text, no logos, no watermark, square composition.	projects/nameplates-craft/image/unique-02.png	./image/item.png	./image/unique-02.png
nameplates-craft	3	product variation	Nameplates	Nameplates	Liquid ink glides across the page with effortless flow, expressive line control, and a refined finish.	Silky liquid ink Ultra-smooth writing Premium roller tip	A distinct premium catalog photograph of Nameplates, variation 3: Nameplates. Show the real Nameplates object clearly and accurately, with a different physical presentation from every other asset: Liquid ink glides across the page with effortless flow, expressive line control, and a refined finish. Product details: Silky liquid ink Ultra-smooth writing Premium roller tip. Use a distinct angle, arrangement, and tasteful material/color variation while keeping the item recognizable. Single product focus, realistic proportions, soft studio lighting, warm off-white craft-paper background, subtle natural shadow, no text, no logos, no watermark, square composition.	projects/nameplates-craft/image/unique-03.png	./image/item.png	./image/unique-03.png
nameplates-craft	4	product variation	Nameplates	Nameplates	A smooth fountain nib and refillable reservoir turn every page into a more considered writing experience.	Refillable ink system Fine and medium nibs Polished metal nib	A distinct premium catalog photograph of Nameplates, variation 4: Nameplates. Show the real Nameplates object clearly and accurately, with a different physical presentation from every other asset: A smooth fountain nib and refillable reservoir turn every page into a more considered writing experience. Product details: Refillable ink system Fine and medium nibs Polished metal nib. Use a distinct angle, arrangement, and tasteful material/color variation while keeping the item recognizable. Single product focus, realistic proportions, soft studio lighting, warm off-white craft-paper background, subtle natural shadow, no text, no logos, no watermark, square composition.	projects/nameplates-craft/image/unique-04.png	./image/item.png	./image/unique-04.png
nameplates-craft	5	product variation	Nameplates	Nameplates	Precise fiber tips create clean, expressive lines for diagrams, journaling, lettering, and detail work.	0.4mm precision tip Fade-resistant black ink Long-lasting fiber point	A distinct premium catalog photograph of Nameplates, variation 5: Nameplates. Show the real Nameplates object clearly and accurately, with a different physical presentation from every other asset: Precise fiber tips create clean, expressive lines for diagrams, journaling, lettering, and detail work. Product details: 0.4mm precision tip Fade-resistant black ink Long-lasting fiber point. Use a distinct angle, arrangement, and tasteful material/color variation while keeping the item recognizable. Single product focus, realistic proportions, soft studio lighting, warm off-white craft-paper background, subtle natural shadow, no text, no logos, no watermark, square composition.	projects/nameplates-craft/image/unique-05.png	./image/item.png	./image/unique-05.png
nameplates-craft	6	about presentation	Nameplates	about presentation 6			A distinct editorial presentation image for a stationery and craft product webpage about Nameplates, role about presentation number 6. Feature Nameplates as the clear subject in a unique composition, different from every other image in the repository, realistic product photography, soft studio lighting, warm off-white craft-paper background, no text, no logos, no watermark, square composition.	projects/nameplates-craft/image/unique-06.png	./image/item.png	./image/unique-06.png
notebooks-craft	1	product variation	Notebooks	Notebooks	The reliable everyday choice for notes, lists, and long writing sessions, with a clean line and dependable flow.	0.7mm smooth ballpoint tip Quick-drying blue ink Balanced resin barrel	A distinct premium catalog photograph of Notebooks, variation 1: Notebooks. Show the real Notebooks object clearly and accurately, with a different physical presentation from every other asset: The reliable everyday choice for notes, lists, and long writing sessions, with a clean line and dependable flow. Product details: 0.7mm smooth ballpoint tip Quick-drying blue ink Balanced resin barrel. Use a distinct angle, arrangement, and tasteful material/color variation while keeping the item recognizable. Single product focus, realistic proportions, soft studio lighting, warm off-white craft-paper background, subtle natural shadow, no text, no logos, no watermark, square composition.	projects/notebooks-craft/image/unique-01.png	./image/item.png	./image/unique-01.png
notebooks-craft	2	product variation	Notebooks	Notebooks	Smooth-flowing gel ink brings bright, expressive color to notes, sketches, and everyday ideas.	24 signature ink colors Quick-drying gel ink Comfortable soft-touch grip	A distinct premium catalog photograph of Notebooks, variation 2: Notebooks. Show the real Notebooks object clearly and accurately, with a different physical presentation from every other asset: Smooth-flowing gel ink brings bright, expressive color to notes, sketches, and everyday ideas. Product details: 24 signature ink colors Quick-drying gel ink Comfortable soft-touch grip. Use a distinct angle, arrangement, and tasteful material/color variation while keeping the item recognizable. Single product focus, realistic proportions, soft studio lighting, warm off-white craft-paper background, subtle natural shadow, no text, no logos, no watermark, square composition.	projects/notebooks-craft/image/unique-02.png	./image/item.png	./image/unique-02.png
notebooks-craft	3	product variation	Notebooks	Notebooks	Liquid ink glides across the page with effortless flow, expressive line control, and a refined finish.	Silky liquid ink Ultra-smooth writing Premium roller tip	A distinct premium catalog photograph of Notebooks, variation 3: Notebooks. Show the real Notebooks object clearly and accurately, with a different physical presentation from every other asset: Liquid ink glides across the page with effortless flow, expressive line control, and a refined finish. Product details: Silky liquid ink Ultra-smooth writing Premium roller tip. Use a distinct angle, arrangement, and tasteful material/color variation while keeping the item recognizable. Single product focus, realistic proportions, soft studio lighting, warm off-white craft-paper background, subtle natural shadow, no text, no logos, no watermark, square composition.	projects/notebooks-craft/image/unique-03.png	./image/item.png	./image/unique-03.png
notebooks-craft	4	product variation	Notebooks	Notebooks	A smooth fountain nib and refillable reservoir turn every page into a more considered writing experience.	Refillable ink system Fine and medium nibs Polished metal nib	A distinct premium catalog photograph of Notebooks, variation 4: Notebooks. Show the real Notebooks object clearly and accurately, with a different physical presentation from every other asset: A smooth fountain nib and refillable reservoir turn every page into a more considered writing experience. Product details: Refillable ink system Fine and medium nibs Polished metal nib. Use a distinct angle, arrangement, and tasteful material/color variation while keeping the item recognizable. Single product focus, realistic proportions, soft studio lighting, warm off-white craft-paper background, subtle natural shadow, no text, no logos, no watermark, square composition.	projects/notebooks-craft/image/unique-04.png	./image/item.png	./image/unique-04.png
notebooks-craft	5	product variation	Notebooks	Notebooks	Precise fiber tips create clean, expressive lines for diagrams, journaling, lettering, and detail work.	0.4mm precision tip Fade-resistant black ink Long-lasting fiber point	A distinct premium catalog photograph of Notebooks, variation 5: Notebooks. Show the real Notebooks object clearly and accurately, with a different physical presentation from every other asset: Precise fiber tips create clean, expressive lines for diagrams, journaling, lettering, and detail work. Product details: 0.4mm precision tip Fade-resistant black ink Long-lasting fiber point. Use a distinct angle, arrangement, and tasteful material/color variation while keeping the item recognizable. Single product focus, realistic proportions, soft studio lighting, warm off-white craft-paper background, subtle natural shadow, no text, no logos, no watermark, square composition.	projects/notebooks-craft/image/unique-05.png	./image/item.png	./image/unique-05.png
notebooks-craft	6	about presentation	Notebooks	about presentation 6			A distinct editorial presentation image for a stationery and craft product webpage about Notebooks, role about presentation number 6. Feature Notebooks as the clear subject in a unique composition, different from every other image in the repository, realistic product photography, soft studio lighting, warm off-white craft-paper background, no text, no logos, no watermark, square composition.	projects/notebooks-craft/image/unique-06.png	./image/item.png	./image/unique-06.png
notepads-craft	1	product variation	Notepads	Notepads	The reliable everyday choice for notes, lists, and long writing sessions, with a clean line and dependable flow.	0.7mm smooth ballpoint tip Quick-drying blue ink Balanced resin barrel	A distinct premium catalog photograph of Notepads, variation 1: Notepads. Show the real Notepads object clearly and accurately, with a different physical presentation from every other asset: The reliable everyday choice for notes, lists, and long writing sessions, with a clean line and dependable flow. Product details: 0.7mm smooth ballpoint tip Quick-drying blue ink Balanced resin barrel. Use a distinct angle, arrangement, and tasteful material/color variation while keeping the item recognizable. Single product focus, realistic proportions, soft studio lighting, warm off-white craft-paper background, subtle natural shadow, no text, no logos, no watermark, square composition.	projects/notepads-craft/image/unique-01.png	./image/item.png	./image/unique-01.png
notepads-craft	2	product variation	Notepads	Notepads	Smooth-flowing gel ink brings bright, expressive color to notes, sketches, and everyday ideas.	24 signature ink colors Quick-drying gel ink Comfortable soft-touch grip	A distinct premium catalog photograph of Notepads, variation 2: Notepads. Show the real Notepads object clearly and accurately, with a different physical presentation from every other asset: Smooth-flowing gel ink brings bright, expressive color to notes, sketches, and everyday ideas. Product details: 24 signature ink colors Quick-drying gel ink Comfortable soft-touch grip. Use a distinct angle, arrangement, and tasteful material/color variation while keeping the item recognizable. Single product focus, realistic proportions, soft studio lighting, warm off-white craft-paper background, subtle natural shadow, no text, no logos, no watermark, square composition.	projects/notepads-craft/image/unique-02.png	./image/item.png	./image/unique-02.png
notepads-craft	3	product variation	Notepads	Notepads	Liquid ink glides across the page with effortless flow, expressive line control, and a refined finish.	Silky liquid ink Ultra-smooth writing Premium roller tip	A distinct premium catalog photograph of Notepads, variation 3: Notepads. Show the real Notepads object clearly and accurately, with a different physical presentation from every other asset: Liquid ink glides across the page with effortless flow, expressive line control, and a refined finish. Product details: Silky liquid ink Ultra-smooth writing Premium roller tip. Use a distinct angle, arrangement, and tasteful material/color variation while keeping the item recognizable. Single product focus, realistic proportions, soft studio lighting, warm off-white craft-paper background, subtle natural shadow, no text, no logos, no watermark, square composition.	projects/notepads-craft/image/unique-03.png	./image/item.png	./image/unique-03.png
notepads-craft	4	product variation	Notepads	Notepads	A smooth fountain nib and refillable reservoir turn every page into a more considered writing experience.	Refillable ink system Fine and medium nibs Polished metal nib	A distinct premium catalog photograph of Notepads, variation 4: Notepads. Show the real Notepads object clearly and accurately, with a different physical presentation from every other asset: A smooth fountain nib and refillable reservoir turn every page into a more considered writing experience. Product details: Refillable ink system Fine and medium nibs Polished metal nib. Use a distinct angle, arrangement, and tasteful material/color variation while keeping the item recognizable. Single product focus, realistic proportions, soft studio lighting, warm off-white craft-paper background, subtle natural shadow, no text, no logos, no watermark, square composition.	projects/notepads-craft/image/unique-04.png	./image/item.png	./image/unique-04.png
notepads-craft	5	product variation	Notepads	Notepads	Precise fiber tips create clean, expressive lines for diagrams, journaling, lettering, and detail work.	0.4mm precision tip Fade-resistant black ink Long-lasting fiber point	A distinct premium catalog photograph of Notepads, variation 5: Notepads. Show the real Notepads object clearly and accurately, with a different physical presentation from every other asset: Precise fiber tips create clean, expressive lines for diagrams, journaling, lettering, and detail work. Product details: 0.4mm precision tip Fade-resistant black ink Long-lasting fiber point. Use a distinct angle, arrangement, and tasteful material/color variation while keeping the item recognizable. Single product focus, realistic proportions, soft studio lighting, warm off-white craft-paper background, subtle natural shadow, no text, no logos, no watermark, square composition.	projects/notepads-craft/image/unique-05.png	./image/item.png	./image/unique-05.png
notepads-craft	6	about presentation	Notepads	about presentation 6			A distinct editorial presentation image for a stationery and craft product webpage about Notepads, role about presentation number 6. Feature Notepads as the clear subject in a unique composition, different from every other image in the repository, realistic product photography, soft studio lighting, warm off-white craft-paper background, no text, no logos, no watermark, square composition.	projects/notepads-craft/image/unique-06.png	./image/item.png	./image/unique-06.png
oil-paints-craft	1	product variation	Oil paints	Oil paints	The reliable everyday choice for notes, lists, and long writing sessions, with a clean line and dependable flow.	0.7mm smooth ballpoint tip Quick-drying blue ink Balanced resin barrel	A distinct premium catalog photograph of Oil paints, variation 1: Oil paints. Show the real Oil paints object clearly and accurately, with a different physical presentation from every other asset: The reliable everyday choice for notes, lists, and long writing sessions, with a clean line and dependable flow. Product details: 0.7mm smooth ballpoint tip Quick-drying blue ink Balanced resin barrel. Use a distinct angle, arrangement, and tasteful material/color variation while keeping the item recognizable. Single product focus, realistic proportions, soft studio lighting, warm off-white craft-paper background, subtle natural shadow, no text, no logos, no watermark, square composition.	projects/oil-paints-craft/image/unique-01.png	./image/item.png	./image/unique-01.png
oil-paints-craft	2	product variation	Oil paints	Oil paints	Smooth-flowing gel ink brings bright, expressive color to notes, sketches, and everyday ideas.	24 signature ink colors Quick-drying gel ink Comfortable soft-touch grip	A distinct premium catalog photograph of Oil paints, variation 2: Oil paints. Show the real Oil paints object clearly and accurately, with a different physical presentation from every other asset: Smooth-flowing gel ink brings bright, expressive color to notes, sketches, and everyday ideas. Product details: 24 signature ink colors Quick-drying gel ink Comfortable soft-touch grip. Use a distinct angle, arrangement, and tasteful material/color variation while keeping the item recognizable. Single product focus, realistic proportions, soft studio lighting, warm off-white craft-paper background, subtle natural shadow, no text, no logos, no watermark, square composition.	projects/oil-paints-craft/image/unique-02.png	./image/item.png	./image/unique-02.png
oil-paints-craft	3	product variation	Oil paints	Oil paints	Liquid ink glides across the page with effortless flow, expressive line control, and a refined finish.	Silky liquid ink Ultra-smooth writing Premium roller tip	A distinct premium catalog photograph of Oil paints, variation 3: Oil paints. Show the real Oil paints object clearly and accurately, with a different physical presentation from every other asset: Liquid ink glides across the page with effortless flow, expressive line control, and a refined finish. Product details: Silky liquid ink Ultra-smooth writing Premium roller tip. Use a distinct angle, arrangement, and tasteful material/color variation while keeping the item recognizable. Single product focus, realistic proportions, soft studio lighting, warm off-white craft-paper background, subtle natural shadow, no text, no logos, no watermark, square composition.	projects/oil-paints-craft/image/unique-03.png	./image/item.png	./image/unique-03.png
oil-paints-craft	4	product variation	Oil paints	Oil paints	A smooth fountain nib and refillable reservoir turn every page into a more considered writing experience.	Refillable ink system Fine and medium nibs Polished metal nib	A distinct premium catalog photograph of Oil paints, variation 4: Oil paints. Show the real Oil paints object clearly and accurately, with a different physical presentation from every other asset: A smooth fountain nib and refillable reservoir turn every page into a more considered writing experience. Product details: Refillable ink system Fine and medium nibs Polished metal nib. Use a distinct angle, arrangement, and tasteful material/color variation while keeping the item recognizable. Single product focus, realistic proportions, soft studio lighting, warm off-white craft-paper background, subtle natural shadow, no text, no logos, no watermark, square composition.	projects/oil-paints-craft/image/unique-04.png	./image/item.png	./image/unique-04.png
oil-paints-craft	5	product variation	Oil paints	Oil paints	Precise fiber tips create clean, expressive lines for diagrams, journaling, lettering, and detail work.	0.4mm precision tip Fade-resistant black ink Long-lasting fiber point	A distinct premium catalog photograph of Oil paints, variation 5: Oil paints. Show the real Oil paints object clearly and accurately, with a different physical presentation from every other asset: Precise fiber tips create clean, expressive lines for diagrams, journaling, lettering, and detail work. Product details: 0.4mm precision tip Fade-resistant black ink Long-lasting fiber point. Use a distinct angle, arrangement, and tasteful material/color variation while keeping the item recognizable. Single product focus, realistic proportions, soft studio lighting, warm off-white craft-paper background, subtle natural shadow, no text, no logos, no watermark, square composition.	projects/oil-paints-craft/image/unique-05.png	./image/item.png	./image/unique-05.png
oil-paints-craft	6	about presentation	Oil paints	about presentation 6			A distinct editorial presentation image for a stationery and craft product webpage about Oil paints, role about presentation number 6. Feature Oil paints as the clear subject in a unique composition, different from every other image in the repository, realistic product photography, soft studio lighting, warm off-white craft-paper background, no text, no logos, no watermark, square composition.	projects/oil-paints-craft/image/unique-06.png	./image/item.png	./image/unique-06.png
oil-pastels-craft	1	product variation	Oil pastels	Oil pastels	The reliable everyday choice for notes, lists, and long writing sessions, with a clean line and dependable flow.	0.7mm smooth ballpoint tip Quick-drying blue ink Balanced resin barrel	A distinct premium catalog photograph of Oil pastels, variation 1: Oil pastels. Show the real Oil pastels object clearly and accurately, with a different physical presentation from every other asset: The reliable everyday choice for notes, lists, and long writing sessions, with a clean line and dependable flow. Product details: 0.7mm smooth ballpoint tip Quick-drying blue ink Balanced resin barrel. Use a distinct angle, arrangement, and tasteful material/color variation while keeping the item recognizable. Single product focus, realistic proportions, soft studio lighting, warm off-white craft-paper background, subtle natural shadow, no text, no logos, no watermark, square composition.	projects/oil-pastels-craft/image/unique-01.png	./image/item.png	./image/unique-01.png
oil-pastels-craft	2	product variation	Oil pastels	Oil pastels	Smooth-flowing gel ink brings bright, expressive color to notes, sketches, and everyday ideas.	24 signature ink colors Quick-drying gel ink Comfortable soft-touch grip	A distinct premium catalog photograph of Oil pastels, variation 2: Oil pastels. Show the real Oil pastels object clearly and accurately, with a different physical presentation from every other asset: Smooth-flowing gel ink brings bright, expressive color to notes, sketches, and everyday ideas. Product details: 24 signature ink colors Quick-drying gel ink Comfortable soft-touch grip. Use a distinct angle, arrangement, and tasteful material/color variation while keeping the item recognizable. Single product focus, realistic proportions, soft studio lighting, warm off-white craft-paper background, subtle natural shadow, no text, no logos, no watermark, square composition.	projects/oil-pastels-craft/image/unique-02.png	./image/item.png	./image/unique-02.png
oil-pastels-craft	3	product variation	Oil pastels	Oil pastels	Liquid ink glides across the page with effortless flow, expressive line control, and a refined finish.	Silky liquid ink Ultra-smooth writing Premium roller tip	A distinct premium catalog photograph of Oil pastels, variation 3: Oil pastels. Show the real Oil pastels object clearly and accurately, with a different physical presentation from every other asset: Liquid ink glides across the page with effortless flow, expressive line control, and a refined finish. Product details: Silky liquid ink Ultra-smooth writing Premium roller tip. Use a distinct angle, arrangement, and tasteful material/color variation while keeping the item recognizable. Single product focus, realistic proportions, soft studio lighting, warm off-white craft-paper background, subtle natural shadow, no text, no logos, no watermark, square composition.	projects/oil-pastels-craft/image/unique-03.png	./image/item.png	./image/unique-03.png
oil-pastels-craft	4	product variation	Oil pastels	Oil pastels	A smooth fountain nib and refillable reservoir turn every page into a more considered writing experience.	Refillable ink system Fine and medium nibs Polished metal nib	A distinct premium catalog photograph of Oil pastels, variation 4: Oil pastels. Show the real Oil pastels object clearly and accurately, with a different physical presentation from every other asset: A smooth fountain nib and refillable reservoir turn every page into a more considered writing experience. Product details: Refillable ink system Fine and medium nibs Polished metal nib. Use a distinct angle, arrangement, and tasteful material/color variation while keeping the item recognizable. Single product focus, realistic proportions, soft studio lighting, warm off-white craft-paper background, subtle natural shadow, no text, no logos, no watermark, square composition.	projects/oil-pastels-craft/image/unique-04.png	./image/item.png	./image/unique-04.png
oil-pastels-craft	5	product variation	Oil pastels	Oil pastels	Precise fiber tips create clean, expressive lines for diagrams, journaling, lettering, and detail work.	0.4mm precision tip Fade-resistant black ink Long-lasting fiber point	A distinct premium catalog photograph of Oil pastels, variation 5: Oil pastels. Show the real Oil pastels object clearly and accurately, with a different physical presentation from every other asset: Precise fiber tips create clean, expressive lines for diagrams, journaling, lettering, and detail work. Product details: 0.4mm precision tip Fade-resistant black ink Long-lasting fiber point. Use a distinct angle, arrangement, and tasteful material/color variation while keeping the item recognizable. Single product focus, realistic proportions, soft studio lighting, warm off-white craft-paper background, subtle natural shadow, no text, no logos, no watermark, square composition.	projects/oil-pastels-craft/image/unique-05.png	./image/item.png	./image/unique-05.png
oil-pastels-craft	6	about presentation	Oil pastels	about presentation 6			A distinct editorial presentation image for a stationery and craft product webpage about Oil pastels, role about presentation number 6. Feature Oil pastels as the clear subject in a unique composition, different from every other image in the repository, realistic product photography, soft studio lighting, warm off-white craft-paper background, no text, no logos, no watermark, square composition.	projects/oil-pastels-craft/image/unique-06.png	./image/item.png	./image/unique-06.png
order-books-craft	1	product variation	Order books	Order books	The reliable everyday choice for notes, lists, and long writing sessions, with a clean line and dependable flow.	0.7mm smooth ballpoint tip Quick-drying blue ink Balanced resin barrel	A distinct premium catalog photograph of Order books, variation 1: Order books. Show the real Order books object clearly and accurately, with a different physical presentation from every other asset: The reliable everyday choice for notes, lists, and long writing sessions, with a clean line and dependable flow. Product details: 0.7mm smooth ballpoint tip Quick-drying blue ink Balanced resin barrel. Use a distinct angle, arrangement, and tasteful material/color variation while keeping the item recognizable. Single product focus, realistic proportions, soft studio lighting, warm off-white craft-paper background, subtle natural shadow, no text, no logos, no watermark, square composition.	projects/order-books-craft/image/unique-01.png	./image/item.png	./image/unique-01.png
order-books-craft	2	product variation	Order books	Order books	Smooth-flowing gel ink brings bright, expressive color to notes, sketches, and everyday ideas.	24 signature ink colors Quick-drying gel ink Comfortable soft-touch grip	A distinct premium catalog photograph of Order books, variation 2: Order books. Show the real Order books object clearly and accurately, with a different physical presentation from every other asset: Smooth-flowing gel ink brings bright, expressive color to notes, sketches, and everyday ideas. Product details: 24 signature ink colors Quick-drying gel ink Comfortable soft-touch grip. Use a distinct angle, arrangement, and tasteful material/color variation while keeping the item recognizable. Single product focus, realistic proportions, soft studio lighting, warm off-white craft-paper background, subtle natural shadow, no text, no logos, no watermark, square composition.	projects/order-books-craft/image/unique-02.png	./image/item.png	./image/unique-02.png
order-books-craft	3	product variation	Order books	Order books	Liquid ink glides across the page with effortless flow, expressive line control, and a refined finish.	Silky liquid ink Ultra-smooth writing Premium roller tip	A distinct premium catalog photograph of Order books, variation 3: Order books. Show the real Order books object clearly and accurately, with a different physical presentation from every other asset: Liquid ink glides across the page with effortless flow, expressive line control, and a refined finish. Product details: Silky liquid ink Ultra-smooth writing Premium roller tip. Use a distinct angle, arrangement, and tasteful material/color variation while keeping the item recognizable. Single product focus, realistic proportions, soft studio lighting, warm off-white craft-paper background, subtle natural shadow, no text, no logos, no watermark, square composition.	projects/order-books-craft/image/unique-03.png	./image/item.png	./image/unique-03.png
order-books-craft	4	product variation	Order books	Order books	A smooth fountain nib and refillable reservoir turn every page into a more considered writing experience.	Refillable ink system Fine and medium nibs Polished metal nib	A distinct premium catalog photograph of Order books, variation 4: Order books. Show the real Order books object clearly and accurately, with a different physical presentation from every other asset: A smooth fountain nib and refillable reservoir turn every page into a more considered writing experience. Product details: Refillable ink system Fine and medium nibs Polished metal nib. Use a distinct angle, arrangement, and tasteful material/color variation while keeping the item recognizable. Single product focus, realistic proportions, soft studio lighting, warm off-white craft-paper background, subtle natural shadow, no text, no logos, no watermark, square composition.	projects/order-books-craft/image/unique-04.png	./image/item.png	./image/unique-04.png
order-books-craft	5	product variation	Order books	Order books	Precise fiber tips create clean, expressive lines for diagrams, journaling, lettering, and detail work.	0.4mm precision tip Fade-resistant black ink Long-lasting fiber point	A distinct premium catalog photograph of Order books, variation 5: Order books. Show the real Order books object clearly and accurately, with a different physical presentation from every other asset: Precise fiber tips create clean, expressive lines for diagrams, journaling, lettering, and detail work. Product details: 0.4mm precision tip Fade-resistant black ink Long-lasting fiber point. Use a distinct angle, arrangement, and tasteful material/color variation while keeping the item recognizable. Single product focus, realistic proportions, soft studio lighting, warm off-white craft-paper background, subtle natural shadow, no text, no logos, no watermark, square composition.	projects/order-books-craft/image/unique-05.png	./image/item.png	./image/unique-05.png
order-books-craft	6	about presentation	Order books	about presentation 6			A distinct editorial presentation image for a stationery and craft product webpage about Order books, role about presentation number 6. Feature Order books as the clear subject in a unique composition, different from every other image in the repository, realistic product photography, soft studio lighting, warm off-white craft-paper background, no text, no logos, no watermark, square composition.	projects/order-books-craft/image/unique-06.png	./image/item.png	./image/unique-06.png
packing-envelopes-craft	1	product variation	Packing envelopes	Packing envelopes	The reliable everyday choice for notes, lists, and long writing sessions, with a clean line and dependable flow.	0.7mm smooth ballpoint tip Quick-drying blue ink Balanced resin barrel	A distinct premium catalog photograph of Packing envelopes, variation 1: Packing envelopes. Show the real Packing envelopes object clearly and accurately, with a different physical presentation from every other asset: The reliable everyday choice for notes, lists, and long writing sessions, with a clean line and dependable flow. Product details: 0.7mm smooth ballpoint tip Quick-drying blue ink Balanced resin barrel. Use a distinct angle, arrangement, and tasteful material/color variation while keeping the item recognizable. Single product focus, realistic proportions, soft studio lighting, warm off-white craft-paper background, subtle natural shadow, no text, no logos, no watermark, square composition.	projects/packing-envelopes-craft/image/unique-01.png	./image/item.png	./image/unique-01.png
packing-envelopes-craft	2	product variation	Packing envelopes	Packing envelopes	Smooth-flowing gel ink brings bright, expressive color to notes, sketches, and everyday ideas.	24 signature ink colors Quick-drying gel ink Comfortable soft-touch grip	A distinct premium catalog photograph of Packing envelopes, variation 2: Packing envelopes. Show the real Packing envelopes object clearly and accurately, with a different physical presentation from every other asset: Smooth-flowing gel ink brings bright, expressive color to notes, sketches, and everyday ideas. Product details: 24 signature ink colors Quick-drying gel ink Comfortable soft-touch grip. Use a distinct angle, arrangement, and tasteful material/color variation while keeping the item recognizable. Single product focus, realistic proportions, soft studio lighting, warm off-white craft-paper background, subtle natural shadow, no text, no logos, no watermark, square composition.	projects/packing-envelopes-craft/image/unique-02.png	./image/item.png	./image/unique-02.png
packing-envelopes-craft	3	product variation	Packing envelopes	Packing envelopes	Liquid ink glides across the page with effortless flow, expressive line control, and a refined finish.	Silky liquid ink Ultra-smooth writing Premium roller tip	A distinct premium catalog photograph of Packing envelopes, variation 3: Packing envelopes. Show the real Packing envelopes object clearly and accurately, with a different physical presentation from every other asset: Liquid ink glides across the page with effortless flow, expressive line control, and a refined finish. Product details: Silky liquid ink Ultra-smooth writing Premium roller tip. Use a distinct angle, arrangement, and tasteful material/color variation while keeping the item recognizable. Single product focus, realistic proportions, soft studio lighting, warm off-white craft-paper background, subtle natural shadow, no text, no logos, no watermark, square composition.	projects/packing-envelopes-craft/image/unique-03.png	./image/item.png	./image/unique-03.png
packing-envelopes-craft	4	product variation	Packing envelopes	Packing envelopes	A smooth fountain nib and refillable reservoir turn every page into a more considered writing experience.	Refillable ink system Fine and medium nibs Polished metal nib	A distinct premium catalog photograph of Packing envelopes, variation 4: Packing envelopes. Show the real Packing envelopes object clearly and accurately, with a different physical presentation from every other asset: A smooth fountain nib and refillable reservoir turn every page into a more considered writing experience. Product details: Refillable ink system Fine and medium nibs Polished metal nib. Use a distinct angle, arrangement, and tasteful material/color variation while keeping the item recognizable. Single product focus, realistic proportions, soft studio lighting, warm off-white craft-paper background, subtle natural shadow, no text, no logos, no watermark, square composition.	projects/packing-envelopes-craft/image/unique-04.png	./image/item.png	./image/unique-04.png
packing-envelopes-craft	5	product variation	Packing envelopes	Packing envelopes	Precise fiber tips create clean, expressive lines for diagrams, journaling, lettering, and detail work.	0.4mm precision tip Fade-resistant black ink Long-lasting fiber point	A distinct premium catalog photograph of Packing envelopes, variation 5: Packing envelopes. Show the real Packing envelopes object clearly and accurately, with a different physical presentation from every other asset: Precise fiber tips create clean, expressive lines for diagrams, journaling, lettering, and detail work. Product details: 0.4mm precision tip Fade-resistant black ink Long-lasting fiber point. Use a distinct angle, arrangement, and tasteful material/color variation while keeping the item recognizable. Single product focus, realistic proportions, soft studio lighting, warm off-white craft-paper background, subtle natural shadow, no text, no logos, no watermark, square composition.	projects/packing-envelopes-craft/image/unique-05.png	./image/item.png	./image/unique-05.png
packing-envelopes-craft	6	about presentation	Packing envelopes	about presentation 6			A distinct editorial presentation image for a stationery and craft product webpage about Packing envelopes, role about presentation number 6. Feature Packing envelopes as the clear subject in a unique composition, different from every other image in the repository, realistic product photography, soft studio lighting, warm off-white craft-paper background, no text, no logos, no watermark, square composition.	projects/packing-envelopes-craft/image/unique-06.png	./image/item.png	./image/unique-06.png
packing-tape-craft	1	product variation	Packing tape	Packing tape	The reliable everyday choice for notes, lists, and long writing sessions, with a clean line and dependable flow.	0.7mm smooth ballpoint tip Quick-drying blue ink Balanced resin barrel	A distinct premium catalog photograph of Packing tape, variation 1: Packing tape. Show the real Packing tape object clearly and accurately, with a different physical presentation from every other asset: The reliable everyday choice for notes, lists, and long writing sessions, with a clean line and dependable flow. Product details: 0.7mm smooth ballpoint tip Quick-drying blue ink Balanced resin barrel. Use a distinct angle, arrangement, and tasteful material/color variation while keeping the item recognizable. Single product focus, realistic proportions, soft studio lighting, warm off-white craft-paper background, subtle natural shadow, no text, no logos, no watermark, square composition.	projects/packing-tape-craft/image/unique-01.png	./image/item.png	./image/unique-01.png
packing-tape-craft	2	product variation	Packing tape	Packing tape	Smooth-flowing gel ink brings bright, expressive color to notes, sketches, and everyday ideas.	24 signature ink colors Quick-drying gel ink Comfortable soft-touch grip	A distinct premium catalog photograph of Packing tape, variation 2: Packing tape. Show the real Packing tape object clearly and accurately, with a different physical presentation from every other asset: Smooth-flowing gel ink brings bright, expressive color to notes, sketches, and everyday ideas. Product details: 24 signature ink colors Quick-drying gel ink Comfortable soft-touch grip. Use a distinct angle, arrangement, and tasteful material/color variation while keeping the item recognizable. Single product focus, realistic proportions, soft studio lighting, warm off-white craft-paper background, subtle natural shadow, no text, no logos, no watermark, square composition.	projects/packing-tape-craft/image/unique-02.png	./image/item.png	./image/unique-02.png
packing-tape-craft	3	product variation	Packing tape	Packing tape	Liquid ink glides across the page with effortless flow, expressive line control, and a refined finish.	Silky liquid ink Ultra-smooth writing Premium roller tip	A distinct premium catalog photograph of Packing tape, variation 3: Packing tape. Show the real Packing tape object clearly and accurately, with a different physical presentation from every other asset: Liquid ink glides across the page with effortless flow, expressive line control, and a refined finish. Product details: Silky liquid ink Ultra-smooth writing Premium roller tip. Use a distinct angle, arrangement, and tasteful material/color variation while keeping the item recognizable. Single product focus, realistic proportions, soft studio lighting, warm off-white craft-paper background, subtle natural shadow, no text, no logos, no watermark, square composition.	projects/packing-tape-craft/image/unique-03.png	./image/item.png	./image/unique-03.png
packing-tape-craft	4	product variation	Packing tape	Packing tape	A smooth fountain nib and refillable reservoir turn every page into a more considered writing experience.	Refillable ink system Fine and medium nibs Polished metal nib	A distinct premium catalog photograph of Packing tape, variation 4: Packing tape. Show the real Packing tape object clearly and accurately, with a different physical presentation from every other asset: A smooth fountain nib and refillable reservoir turn every page into a more considered writing experience. Product details: Refillable ink system Fine and medium nibs Polished metal nib. Use a distinct angle, arrangement, and tasteful material/color variation while keeping the item recognizable. Single product focus, realistic proportions, soft studio lighting, warm off-white craft-paper background, subtle natural shadow, no text, no logos, no watermark, square composition.	projects/packing-tape-craft/image/unique-04.png	./image/item.png	./image/unique-04.png
packing-tape-craft	5	product variation	Packing tape	Packing tape	Precise fiber tips create clean, expressive lines for diagrams, journaling, lettering, and detail work.	0.4mm precision tip Fade-resistant black ink Long-lasting fiber point	A distinct premium catalog photograph of Packing tape, variation 5: Packing tape. Show the real Packing tape object clearly and accurately, with a different physical presentation from every other asset: Precise fiber tips create clean, expressive lines for diagrams, journaling, lettering, and detail work. Product details: 0.4mm precision tip Fade-resistant black ink Long-lasting fiber point. Use a distinct angle, arrangement, and tasteful material/color variation while keeping the item recognizable. Single product focus, realistic proportions, soft studio lighting, warm off-white craft-paper background, subtle natural shadow, no text, no logos, no watermark, square composition.	projects/packing-tape-craft/image/unique-05.png	./image/item.png	./image/unique-05.png
packing-tape-craft	6	about presentation	Packing tape	about presentation 6			A distinct editorial presentation image for a stationery and craft product webpage about Packing tape, role about presentation number 6. Feature Packing tape as the clear subject in a unique composition, different from every other image in the repository, realistic product photography, soft studio lighting, warm off-white craft-paper background, no text, no logos, no watermark, square composition.	projects/packing-tape-craft/image/unique-06.png	./image/item.png	./image/unique-06.png
paintbrushes-craft	1	product variation	Paintbrushes	Paintbrushes	The reliable everyday choice for notes, lists, and long writing sessions, with a clean line and dependable flow.	0.7mm smooth ballpoint tip Quick-drying blue ink Balanced resin barrel	A distinct premium catalog photograph of Paintbrushes, variation 1: Paintbrushes. Show the real Paintbrushes object clearly and accurately, with a different physical presentation from every other asset: The reliable everyday choice for notes, lists, and long writing sessions, with a clean line and dependable flow. Product details: 0.7mm smooth ballpoint tip Quick-drying blue ink Balanced resin barrel. Use a distinct angle, arrangement, and tasteful material/color variation while keeping the item recognizable. Single product focus, realistic proportions, soft studio lighting, warm off-white craft-paper background, subtle natural shadow, no text, no logos, no watermark, square composition.	projects/paintbrushes-craft/image/unique-01.png	./image/item.png	./image/unique-01.png
paintbrushes-craft	2	product variation	Paintbrushes	Paintbrushes	Smooth-flowing gel ink brings bright, expressive color to notes, sketches, and everyday ideas.	24 signature ink colors Quick-drying gel ink Comfortable soft-touch grip	A distinct premium catalog photograph of Paintbrushes, variation 2: Paintbrushes. Show the real Paintbrushes object clearly and accurately, with a different physical presentation from every other asset: Smooth-flowing gel ink brings bright, expressive color to notes, sketches, and everyday ideas. Product details: 24 signature ink colors Quick-drying gel ink Comfortable soft-touch grip. Use a distinct angle, arrangement, and tasteful material/color variation while keeping the item recognizable. Single product focus, realistic proportions, soft studio lighting, warm off-white craft-paper background, subtle natural shadow, no text, no logos, no watermark, square composition.	projects/paintbrushes-craft/image/unique-02.png	./image/item.png	./image/unique-02.png
paintbrushes-craft	3	product variation	Paintbrushes	Paintbrushes	Liquid ink glides across the page with effortless flow, expressive line control, and a refined finish.	Silky liquid ink Ultra-smooth writing Premium roller tip	A distinct premium catalog photograph of Paintbrushes, variation 3: Paintbrushes. Show the real Paintbrushes object clearly and accurately, with a different physical presentation from every other asset: Liquid ink glides across the page with effortless flow, expressive line control, and a refined finish. Product details: Silky liquid ink Ultra-smooth writing Premium roller tip. Use a distinct angle, arrangement, and tasteful material/color variation while keeping the item recognizable. Single product focus, realistic proportions, soft studio lighting, warm off-white craft-paper background, subtle natural shadow, no text, no logos, no watermark, square composition.	projects/paintbrushes-craft/image/unique-03.png	./image/item.png	./image/unique-03.png
paintbrushes-craft	4	product variation	Paintbrushes	Paintbrushes	A smooth fountain nib and refillable reservoir turn every page into a more considered writing experience.	Refillable ink system Fine and medium nibs Polished metal nib	A distinct premium catalog photograph of Paintbrushes, variation 4: Paintbrushes. Show the real Paintbrushes object clearly and accurately, with a different physical presentation from every other asset: A smooth fountain nib and refillable reservoir turn every page into a more considered writing experience. Product details: Refillable ink system Fine and medium nibs Polished metal nib. Use a distinct angle, arrangement, and tasteful material/color variation while keeping the item recognizable. Single product focus, realistic proportions, soft studio lighting, warm off-white craft-paper background, subtle natural shadow, no text, no logos, no watermark, square composition.	projects/paintbrushes-craft/image/unique-04.png	./image/item.png	./image/unique-04.png
paintbrushes-craft	5	product variation	Paintbrushes	Paintbrushes	Precise fiber tips create clean, expressive lines for diagrams, journaling, lettering, and detail work.	0.4mm precision tip Fade-resistant black ink Long-lasting fiber point	A distinct premium catalog photograph of Paintbrushes, variation 5: Paintbrushes. Show the real Paintbrushes object clearly and accurately, with a different physical presentation from every other asset: Precise fiber tips create clean, expressive lines for diagrams, journaling, lettering, and detail work. Product details: 0.4mm precision tip Fade-resistant black ink Long-lasting fiber point. Use a distinct angle, arrangement, and tasteful material/color variation while keeping the item recognizable. Single product focus, realistic proportions, soft studio lighting, warm off-white craft-paper background, subtle natural shadow, no text, no logos, no watermark, square composition.	projects/paintbrushes-craft/image/unique-05.png	./image/item.png	./image/unique-05.png
paintbrushes-craft	6	about presentation	Paintbrushes	about presentation 6			A distinct editorial presentation image for a stationery and craft product webpage about Paintbrushes, role about presentation number 6. Feature Paintbrushes as the clear subject in a unique composition, different from every other image in the repository, realistic product photography, soft studio lighting, warm off-white craft-paper background, no text, no logos, no watermark, square composition.	projects/paintbrushes-craft/image/unique-06.png	./image/item.png	./image/unique-06.png
palettes-craft	1	product variation	Palettes	Palettes	The reliable everyday choice for notes, lists, and long writing sessions, with a clean line and dependable flow.	0.7mm smooth ballpoint tip Quick-drying blue ink Balanced resin barrel	A distinct premium catalog photograph of Palettes, variation 1: Palettes. Show the real Palettes object clearly and accurately, with a different physical presentation from every other asset: The reliable everyday choice for notes, lists, and long writing sessions, with a clean line and dependable flow. Product details: 0.7mm smooth ballpoint tip Quick-drying blue ink Balanced resin barrel. Use a distinct angle, arrangement, and tasteful material/color variation while keeping the item recognizable. Single product focus, realistic proportions, soft studio lighting, warm off-white craft-paper background, subtle natural shadow, no text, no logos, no watermark, square composition.	projects/palettes-craft/image/unique-01.png	./image/item.png	./image/unique-01.png
palettes-craft	2	product variation	Palettes	Palettes	Smooth-flowing gel ink brings bright, expressive color to notes, sketches, and everyday ideas.	24 signature ink colors Quick-drying gel ink Comfortable soft-touch grip	A distinct premium catalog photograph of Palettes, variation 2: Palettes. Show the real Palettes object clearly and accurately, with a different physical presentation from every other asset: Smooth-flowing gel ink brings bright, expressive color to notes, sketches, and everyday ideas. Product details: 24 signature ink colors Quick-drying gel ink Comfortable soft-touch grip. Use a distinct angle, arrangement, and tasteful material/color variation while keeping the item recognizable. Single product focus, realistic proportions, soft studio lighting, warm off-white craft-paper background, subtle natural shadow, no text, no logos, no watermark, square composition.	projects/palettes-craft/image/unique-02.png	./image/item.png	./image/unique-02.png
palettes-craft	3	product variation	Palettes	Palettes	Liquid ink glides across the page with effortless flow, expressive line control, and a refined finish.	Silky liquid ink Ultra-smooth writing Premium roller tip	A distinct premium catalog photograph of Palettes, variation 3: Palettes. Show the real Palettes object clearly and accurately, with a different physical presentation from every other asset: Liquid ink glides across the page with effortless flow, expressive line control, and a refined finish. Product details: Silky liquid ink Ultra-smooth writing Premium roller tip. Use a distinct angle, arrangement, and tasteful material/color variation while keeping the item recognizable. Single product focus, realistic proportions, soft studio lighting, warm off-white craft-paper background, subtle natural shadow, no text, no logos, no watermark, square composition.	projects/palettes-craft/image/unique-03.png	./image/item.png	./image/unique-03.png
palettes-craft	4	product variation	Palettes	Palettes	A smooth fountain nib and refillable reservoir turn every page into a more considered writing experience.	Refillable ink system Fine and medium nibs Polished metal nib	A distinct premium catalog photograph of Palettes, variation 4: Palettes. Show the real Palettes object clearly and accurately, with a different physical presentation from every other asset: A smooth fountain nib and refillable reservoir turn every page into a more considered writing experience. Product details: Refillable ink system Fine and medium nibs Polished metal nib. Use a distinct angle, arrangement, and tasteful material/color variation while keeping the item recognizable. Single product focus, realistic proportions, soft studio lighting, warm off-white craft-paper background, subtle natural shadow, no text, no logos, no watermark, square composition.	projects/palettes-craft/image/unique-04.png	./image/item.png	./image/unique-04.png
palettes-craft	5	product variation	Palettes	Palettes	Precise fiber tips create clean, expressive lines for diagrams, journaling, lettering, and detail work.	0.4mm precision tip Fade-resistant black ink Long-lasting fiber point	A distinct premium catalog photograph of Palettes, variation 5: Palettes. Show the real Palettes object clearly and accurately, with a different physical presentation from every other asset: Precise fiber tips create clean, expressive lines for diagrams, journaling, lettering, and detail work. Product details: 0.4mm precision tip Fade-resistant black ink Long-lasting fiber point. Use a distinct angle, arrangement, and tasteful material/color variation while keeping the item recognizable. Single product focus, realistic proportions, soft studio lighting, warm off-white craft-paper background, subtle natural shadow, no text, no logos, no watermark, square composition.	projects/palettes-craft/image/unique-05.png	./image/item.png	./image/unique-05.png
palettes-craft	6	about presentation	Palettes	about presentation 6			A distinct editorial presentation image for a stationery and craft product webpage about Palettes, role about presentation number 6. Feature Palettes as the clear subject in a unique composition, different from every other image in the repository, realistic product photography, soft studio lighting, warm off-white craft-paper background, no text, no logos, no watermark, square composition.	projects/palettes-craft/image/unique-06.png	./image/item.png	./image/unique-06.png
paper-clips-craft	1	product variation	Paper clips	Paper clips	The reliable everyday choice for notes, lists, and long writing sessions, with a clean line and dependable flow.	0.7mm smooth ballpoint tip Quick-drying blue ink Balanced resin barrel	A distinct premium catalog photograph of Paper clips, variation 1: Paper clips. Show the real Paper clips object clearly and accurately, with a different physical presentation from every other asset: The reliable everyday choice for notes, lists, and long writing sessions, with a clean line and dependable flow. Product details: 0.7mm smooth ballpoint tip Quick-drying blue ink Balanced resin barrel. Use a distinct angle, arrangement, and tasteful material/color variation while keeping the item recognizable. Single product focus, realistic proportions, soft studio lighting, warm off-white craft-paper background, subtle natural shadow, no text, no logos, no watermark, square composition.	projects/paper-clips-craft/image/unique-01.png	./image/item.png	./image/unique-01.png
paper-clips-craft	2	product variation	Paper clips	Paper clips	Smooth-flowing gel ink brings bright, expressive color to notes, sketches, and everyday ideas.	24 signature ink colors Quick-drying gel ink Comfortable soft-touch grip	A distinct premium catalog photograph of Paper clips, variation 2: Paper clips. Show the real Paper clips object clearly and accurately, with a different physical presentation from every other asset: Smooth-flowing gel ink brings bright, expressive color to notes, sketches, and everyday ideas. Product details: 24 signature ink colors Quick-drying gel ink Comfortable soft-touch grip. Use a distinct angle, arrangement, and tasteful material/color variation while keeping the item recognizable. Single product focus, realistic proportions, soft studio lighting, warm off-white craft-paper background, subtle natural shadow, no text, no logos, no watermark, square composition.	projects/paper-clips-craft/image/unique-02.png	./image/item.png	./image/unique-02.png
paper-clips-craft	3	product variation	Paper clips	Paper clips	Liquid ink glides across the page with effortless flow, expressive line control, and a refined finish.	Silky liquid ink Ultra-smooth writing Premium roller tip	A distinct premium catalog photograph of Paper clips, variation 3: Paper clips. Show the real Paper clips object clearly and accurately, with a different physical presentation from every other asset: Liquid ink glides across the page with effortless flow, expressive line control, and a refined finish. Product details: Silky liquid ink Ultra-smooth writing Premium roller tip. Use a distinct angle, arrangement, and tasteful material/color variation while keeping the item recognizable. Single product focus, realistic proportions, soft studio lighting, warm off-white craft-paper background, subtle natural shadow, no text, no logos, no watermark, square composition.	projects/paper-clips-craft/image/unique-03.png	./image/item.png	./image/unique-03.png
paper-clips-craft	4	product variation	Paper clips	Paper clips	A smooth fountain nib and refillable reservoir turn every page into a more considered writing experience.	Refillable ink system Fine and medium nibs Polished metal nib	A distinct premium catalog photograph of Paper clips, variation 4: Paper clips. Show the real Paper clips object clearly and accurately, with a different physical presentation from every other asset: A smooth fountain nib and refillable reservoir turn every page into a more considered writing experience. Product details: Refillable ink system Fine and medium nibs Polished metal nib. Use a distinct angle, arrangement, and tasteful material/color variation while keeping the item recognizable. Single product focus, realistic proportions, soft studio lighting, warm off-white craft-paper background, subtle natural shadow, no text, no logos, no watermark, square composition.	projects/paper-clips-craft/image/unique-04.png	./image/item.png	./image/unique-04.png
paper-clips-craft	5	product variation	Paper clips	Paper clips	Precise fiber tips create clean, expressive lines for diagrams, journaling, lettering, and detail work.	0.4mm precision tip Fade-resistant black ink Long-lasting fiber point	A distinct premium catalog photograph of Paper clips, variation 5: Paper clips. Show the real Paper clips object clearly and accurately, with a different physical presentation from every other asset: Precise fiber tips create clean, expressive lines for diagrams, journaling, lettering, and detail work. Product details: 0.4mm precision tip Fade-resistant black ink Long-lasting fiber point. Use a distinct angle, arrangement, and tasteful material/color variation while keeping the item recognizable. Single product focus, realistic proportions, soft studio lighting, warm off-white craft-paper background, subtle natural shadow, no text, no logos, no watermark, square composition.	projects/paper-clips-craft/image/unique-05.png	./image/item.png	./image/unique-05.png
paper-clips-craft	6	about presentation	Paper clips	about presentation 6			A distinct editorial presentation image for a stationery and craft product webpage about Paper clips, role about presentation number 6. Feature Paper clips as the clear subject in a unique composition, different from every other image in the repository, realistic product photography, soft studio lighting, warm off-white craft-paper background, no text, no logos, no watermark, square composition.	projects/paper-clips-craft/image/unique-06.png	./image/item.png	./image/unique-06.png
paper-cutters-craft	1	product variation	Paper cutters	Paper cutters	The reliable everyday choice for notes, lists, and long writing sessions, with a clean line and dependable flow.	0.7mm smooth ballpoint tip Quick-drying blue ink Balanced resin barrel	A distinct premium catalog photograph of Paper cutters, variation 1: Paper cutters. Show the real Paper cutters object clearly and accurately, with a different physical presentation from every other asset: The reliable everyday choice for notes, lists, and long writing sessions, with a clean line and dependable flow. Product details: 0.7mm smooth ballpoint tip Quick-drying blue ink Balanced resin barrel. Use a distinct angle, arrangement, and tasteful material/color variation while keeping the item recognizable. Single product focus, realistic proportions, soft studio lighting, warm off-white craft-paper background, subtle natural shadow, no text, no logos, no watermark, square composition.	projects/paper-cutters-craft/image/unique-01.png	./image/item.png	./image/unique-01.png
paper-cutters-craft	2	product variation	Paper cutters	Paper cutters	Smooth-flowing gel ink brings bright, expressive color to notes, sketches, and everyday ideas.	24 signature ink colors Quick-drying gel ink Comfortable soft-touch grip	A distinct premium catalog photograph of Paper cutters, variation 2: Paper cutters. Show the real Paper cutters object clearly and accurately, with a different physical presentation from every other asset: Smooth-flowing gel ink brings bright, expressive color to notes, sketches, and everyday ideas. Product details: 24 signature ink colors Quick-drying gel ink Comfortable soft-touch grip. Use a distinct angle, arrangement, and tasteful material/color variation while keeping the item recognizable. Single product focus, realistic proportions, soft studio lighting, warm off-white craft-paper background, subtle natural shadow, no text, no logos, no watermark, square composition.	projects/paper-cutters-craft/image/unique-02.png	./image/item.png	./image/unique-02.png
paper-cutters-craft	3	product variation	Paper cutters	Paper cutters	Liquid ink glides across the page with effortless flow, expressive line control, and a refined finish.	Silky liquid ink Ultra-smooth writing Premium roller tip	A distinct premium catalog photograph of Paper cutters, variation 3: Paper cutters. Show the real Paper cutters object clearly and accurately, with a different physical presentation from every other asset: Liquid ink glides across the page with effortless flow, expressive line control, and a refined finish. Product details: Silky liquid ink Ultra-smooth writing Premium roller tip. Use a distinct angle, arrangement, and tasteful material/color variation while keeping the item recognizable. Single product focus, realistic proportions, soft studio lighting, warm off-white craft-paper background, subtle natural shadow, no text, no logos, no watermark, square composition.	projects/paper-cutters-craft/image/unique-03.png	./image/item.png	./image/unique-03.png
paper-cutters-craft	4	product variation	Paper cutters	Paper cutters	A smooth fountain nib and refillable reservoir turn every page into a more considered writing experience.	Refillable ink system Fine and medium nibs Polished metal nib	A distinct premium catalog photograph of Paper cutters, variation 4: Paper cutters. Show the real Paper cutters object clearly and accurately, with a different physical presentation from every other asset: A smooth fountain nib and refillable reservoir turn every page into a more considered writing experience. Product details: Refillable ink system Fine and medium nibs Polished metal nib. Use a distinct angle, arrangement, and tasteful material/color variation while keeping the item recognizable. Single product focus, realistic proportions, soft studio lighting, warm off-white craft-paper background, subtle natural shadow, no text, no logos, no watermark, square composition.	projects/paper-cutters-craft/image/unique-04.png	./image/item.png	./image/unique-04.png
paper-cutters-craft	5	product variation	Paper cutters	Paper cutters	Precise fiber tips create clean, expressive lines for diagrams, journaling, lettering, and detail work.	0.4mm precision tip Fade-resistant black ink Long-lasting fiber point	A distinct premium catalog photograph of Paper cutters, variation 5: Paper cutters. Show the real Paper cutters object clearly and accurately, with a different physical presentation from every other asset: Precise fiber tips create clean, expressive lines for diagrams, journaling, lettering, and detail work. Product details: 0.4mm precision tip Fade-resistant black ink Long-lasting fiber point. Use a distinct angle, arrangement, and tasteful material/color variation while keeping the item recognizable. Single product focus, realistic proportions, soft studio lighting, warm off-white craft-paper background, subtle natural shadow, no text, no logos, no watermark, square composition.	projects/paper-cutters-craft/image/unique-05.png	./image/item.png	./image/unique-05.png
paper-cutters-craft	6	about presentation	Paper cutters	about presentation 6			A distinct editorial presentation image for a stationery and craft product webpage about Paper cutters, role about presentation number 6. Feature Paper cutters as the clear subject in a unique composition, different from every other image in the repository, realistic product photography, soft studio lighting, warm off-white craft-paper background, no text, no logos, no watermark, square composition.	projects/paper-cutters-craft/image/unique-06.png	./image/item.png	./image/unique-06.png
paper-products-craft	1	product variation	Paper products	Paper products	The reliable everyday choice for notes, lists, and long writing sessions, with a clean line and dependable flow.	0.7mm smooth ballpoint tip Quick-drying blue ink Balanced resin barrel	A distinct premium catalog photograph of Paper products, variation 1: Paper products. Show the real Paper products object clearly and accurately, with a different physical presentation from every other asset: The reliable everyday choice for notes, lists, and long writing sessions, with a clean line and dependable flow. Product details: 0.7mm smooth ballpoint tip Quick-drying blue ink Balanced resin barrel. Use a distinct angle, arrangement, and tasteful material/color variation while keeping the item recognizable. Single product focus, realistic proportions, soft studio lighting, warm off-white craft-paper background, subtle natural shadow, no text, no logos, no watermark, square composition.	projects/paper-products-craft/image/unique-01.png	./image/item.png	./image/unique-01.png
paper-products-craft	2	product variation	Paper products	Paper products	Smooth-flowing gel ink brings bright, expressive color to notes, sketches, and everyday ideas.	24 signature ink colors Quick-drying gel ink Comfortable soft-touch grip	A distinct premium catalog photograph of Paper products, variation 2: Paper products. Show the real Paper products object clearly and accurately, with a different physical presentation from every other asset: Smooth-flowing gel ink brings bright, expressive color to notes, sketches, and everyday ideas. Product details: 24 signature ink colors Quick-drying gel ink Comfortable soft-touch grip. Use a distinct angle, arrangement, and tasteful material/color variation while keeping the item recognizable. Single product focus, realistic proportions, soft studio lighting, warm off-white craft-paper background, subtle natural shadow, no text, no logos, no watermark, square composition.	projects/paper-products-craft/image/unique-02.png	./image/item.png	./image/unique-02.png
paper-products-craft	3	product variation	Paper products	Paper products	Liquid ink glides across the page with effortless flow, expressive line control, and a refined finish.	Silky liquid ink Ultra-smooth writing Premium roller tip	A distinct premium catalog photograph of Paper products, variation 3: Paper products. Show the real Paper products object clearly and accurately, with a different physical presentation from every other asset: Liquid ink glides across the page with effortless flow, expressive line control, and a refined finish. Product details: Silky liquid ink Ultra-smooth writing Premium roller tip. Use a distinct angle, arrangement, and tasteful material/color variation while keeping the item recognizable. Single product focus, realistic proportions, soft studio lighting, warm off-white craft-paper background, subtle natural shadow, no text, no logos, no watermark, square composition.	projects/paper-products-craft/image/unique-03.png	./image/item.png	./image/unique-03.png
paper-products-craft	4	product variation	Paper products	Paper products	A smooth fountain nib and refillable reservoir turn every page into a more considered writing experience.	Refillable ink system Fine and medium nibs Polished metal nib	A distinct premium catalog photograph of Paper products, variation 4: Paper products. Show the real Paper products object clearly and accurately, with a different physical presentation from every other asset: A smooth fountain nib and refillable reservoir turn every page into a more considered writing experience. Product details: Refillable ink system Fine and medium nibs Polished metal nib. Use a distinct angle, arrangement, and tasteful material/color variation while keeping the item recognizable. Single product focus, realistic proportions, soft studio lighting, warm off-white craft-paper background, subtle natural shadow, no text, no logos, no watermark, square composition.	projects/paper-products-craft/image/unique-04.png	./image/item.png	./image/unique-04.png
paper-products-craft	5	product variation	Paper products	Paper products	Precise fiber tips create clean, expressive lines for diagrams, journaling, lettering, and detail work.	0.4mm precision tip Fade-resistant black ink Long-lasting fiber point	A distinct premium catalog photograph of Paper products, variation 5: Paper products. Show the real Paper products object clearly and accurately, with a different physical presentation from every other asset: Precise fiber tips create clean, expressive lines for diagrams, journaling, lettering, and detail work. Product details: 0.4mm precision tip Fade-resistant black ink Long-lasting fiber point. Use a distinct angle, arrangement, and tasteful material/color variation while keeping the item recognizable. Single product focus, realistic proportions, soft studio lighting, warm off-white craft-paper background, subtle natural shadow, no text, no logos, no watermark, square composition.	projects/paper-products-craft/image/unique-05.png	./image/item.png	./image/unique-05.png
paper-products-craft	6	about presentation	Paper products	about presentation 6			A distinct editorial presentation image for a stationery and craft product webpage about Paper products, role about presentation number 6. Feature Paper products as the clear subject in a unique composition, different from every other image in the repository, realistic product photography, soft studio lighting, warm off-white craft-paper background, no text, no logos, no watermark, square composition.	projects/paper-products-craft/image/unique-06.png	./image/item.png	./image/unique-06.png
paperweights-craft	1	product variation	Paperweights	Paperweights	The reliable everyday choice for notes, lists, and long writing sessions, with a clean line and dependable flow.	0.7mm smooth ballpoint tip Quick-drying blue ink Balanced resin barrel	A distinct premium catalog photograph of Paperweights, variation 1: Paperweights. Show the real Paperweights object clearly and accurately, with a different physical presentation from every other asset: The reliable everyday choice for notes, lists, and long writing sessions, with a clean line and dependable flow. Product details: 0.7mm smooth ballpoint tip Quick-drying blue ink Balanced resin barrel. Use a distinct angle, arrangement, and tasteful material/color variation while keeping the item recognizable. Single product focus, realistic proportions, soft studio lighting, warm off-white craft-paper background, subtle natural shadow, no text, no logos, no watermark, square composition.	projects/paperweights-craft/image/unique-01.png	./image/item.png	./image/unique-01.png
paperweights-craft	2	product variation	Paperweights	Paperweights	Smooth-flowing gel ink brings bright, expressive color to notes, sketches, and everyday ideas.	24 signature ink colors Quick-drying gel ink Comfortable soft-touch grip	A distinct premium catalog photograph of Paperweights, variation 2: Paperweights. Show the real Paperweights object clearly and accurately, with a different physical presentation from every other asset: Smooth-flowing gel ink brings bright, expressive color to notes, sketches, and everyday ideas. Product details: 24 signature ink colors Quick-drying gel ink Comfortable soft-touch grip. Use a distinct angle, arrangement, and tasteful material/color variation while keeping the item recognizable. Single product focus, realistic proportions, soft studio lighting, warm off-white craft-paper background, subtle natural shadow, no text, no logos, no watermark, square composition.	projects/paperweights-craft/image/unique-02.png	./image/item.png	./image/unique-02.png
paperweights-craft	3	product variation	Paperweights	Paperweights	Liquid ink glides across the page with effortless flow, expressive line control, and a refined finish.	Silky liquid ink Ultra-smooth writing Premium roller tip	A distinct premium catalog photograph of Paperweights, variation 3: Paperweights. Show the real Paperweights object clearly and accurately, with a different physical presentation from every other asset: Liquid ink glides across the page with effortless flow, expressive line control, and a refined finish. Product details: Silky liquid ink Ultra-smooth writing Premium roller tip. Use a distinct angle, arrangement, and tasteful material/color variation while keeping the item recognizable. Single product focus, realistic proportions, soft studio lighting, warm off-white craft-paper background, subtle natural shadow, no text, no logos, no watermark, square composition.	projects/paperweights-craft/image/unique-03.png	./image/item.png	./image/unique-03.png
paperweights-craft	4	product variation	Paperweights	Paperweights	A smooth fountain nib and refillable reservoir turn every page into a more considered writing experience.	Refillable ink system Fine and medium nibs Polished metal nib	A distinct premium catalog photograph of Paperweights, variation 4: Paperweights. Show the real Paperweights object clearly and accurately, with a different physical presentation from every other asset: A smooth fountain nib and refillable reservoir turn every page into a more considered writing experience. Product details: Refillable ink system Fine and medium nibs Polished metal nib. Use a distinct angle, arrangement, and tasteful material/color variation while keeping the item recognizable. Single product focus, realistic proportions, soft studio lighting, warm off-white craft-paper background, subtle natural shadow, no text, no logos, no watermark, square composition.	projects/paperweights-craft/image/unique-04.png	./image/item.png	./image/unique-04.png
paperweights-craft	5	product variation	Paperweights	Paperweights	Precise fiber tips create clean, expressive lines for diagrams, journaling, lettering, and detail work.	0.4mm precision tip Fade-resistant black ink Long-lasting fiber point	A distinct premium catalog photograph of Paperweights, variation 5: Paperweights. Show the real Paperweights object clearly and accurately, with a different physical presentation from every other asset: Precise fiber tips create clean, expressive lines for diagrams, journaling, lettering, and detail work. Product details: 0.4mm precision tip Fade-resistant black ink Long-lasting fiber point. Use a distinct angle, arrangement, and tasteful material/color variation while keeping the item recognizable. Single product focus, realistic proportions, soft studio lighting, warm off-white craft-paper background, subtle natural shadow, no text, no logos, no watermark, square composition.	projects/paperweights-craft/image/unique-05.png	./image/item.png	./image/unique-05.png
paperweights-craft	6	about presentation	Paperweights	about presentation 6			A distinct editorial presentation image for a stationery and craft product webpage about Paperweights, role about presentation number 6. Feature Paperweights as the clear subject in a unique composition, different from every other image in the repository, realistic product photography, soft studio lighting, warm off-white craft-paper background, no text, no logos, no watermark, square composition.	projects/paperweights-craft/image/unique-06.png	./image/item.png	./image/unique-06.png
pen-refills-craft	1	product variation	Pen refills	Pen refills	The reliable everyday choice for notes, lists, and long writing sessions, with a clean line and dependable flow.	0.7mm smooth ballpoint tip Quick-drying blue ink Balanced resin barrel	A distinct premium catalog photograph of Pen refills, variation 1: Pen refills. Show the real Pen refills object clearly and accurately, with a different physical presentation from every other asset: The reliable everyday choice for notes, lists, and long writing sessions, with a clean line and dependable flow. Product details: 0.7mm smooth ballpoint tip Quick-drying blue ink Balanced resin barrel. Use a distinct angle, arrangement, and tasteful material/color variation while keeping the item recognizable. Single product focus, realistic proportions, soft studio lighting, warm off-white craft-paper background, subtle natural shadow, no text, no logos, no watermark, square composition.	projects/pen-refills-craft/image/unique-01.png	./image/item.png	./image/unique-01.png
pen-refills-craft	2	product variation	Pen refills	Pen refills	Smooth-flowing gel ink brings bright, expressive color to notes, sketches, and everyday ideas.	24 signature ink colors Quick-drying gel ink Comfortable soft-touch grip	A distinct premium catalog photograph of Pen refills, variation 2: Pen refills. Show the real Pen refills object clearly and accurately, with a different physical presentation from every other asset: Smooth-flowing gel ink brings bright, expressive color to notes, sketches, and everyday ideas. Product details: 24 signature ink colors Quick-drying gel ink Comfortable soft-touch grip. Use a distinct angle, arrangement, and tasteful material/color variation while keeping the item recognizable. Single product focus, realistic proportions, soft studio lighting, warm off-white craft-paper background, subtle natural shadow, no text, no logos, no watermark, square composition.	projects/pen-refills-craft/image/unique-02.png	./image/item.png	./image/unique-02.png
pen-refills-craft	3	product variation	Pen refills	Pen refills	Liquid ink glides across the page with effortless flow, expressive line control, and a refined finish.	Silky liquid ink Ultra-smooth writing Premium roller tip	A distinct premium catalog photograph of Pen refills, variation 3: Pen refills. Show the real Pen refills object clearly and accurately, with a different physical presentation from every other asset: Liquid ink glides across the page with effortless flow, expressive line control, and a refined finish. Product details: Silky liquid ink Ultra-smooth writing Premium roller tip. Use a distinct angle, arrangement, and tasteful material/color variation while keeping the item recognizable. Single product focus, realistic proportions, soft studio lighting, warm off-white craft-paper background, subtle natural shadow, no text, no logos, no watermark, square composition.	projects/pen-refills-craft/image/unique-03.png	./image/item.png	./image/unique-03.png
pen-refills-craft	4	product variation	Pen refills	Pen refills	A smooth fountain nib and refillable reservoir turn every page into a more considered writing experience.	Refillable ink system Fine and medium nibs Polished metal nib	A distinct premium catalog photograph of Pen refills, variation 4: Pen refills. Show the real Pen refills object clearly and accurately, with a different physical presentation from every other asset: A smooth fountain nib and refillable reservoir turn every page into a more considered writing experience. Product details: Refillable ink system Fine and medium nibs Polished metal nib. Use a distinct angle, arrangement, and tasteful material/color variation while keeping the item recognizable. Single product focus, realistic proportions, soft studio lighting, warm off-white craft-paper background, subtle natural shadow, no text, no logos, no watermark, square composition.	projects/pen-refills-craft/image/unique-04.png	./image/item.png	./image/unique-04.png
pen-refills-craft	5	product variation	Pen refills	Pen refills	Precise fiber tips create clean, expressive lines for diagrams, journaling, lettering, and detail work.	0.4mm precision tip Fade-resistant black ink Long-lasting fiber point	A distinct premium catalog photograph of Pen refills, variation 5: Pen refills. Show the real Pen refills object clearly and accurately, with a different physical presentation from every other asset: Precise fiber tips create clean, expressive lines for diagrams, journaling, lettering, and detail work. Product details: 0.4mm precision tip Fade-resistant black ink Long-lasting fiber point. Use a distinct angle, arrangement, and tasteful material/color variation while keeping the item recognizable. Single product focus, realistic proportions, soft studio lighting, warm off-white craft-paper background, subtle natural shadow, no text, no logos, no watermark, square composition.	projects/pen-refills-craft/image/unique-05.png	./image/item.png	./image/unique-05.png
pen-refills-craft	6	about presentation	Pen refills	about presentation 6			A distinct editorial presentation image for a stationery and craft product webpage about Pen refills, role about presentation number 6. Feature Pen refills as the clear subject in a unique composition, different from every other image in the repository, realistic product photography, soft studio lighting, warm off-white craft-paper background, no text, no logos, no watermark, square composition.	projects/pen-refills-craft/image/unique-06.png	./image/item.png	./image/unique-06.png
pen-stands-craft	1	product variation	Pen stands	Pen stands	The reliable everyday choice for notes, lists, and long writing sessions, with a clean line and dependable flow.	0.7mm smooth ballpoint tip Quick-drying blue ink Balanced resin barrel	A distinct premium catalog photograph of Pen stands, variation 1: Pen stands. Show the real Pen stands object clearly and accurately, with a different physical presentation from every other asset: The reliable everyday choice for notes, lists, and long writing sessions, with a clean line and dependable flow. Product details: 0.7mm smooth ballpoint tip Quick-drying blue ink Balanced resin barrel. Use a distinct angle, arrangement, and tasteful material/color variation while keeping the item recognizable. Single product focus, realistic proportions, soft studio lighting, warm off-white craft-paper background, subtle natural shadow, no text, no logos, no watermark, square composition.	projects/pen-stands-craft/image/unique-01.png	./image/item.png	./image/unique-01.png
pen-stands-craft	2	product variation	Pen stands	Pen stands	Smooth-flowing gel ink brings bright, expressive color to notes, sketches, and everyday ideas.	24 signature ink colors Quick-drying gel ink Comfortable soft-touch grip	A distinct premium catalog photograph of Pen stands, variation 2: Pen stands. Show the real Pen stands object clearly and accurately, with a different physical presentation from every other asset: Smooth-flowing gel ink brings bright, expressive color to notes, sketches, and everyday ideas. Product details: 24 signature ink colors Quick-drying gel ink Comfortable soft-touch grip. Use a distinct angle, arrangement, and tasteful material/color variation while keeping the item recognizable. Single product focus, realistic proportions, soft studio lighting, warm off-white craft-paper background, subtle natural shadow, no text, no logos, no watermark, square composition.	projects/pen-stands-craft/image/unique-02.png	./image/item.png	./image/unique-02.png
pen-stands-craft	3	product variation	Pen stands	Pen stands	Liquid ink glides across the page with effortless flow, expressive line control, and a refined finish.	Silky liquid ink Ultra-smooth writing Premium roller tip	A distinct premium catalog photograph of Pen stands, variation 3: Pen stands. Show the real Pen stands object clearly and accurately, with a different physical presentation from every other asset: Liquid ink glides across the page with effortless flow, expressive line control, and a refined finish. Product details: Silky liquid ink Ultra-smooth writing Premium roller tip. Use a distinct angle, arrangement, and tasteful material/color variation while keeping the item recognizable. Single product focus, realistic proportions, soft studio lighting, warm off-white craft-paper background, subtle natural shadow, no text, no logos, no watermark, square composition.	projects/pen-stands-craft/image/unique-03.png	./image/item.png	./image/unique-03.png
pen-stands-craft	4	product variation	Pen stands	Pen stands	A smooth fountain nib and refillable reservoir turn every page into a more considered writing experience.	Refillable ink system Fine and medium nibs Polished metal nib	A distinct premium catalog photograph of Pen stands, variation 4: Pen stands. Show the real Pen stands object clearly and accurately, with a different physical presentation from every other asset: A smooth fountain nib and refillable reservoir turn every page into a more considered writing experience. Product details: Refillable ink system Fine and medium nibs Polished metal nib. Use a distinct angle, arrangement, and tasteful material/color variation while keeping the item recognizable. Single product focus, realistic proportions, soft studio lighting, warm off-white craft-paper background, subtle natural shadow, no text, no logos, no watermark, square composition.	projects/pen-stands-craft/image/unique-04.png	./image/item.png	./image/unique-04.png
pen-stands-craft	5	product variation	Pen stands	Pen stands	Precise fiber tips create clean, expressive lines for diagrams, journaling, lettering, and detail work.	0.4mm precision tip Fade-resistant black ink Long-lasting fiber point	A distinct premium catalog photograph of Pen stands, variation 5: Pen stands. Show the real Pen stands object clearly and accurately, with a different physical presentation from every other asset: Precise fiber tips create clean, expressive lines for diagrams, journaling, lettering, and detail work. Product details: 0.4mm precision tip Fade-resistant black ink Long-lasting fiber point. Use a distinct angle, arrangement, and tasteful material/color variation while keeping the item recognizable. Single product focus, realistic proportions, soft studio lighting, warm off-white craft-paper background, subtle natural shadow, no text, no logos, no watermark, square composition.	projects/pen-stands-craft/image/unique-05.png	./image/item.png	./image/unique-05.png
pen-stands-craft	6	about presentation	Pen stands	about presentation 6			A distinct editorial presentation image for a stationery and craft product webpage about Pen stands, role about presentation number 6. Feature Pen stands as the clear subject in a unique composition, different from every other image in the repository, realistic product photography, soft studio lighting, warm off-white craft-paper background, no text, no logos, no watermark, square composition.	projects/pen-stands-craft/image/unique-06.png	./image/item.png	./image/unique-06.png
pencil-boxes-craft	1	product variation	Pencil boxes	Pencil boxes	The reliable everyday choice for notes, lists, and long writing sessions, with a clean line and dependable flow.	0.7mm smooth ballpoint tip Quick-drying blue ink Balanced resin barrel	A distinct premium catalog photograph of Pencil boxes, variation 1: Pencil boxes. Show the real Pencil boxes object clearly and accurately, with a different physical presentation from every other asset: The reliable everyday choice for notes, lists, and long writing sessions, with a clean line and dependable flow. Product details: 0.7mm smooth ballpoint tip Quick-drying blue ink Balanced resin barrel. Use a distinct angle, arrangement, and tasteful material/color variation while keeping the item recognizable. Single product focus, realistic proportions, soft studio lighting, warm off-white craft-paper background, subtle natural shadow, no text, no logos, no watermark, square composition.	projects/pencil-boxes-craft/image/unique-01.png	./image/item.png	./image/unique-01.png
pencil-boxes-craft	2	product variation	Pencil boxes	Pencil boxes	Smooth-flowing gel ink brings bright, expressive color to notes, sketches, and everyday ideas.	24 signature ink colors Quick-drying gel ink Comfortable soft-touch grip	A distinct premium catalog photograph of Pencil boxes, variation 2: Pencil boxes. Show the real Pencil boxes object clearly and accurately, with a different physical presentation from every other asset: Smooth-flowing gel ink brings bright, expressive color to notes, sketches, and everyday ideas. Product details: 24 signature ink colors Quick-drying gel ink Comfortable soft-touch grip. Use a distinct angle, arrangement, and tasteful material/color variation while keeping the item recognizable. Single product focus, realistic proportions, soft studio lighting, warm off-white craft-paper background, subtle natural shadow, no text, no logos, no watermark, square composition.	projects/pencil-boxes-craft/image/unique-02.png	./image/item.png	./image/unique-02.png
pencil-boxes-craft	3	product variation	Pencil boxes	Pencil boxes	Liquid ink glides across the page with effortless flow, expressive line control, and a refined finish.	Silky liquid ink Ultra-smooth writing Premium roller tip	A distinct premium catalog photograph of Pencil boxes, variation 3: Pencil boxes. Show the real Pencil boxes object clearly and accurately, with a different physical presentation from every other asset: Liquid ink glides across the page with effortless flow, expressive line control, and a refined finish. Product details: Silky liquid ink Ultra-smooth writing Premium roller tip. Use a distinct angle, arrangement, and tasteful material/color variation while keeping the item recognizable. Single product focus, realistic proportions, soft studio lighting, warm off-white craft-paper background, subtle natural shadow, no text, no logos, no watermark, square composition.	projects/pencil-boxes-craft/image/unique-03.png	./image/item.png	./image/unique-03.png
pencil-boxes-craft	4	product variation	Pencil boxes	Pencil boxes	A smooth fountain nib and refillable reservoir turn every page into a more considered writing experience.	Refillable ink system Fine and medium nibs Polished metal nib	A distinct premium catalog photograph of Pencil boxes, variation 4: Pencil boxes. Show the real Pencil boxes object clearly and accurately, with a different physical presentation from every other asset: A smooth fountain nib and refillable reservoir turn every page into a more considered writing experience. Product details: Refillable ink system Fine and medium nibs Polished metal nib. Use a distinct angle, arrangement, and tasteful material/color variation while keeping the item recognizable. Single product focus, realistic proportions, soft studio lighting, warm off-white craft-paper background, subtle natural shadow, no text, no logos, no watermark, square composition.	projects/pencil-boxes-craft/image/unique-04.png	./image/item.png	./image/unique-04.png
pencil-boxes-craft	5	product variation	Pencil boxes	Pencil boxes	Precise fiber tips create clean, expressive lines for diagrams, journaling, lettering, and detail work.	0.4mm precision tip Fade-resistant black ink Long-lasting fiber point	A distinct premium catalog photograph of Pencil boxes, variation 5: Pencil boxes. Show the real Pencil boxes object clearly and accurately, with a different physical presentation from every other asset: Precise fiber tips create clean, expressive lines for diagrams, journaling, lettering, and detail work. Product details: 0.4mm precision tip Fade-resistant black ink Long-lasting fiber point. Use a distinct angle, arrangement, and tasteful material/color variation while keeping the item recognizable. Single product focus, realistic proportions, soft studio lighting, warm off-white craft-paper background, subtle natural shadow, no text, no logos, no watermark, square composition.	projects/pencil-boxes-craft/image/unique-05.png	./image/item.png	./image/unique-05.png
pencil-boxes-craft	6	about presentation	Pencil boxes	about presentation 6			A distinct editorial presentation image for a stationery and craft product webpage about Pencil boxes, role about presentation number 6. Feature Pencil boxes as the clear subject in a unique composition, different from every other image in the repository, realistic product photography, soft studio lighting, warm off-white craft-paper background, no text, no logos, no watermark, square composition.	projects/pencil-boxes-craft/image/unique-06.png	./image/item.png	./image/unique-06.png
pencil-cases-craft	1	product variation	Pencil cases	Pencil cases	The reliable everyday choice for notes, lists, and long writing sessions, with a clean line and dependable flow.	0.7mm smooth ballpoint tip Quick-drying blue ink Balanced resin barrel	A distinct premium catalog photograph of Pencil cases, variation 1: Pencil cases. Show the real Pencil cases object clearly and accurately, with a different physical presentation from every other asset: The reliable everyday choice for notes, lists, and long writing sessions, with a clean line and dependable flow. Product details: 0.7mm smooth ballpoint tip Quick-drying blue ink Balanced resin barrel. Use a distinct angle, arrangement, and tasteful material/color variation while keeping the item recognizable. Single product focus, realistic proportions, soft studio lighting, warm off-white craft-paper background, subtle natural shadow, no text, no logos, no watermark, square composition.	projects/pencil-cases-craft/image/unique-01.png	./image/item.png	./image/unique-01.png
pencil-cases-craft	2	product variation	Pencil cases	Pencil cases	Smooth-flowing gel ink brings bright, expressive color to notes, sketches, and everyday ideas.	24 signature ink colors Quick-drying gel ink Comfortable soft-touch grip	A distinct premium catalog photograph of Pencil cases, variation 2: Pencil cases. Show the real Pencil cases object clearly and accurately, with a different physical presentation from every other asset: Smooth-flowing gel ink brings bright, expressive color to notes, sketches, and everyday ideas. Product details: 24 signature ink colors Quick-drying gel ink Comfortable soft-touch grip. Use a distinct angle, arrangement, and tasteful material/color variation while keeping the item recognizable. Single product focus, realistic proportions, soft studio lighting, warm off-white craft-paper background, subtle natural shadow, no text, no logos, no watermark, square composition.	projects/pencil-cases-craft/image/unique-02.png	./image/item.png	./image/unique-02.png
pencil-cases-craft	3	product variation	Pencil cases	Pencil cases	Liquid ink glides across the page with effortless flow, expressive line control, and a refined finish.	Silky liquid ink Ultra-smooth writing Premium roller tip	A distinct premium catalog photograph of Pencil cases, variation 3: Pencil cases. Show the real Pencil cases object clearly and accurately, with a different physical presentation from every other asset: Liquid ink glides across the page with effortless flow, expressive line control, and a refined finish. Product details: Silky liquid ink Ultra-smooth writing Premium roller tip. Use a distinct angle, arrangement, and tasteful material/color variation while keeping the item recognizable. Single product focus, realistic proportions, soft studio lighting, warm off-white craft-paper background, subtle natural shadow, no text, no logos, no watermark, square composition.	projects/pencil-cases-craft/image/unique-03.png	./image/item.png	./image/unique-03.png
pencil-cases-craft	4	product variation	Pencil cases	Pencil cases	A smooth fountain nib and refillable reservoir turn every page into a more considered writing experience.	Refillable ink system Fine and medium nibs Polished metal nib	A distinct premium catalog photograph of Pencil cases, variation 4: Pencil cases. Show the real Pencil cases object clearly and accurately, with a different physical presentation from every other asset: A smooth fountain nib and refillable reservoir turn every page into a more considered writing experience. Product details: Refillable ink system Fine and medium nibs Polished metal nib. Use a distinct angle, arrangement, and tasteful material/color variation while keeping the item recognizable. Single product focus, realistic proportions, soft studio lighting, warm off-white craft-paper background, subtle natural shadow, no text, no logos, no watermark, square composition.	projects/pencil-cases-craft/image/unique-04.png	./image/item.png	./image/unique-04.png
pencil-cases-craft	5	product variation	Pencil cases	Pencil cases	Precise fiber tips create clean, expressive lines for diagrams, journaling, lettering, and detail work.	0.4mm precision tip Fade-resistant black ink Long-lasting fiber point	A distinct premium catalog photograph of Pencil cases, variation 5: Pencil cases. Show the real Pencil cases object clearly and accurately, with a different physical presentation from every other asset: Precise fiber tips create clean, expressive lines for diagrams, journaling, lettering, and detail work. Product details: 0.4mm precision tip Fade-resistant black ink Long-lasting fiber point. Use a distinct angle, arrangement, and tasteful material/color variation while keeping the item recognizable. Single product focus, realistic proportions, soft studio lighting, warm off-white craft-paper background, subtle natural shadow, no text, no logos, no watermark, square composition.	projects/pencil-cases-craft/image/unique-05.png	./image/item.png	./image/unique-05.png
pencil-cases-craft	6	about presentation	Pencil cases	about presentation 6			A distinct editorial presentation image for a stationery and craft product webpage about Pencil cases, role about presentation number 6. Feature Pencil cases as the clear subject in a unique composition, different from every other image in the repository, realistic product photography, soft studio lighting, warm off-white craft-paper background, no text, no logos, no watermark, square composition.	projects/pencil-cases-craft/image/unique-06.png	./image/item.png	./image/unique-06.png
pencil-leads-craft	1	product variation	Pencil leads	Pencil leads	The reliable everyday choice for notes, lists, and long writing sessions, with a clean line and dependable flow.	0.7mm smooth ballpoint tip Quick-drying blue ink Balanced resin barrel	A distinct premium catalog photograph of Pencil leads, variation 1: Pencil leads. Show the real Pencil leads object clearly and accurately, with a different physical presentation from every other asset: The reliable everyday choice for notes, lists, and long writing sessions, with a clean line and dependable flow. Product details: 0.7mm smooth ballpoint tip Quick-drying blue ink Balanced resin barrel. Use a distinct angle, arrangement, and tasteful material/color variation while keeping the item recognizable. Single product focus, realistic proportions, soft studio lighting, warm off-white craft-paper background, subtle natural shadow, no text, no logos, no watermark, square composition.	projects/pencil-leads-craft/image/unique-01.png	./image/item.png	./image/unique-01.png
pencil-leads-craft	2	product variation	Pencil leads	Pencil leads	Smooth-flowing gel ink brings bright, expressive color to notes, sketches, and everyday ideas.	24 signature ink colors Quick-drying gel ink Comfortable soft-touch grip	A distinct premium catalog photograph of Pencil leads, variation 2: Pencil leads. Show the real Pencil leads object clearly and accurately, with a different physical presentation from every other asset: Smooth-flowing gel ink brings bright, expressive color to notes, sketches, and everyday ideas. Product details: 24 signature ink colors Quick-drying gel ink Comfortable soft-touch grip. Use a distinct angle, arrangement, and tasteful material/color variation while keeping the item recognizable. Single product focus, realistic proportions, soft studio lighting, warm off-white craft-paper background, subtle natural shadow, no text, no logos, no watermark, square composition.	projects/pencil-leads-craft/image/unique-02.png	./image/item.png	./image/unique-02.png
pencil-leads-craft	3	product variation	Pencil leads	Pencil leads	Liquid ink glides across the page with effortless flow, expressive line control, and a refined finish.	Silky liquid ink Ultra-smooth writing Premium roller tip	A distinct premium catalog photograph of Pencil leads, variation 3: Pencil leads. Show the real Pencil leads object clearly and accurately, with a different physical presentation from every other asset: Liquid ink glides across the page with effortless flow, expressive line control, and a refined finish. Product details: Silky liquid ink Ultra-smooth writing Premium roller tip. Use a distinct angle, arrangement, and tasteful material/color variation while keeping the item recognizable. Single product focus, realistic proportions, soft studio lighting, warm off-white craft-paper background, subtle natural shadow, no text, no logos, no watermark, square composition.	projects/pencil-leads-craft/image/unique-03.png	./image/item.png	./image/unique-03.png
pencil-leads-craft	4	product variation	Pencil leads	Pencil leads	A smooth fountain nib and refillable reservoir turn every page into a more considered writing experience.	Refillable ink system Fine and medium nibs Polished metal nib	A distinct premium catalog photograph of Pencil leads, variation 4: Pencil leads. Show the real Pencil leads object clearly and accurately, with a different physical presentation from every other asset: A smooth fountain nib and refillable reservoir turn every page into a more considered writing experience. Product details: Refillable ink system Fine and medium nibs Polished metal nib. Use a distinct angle, arrangement, and tasteful material/color variation while keeping the item recognizable. Single product focus, realistic proportions, soft studio lighting, warm off-white craft-paper background, subtle natural shadow, no text, no logos, no watermark, square composition.	projects/pencil-leads-craft/image/unique-04.png	./image/item.png	./image/unique-04.png
pencil-leads-craft	5	product variation	Pencil leads	Pencil leads	Precise fiber tips create clean, expressive lines for diagrams, journaling, lettering, and detail work.	0.4mm precision tip Fade-resistant black ink Long-lasting fiber point	A distinct premium catalog photograph of Pencil leads, variation 5: Pencil leads. Show the real Pencil leads object clearly and accurately, with a different physical presentation from every other asset: Precise fiber tips create clean, expressive lines for diagrams, journaling, lettering, and detail work. Product details: 0.4mm precision tip Fade-resistant black ink Long-lasting fiber point. Use a distinct angle, arrangement, and tasteful material/color variation while keeping the item recognizable. Single product focus, realistic proportions, soft studio lighting, warm off-white craft-paper background, subtle natural shadow, no text, no logos, no watermark, square composition.	projects/pencil-leads-craft/image/unique-05.png	./image/item.png	./image/unique-05.png
pencil-leads-craft	6	about presentation	Pencil leads	about presentation 6			A distinct editorial presentation image for a stationery and craft product webpage about Pencil leads, role about presentation number 6. Feature Pencil leads as the clear subject in a unique composition, different from every other image in the repository, realistic product photography, soft studio lighting, warm off-white craft-paper background, no text, no logos, no watermark, square composition.	projects/pencil-leads-craft/image/unique-06.png	./image/item.png	./image/unique-06.png
pencil-sharpeners-craft	1	product variation	Pencil sharpeners	Pencil sharpeners	The reliable everyday choice for notes, lists, and long writing sessions, with a clean line and dependable flow.	0.7mm smooth ballpoint tip Quick-drying blue ink Balanced resin barrel	A distinct premium catalog photograph of Pencil sharpeners, variation 1: Pencil sharpeners. Show the real Pencil sharpeners object clearly and accurately, with a different physical presentation from every other asset: The reliable everyday choice for notes, lists, and long writing sessions, with a clean line and dependable flow. Product details: 0.7mm smooth ballpoint tip Quick-drying blue ink Balanced resin barrel. Use a distinct angle, arrangement, and tasteful material/color variation while keeping the item recognizable. Single product focus, realistic proportions, soft studio lighting, warm off-white craft-paper background, subtle natural shadow, no text, no logos, no watermark, square composition.	projects/pencil-sharpeners-craft/image/unique-01.png	./image/item.png	./image/unique-01.png
pencil-sharpeners-craft	2	product variation	Pencil sharpeners	Pencil sharpeners	Smooth-flowing gel ink brings bright, expressive color to notes, sketches, and everyday ideas.	24 signature ink colors Quick-drying gel ink Comfortable soft-touch grip	A distinct premium catalog photograph of Pencil sharpeners, variation 2: Pencil sharpeners. Show the real Pencil sharpeners object clearly and accurately, with a different physical presentation from every other asset: Smooth-flowing gel ink brings bright, expressive color to notes, sketches, and everyday ideas. Product details: 24 signature ink colors Quick-drying gel ink Comfortable soft-touch grip. Use a distinct angle, arrangement, and tasteful material/color variation while keeping the item recognizable. Single product focus, realistic proportions, soft studio lighting, warm off-white craft-paper background, subtle natural shadow, no text, no logos, no watermark, square composition.	projects/pencil-sharpeners-craft/image/unique-02.png	./image/item.png	./image/unique-02.png
pencil-sharpeners-craft	3	product variation	Pencil sharpeners	Pencil sharpeners	Liquid ink glides across the page with effortless flow, expressive line control, and a refined finish.	Silky liquid ink Ultra-smooth writing Premium roller tip	A distinct premium catalog photograph of Pencil sharpeners, variation 3: Pencil sharpeners. Show the real Pencil sharpeners object clearly and accurately, with a different physical presentation from every other asset: Liquid ink glides across the page with effortless flow, expressive line control, and a refined finish. Product details: Silky liquid ink Ultra-smooth writing Premium roller tip. Use a distinct angle, arrangement, and tasteful material/color variation while keeping the item recognizable. Single product focus, realistic proportions, soft studio lighting, warm off-white craft-paper background, subtle natural shadow, no text, no logos, no watermark, square composition.	projects/pencil-sharpeners-craft/image/unique-03.png	./image/item.png	./image/unique-03.png
pencil-sharpeners-craft	4	product variation	Pencil sharpeners	Pencil sharpeners	A smooth fountain nib and refillable reservoir turn every page into a more considered writing experience.	Refillable ink system Fine and medium nibs Polished metal nib	A distinct premium catalog photograph of Pencil sharpeners, variation 4: Pencil sharpeners. Show the real Pencil sharpeners object clearly and accurately, with a different physical presentation from every other asset: A smooth fountain nib and refillable reservoir turn every page into a more considered writing experience. Product details: Refillable ink system Fine and medium nibs Polished metal nib. Use a distinct angle, arrangement, and tasteful material/color variation while keeping the item recognizable. Single product focus, realistic proportions, soft studio lighting, warm off-white craft-paper background, subtle natural shadow, no text, no logos, no watermark, square composition.	projects/pencil-sharpeners-craft/image/unique-04.png	./image/item.png	./image/unique-04.png
pencil-sharpeners-craft	5	product variation	Pencil sharpeners	Pencil sharpeners	Precise fiber tips create clean, expressive lines for diagrams, journaling, lettering, and detail work.	0.4mm precision tip Fade-resistant black ink Long-lasting fiber point	A distinct premium catalog photograph of Pencil sharpeners, variation 5: Pencil sharpeners. Show the real Pencil sharpeners object clearly and accurately, with a different physical presentation from every other asset: Precise fiber tips create clean, expressive lines for diagrams, journaling, lettering, and detail work. Product details: 0.4mm precision tip Fade-resistant black ink Long-lasting fiber point. Use a distinct angle, arrangement, and tasteful material/color variation while keeping the item recognizable. Single product focus, realistic proportions, soft studio lighting, warm off-white craft-paper background, subtle natural shadow, no text, no logos, no watermark, square composition.	projects/pencil-sharpeners-craft/image/unique-05.png	./image/item.png	./image/unique-05.png
pencil-sharpeners-craft	6	about presentation	Pencil sharpeners	about presentation 6			A distinct editorial presentation image for a stationery and craft product webpage about Pencil sharpeners, role about presentation number 6. Feature Pencil sharpeners as the clear subject in a unique composition, different from every other image in the repository, realistic product photography, soft studio lighting, warm off-white craft-paper background, no text, no logos, no watermark, square composition.	projects/pencil-sharpeners-craft/image/unique-06.png	./image/item.png	./image/unique-06.png
personalized-diaries-craft	1	product variation	Personalized diaries	Personalized diaries	The reliable everyday choice for notes, lists, and long writing sessions, with a clean line and dependable flow.	0.7mm smooth ballpoint tip Quick-drying blue ink Balanced resin barrel	A distinct premium catalog photograph of Personalized diaries, variation 1: Personalized diaries. Show the real Personalized diaries object clearly and accurately, with a different physical presentation from every other asset: The reliable everyday choice for notes, lists, and long writing sessions, with a clean line and dependable flow. Product details: 0.7mm smooth ballpoint tip Quick-drying blue ink Balanced resin barrel. Use a distinct angle, arrangement, and tasteful material/color variation while keeping the item recognizable. Single product focus, realistic proportions, soft studio lighting, warm off-white craft-paper background, subtle natural shadow, no text, no logos, no watermark, square composition.	projects/personalized-diaries-craft/image/unique-01.png	./image/item.png	./image/unique-01.png
personalized-diaries-craft	2	product variation	Personalized diaries	Personalized diaries	Smooth-flowing gel ink brings bright, expressive color to notes, sketches, and everyday ideas.	24 signature ink colors Quick-drying gel ink Comfortable soft-touch grip	A distinct premium catalog photograph of Personalized diaries, variation 2: Personalized diaries. Show the real Personalized diaries object clearly and accurately, with a different physical presentation from every other asset: Smooth-flowing gel ink brings bright, expressive color to notes, sketches, and everyday ideas. Product details: 24 signature ink colors Quick-drying gel ink Comfortable soft-touch grip. Use a distinct angle, arrangement, and tasteful material/color variation while keeping the item recognizable. Single product focus, realistic proportions, soft studio lighting, warm off-white craft-paper background, subtle natural shadow, no text, no logos, no watermark, square composition.	projects/personalized-diaries-craft/image/unique-02.png	./image/item.png	./image/unique-02.png
personalized-diaries-craft	3	product variation	Personalized diaries	Personalized diaries	Liquid ink glides across the page with effortless flow, expressive line control, and a refined finish.	Silky liquid ink Ultra-smooth writing Premium roller tip	A distinct premium catalog photograph of Personalized diaries, variation 3: Personalized diaries. Show the real Personalized diaries object clearly and accurately, with a different physical presentation from every other asset: Liquid ink glides across the page with effortless flow, expressive line control, and a refined finish. Product details: Silky liquid ink Ultra-smooth writing Premium roller tip. Use a distinct angle, arrangement, and tasteful material/color variation while keeping the item recognizable. Single product focus, realistic proportions, soft studio lighting, warm off-white craft-paper background, subtle natural shadow, no text, no logos, no watermark, square composition.	projects/personalized-diaries-craft/image/unique-03.png	./image/item.png	./image/unique-03.png
personalized-diaries-craft	4	product variation	Personalized diaries	Personalized diaries	A smooth fountain nib and refillable reservoir turn every page into a more considered writing experience.	Refillable ink system Fine and medium nibs Polished metal nib	A distinct premium catalog photograph of Personalized diaries, variation 4: Personalized diaries. Show the real Personalized diaries object clearly and accurately, with a different physical presentation from every other asset: A smooth fountain nib and refillable reservoir turn every page into a more considered writing experience. Product details: Refillable ink system Fine and medium nibs Polished metal nib. Use a distinct angle, arrangement, and tasteful material/color variation while keeping the item recognizable. Single product focus, realistic proportions, soft studio lighting, warm off-white craft-paper background, subtle natural shadow, no text, no logos, no watermark, square composition.	projects/personalized-diaries-craft/image/unique-04.png	./image/item.png	./image/unique-04.png
personalized-diaries-craft	5	product variation	Personalized diaries	Personalized diaries	Precise fiber tips create clean, expressive lines for diagrams, journaling, lettering, and detail work.	0.4mm precision tip Fade-resistant black ink Long-lasting fiber point	A distinct premium catalog photograph of Personalized diaries, variation 5: Personalized diaries. Show the real Personalized diaries object clearly and accurately, with a different physical presentation from every other asset: Precise fiber tips create clean, expressive lines for diagrams, journaling, lettering, and detail work. Product details: 0.4mm precision tip Fade-resistant black ink Long-lasting fiber point. Use a distinct angle, arrangement, and tasteful material/color variation while keeping the item recognizable. Single product focus, realistic proportions, soft studio lighting, warm off-white craft-paper background, subtle natural shadow, no text, no logos, no watermark, square composition.	projects/personalized-diaries-craft/image/unique-05.png	./image/item.png	./image/unique-05.png
personalized-diaries-craft	6	about presentation	Personalized diaries	about presentation 6			A distinct editorial presentation image for a stationery and craft product webpage about Personalized diaries, role about presentation number 6. Feature Personalized diaries as the clear subject in a unique composition, different from every other image in the repository, realistic product photography, soft studio lighting, warm off-white craft-paper background, no text, no logos, no watermark, square composition.	projects/personalized-diaries-craft/image/unique-06.png	./image/item.png	./image/unique-06.png
pocket-notebooks-craft	1	product variation	Pocket notebooks	Pocket notebooks	The reliable everyday choice for notes, lists, and long writing sessions, with a clean line and dependable flow.	0.7mm smooth ballpoint tip Quick-drying blue ink Balanced resin barrel	A distinct premium catalog photograph of Pocket notebooks, variation 1: Pocket notebooks. Show the real Pocket notebooks object clearly and accurately, with a different physical presentation from every other asset: The reliable everyday choice for notes, lists, and long writing sessions, with a clean line and dependable flow. Product details: 0.7mm smooth ballpoint tip Quick-drying blue ink Balanced resin barrel. Use a distinct angle, arrangement, and tasteful material/color variation while keeping the item recognizable. Single product focus, realistic proportions, soft studio lighting, warm off-white craft-paper background, subtle natural shadow, no text, no logos, no watermark, square composition.	projects/pocket-notebooks-craft/image/unique-01.png	./image/item.png	./image/unique-01.png
pocket-notebooks-craft	2	product variation	Pocket notebooks	Pocket notebooks	Smooth-flowing gel ink brings bright, expressive color to notes, sketches, and everyday ideas.	24 signature ink colors Quick-drying gel ink Comfortable soft-touch grip	A distinct premium catalog photograph of Pocket notebooks, variation 2: Pocket notebooks. Show the real Pocket notebooks object clearly and accurately, with a different physical presentation from every other asset: Smooth-flowing gel ink brings bright, expressive color to notes, sketches, and everyday ideas. Product details: 24 signature ink colors Quick-drying gel ink Comfortable soft-touch grip. Use a distinct angle, arrangement, and tasteful material/color variation while keeping the item recognizable. Single product focus, realistic proportions, soft studio lighting, warm off-white craft-paper background, subtle natural shadow, no text, no logos, no watermark, square composition.	projects/pocket-notebooks-craft/image/unique-02.png	./image/item.png	./image/unique-02.png
pocket-notebooks-craft	3	product variation	Pocket notebooks	Pocket notebooks	Liquid ink glides across the page with effortless flow, expressive line control, and a refined finish.	Silky liquid ink Ultra-smooth writing Premium roller tip	A distinct premium catalog photograph of Pocket notebooks, variation 3: Pocket notebooks. Show the real Pocket notebooks object clearly and accurately, with a different physical presentation from every other asset: Liquid ink glides across the page with effortless flow, expressive line control, and a refined finish. Product details: Silky liquid ink Ultra-smooth writing Premium roller tip. Use a distinct angle, arrangement, and tasteful material/color variation while keeping the item recognizable. Single product focus, realistic proportions, soft studio lighting, warm off-white craft-paper background, subtle natural shadow, no text, no logos, no watermark, square composition.	projects/pocket-notebooks-craft/image/unique-03.png	./image/item.png	./image/unique-03.png
pocket-notebooks-craft	4	product variation	Pocket notebooks	Pocket notebooks	A smooth fountain nib and refillable reservoir turn every page into a more considered writing experience.	Refillable ink system Fine and medium nibs Polished metal nib	A distinct premium catalog photograph of Pocket notebooks, variation 4: Pocket notebooks. Show the real Pocket notebooks object clearly and accurately, with a different physical presentation from every other asset: A smooth fountain nib and refillable reservoir turn every page into a more considered writing experience. Product details: Refillable ink system Fine and medium nibs Polished metal nib. Use a distinct angle, arrangement, and tasteful material/color variation while keeping the item recognizable. Single product focus, realistic proportions, soft studio lighting, warm off-white craft-paper background, subtle natural shadow, no text, no logos, no watermark, square composition.	projects/pocket-notebooks-craft/image/unique-04.png	./image/item.png	./image/unique-04.png
pocket-notebooks-craft	5	product variation	Pocket notebooks	Pocket notebooks	Precise fiber tips create clean, expressive lines for diagrams, journaling, lettering, and detail work.	0.4mm precision tip Fade-resistant black ink Long-lasting fiber point	A distinct premium catalog photograph of Pocket notebooks, variation 5: Pocket notebooks. Show the real Pocket notebooks object clearly and accurately, with a different physical presentation from every other asset: Precise fiber tips create clean, expressive lines for diagrams, journaling, lettering, and detail work. Product details: 0.4mm precision tip Fade-resistant black ink Long-lasting fiber point. Use a distinct angle, arrangement, and tasteful material/color variation while keeping the item recognizable. Single product focus, realistic proportions, soft studio lighting, warm off-white craft-paper background, subtle natural shadow, no text, no logos, no watermark, square composition.	projects/pocket-notebooks-craft/image/unique-05.png	./image/item.png	./image/unique-05.png
pocket-notebooks-craft	6	about presentation	Pocket notebooks	about presentation 6			A distinct editorial presentation image for a stationery and craft product webpage about Pocket notebooks, role about presentation number 6. Feature Pocket notebooks as the clear subject in a unique composition, different from every other image in the repository, realistic product photography, soft studio lighting, warm off-white craft-paper background, no text, no logos, no watermark, square composition.	projects/pocket-notebooks-craft/image/unique-06.png	./image/item.png	./image/unique-06.png
printer-paper-craft	1	product variation	Printer paper	Printer paper	The reliable everyday choice for notes, lists, and long writing sessions, with a clean line and dependable flow.	0.7mm smooth ballpoint tip Quick-drying blue ink Balanced resin barrel	A distinct premium catalog photograph of Printer paper, variation 1: Printer paper. Show the real Printer paper object clearly and accurately, with a different physical presentation from every other asset: The reliable everyday choice for notes, lists, and long writing sessions, with a clean line and dependable flow. Product details: 0.7mm smooth ballpoint tip Quick-drying blue ink Balanced resin barrel. Use a distinct angle, arrangement, and tasteful material/color variation while keeping the item recognizable. Single product focus, realistic proportions, soft studio lighting, warm off-white craft-paper background, subtle natural shadow, no text, no logos, no watermark, square composition.	projects/printer-paper-craft/image/unique-01.png	./image/item.png	./image/unique-01.png
printer-paper-craft	2	product variation	Printer paper	Printer paper	Smooth-flowing gel ink brings bright, expressive color to notes, sketches, and everyday ideas.	24 signature ink colors Quick-drying gel ink Comfortable soft-touch grip	A distinct premium catalog photograph of Printer paper, variation 2: Printer paper. Show the real Printer paper object clearly and accurately, with a different physical presentation from every other asset: Smooth-flowing gel ink brings bright, expressive color to notes, sketches, and everyday ideas. Product details: 24 signature ink colors Quick-drying gel ink Comfortable soft-touch grip. Use a distinct angle, arrangement, and tasteful material/color variation while keeping the item recognizable. Single product focus, realistic proportions, soft studio lighting, warm off-white craft-paper background, subtle natural shadow, no text, no logos, no watermark, square composition.	projects/printer-paper-craft/image/unique-02.png	./image/item.png	./image/unique-02.png
printer-paper-craft	3	product variation	Printer paper	Printer paper	Liquid ink glides across the page with effortless flow, expressive line control, and a refined finish.	Silky liquid ink Ultra-smooth writing Premium roller tip	A distinct premium catalog photograph of Printer paper, variation 3: Printer paper. Show the real Printer paper object clearly and accurately, with a different physical presentation from every other asset: Liquid ink glides across the page with effortless flow, expressive line control, and a refined finish. Product details: Silky liquid ink Ultra-smooth writing Premium roller tip. Use a distinct angle, arrangement, and tasteful material/color variation while keeping the item recognizable. Single product focus, realistic proportions, soft studio lighting, warm off-white craft-paper background, subtle natural shadow, no text, no logos, no watermark, square composition.	projects/printer-paper-craft/image/unique-03.png	./image/item.png	./image/unique-03.png
printer-paper-craft	4	product variation	Printer paper	Printer paper	A smooth fountain nib and refillable reservoir turn every page into a more considered writing experience.	Refillable ink system Fine and medium nibs Polished metal nib	A distinct premium catalog photograph of Printer paper, variation 4: Printer paper. Show the real Printer paper object clearly and accurately, with a different physical presentation from every other asset: A smooth fountain nib and refillable reservoir turn every page into a more considered writing experience. Product details: Refillable ink system Fine and medium nibs Polished metal nib. Use a distinct angle, arrangement, and tasteful material/color variation while keeping the item recognizable. Single product focus, realistic proportions, soft studio lighting, warm off-white craft-paper background, subtle natural shadow, no text, no logos, no watermark, square composition.	projects/printer-paper-craft/image/unique-04.png	./image/item.png	./image/unique-04.png
printer-paper-craft	5	product variation	Printer paper	Printer paper	Precise fiber tips create clean, expressive lines for diagrams, journaling, lettering, and detail work.	0.4mm precision tip Fade-resistant black ink Long-lasting fiber point	A distinct premium catalog photograph of Printer paper, variation 5: Printer paper. Show the real Printer paper object clearly and accurately, with a different physical presentation from every other asset: Precise fiber tips create clean, expressive lines for diagrams, journaling, lettering, and detail work. Product details: 0.4mm precision tip Fade-resistant black ink Long-lasting fiber point. Use a distinct angle, arrangement, and tasteful material/color variation while keeping the item recognizable. Single product focus, realistic proportions, soft studio lighting, warm off-white craft-paper background, subtle natural shadow, no text, no logos, no watermark, square composition.	projects/printer-paper-craft/image/unique-05.png	./image/item.png	./image/unique-05.png
printer-paper-craft	6	about presentation	Printer paper	about presentation 6			A distinct editorial presentation image for a stationery and craft product webpage about Printer paper, role about presentation number 6. Feature Printer paper as the clear subject in a unique composition, different from every other image in the repository, realistic product photography, soft studio lighting, warm off-white craft-paper background, no text, no logos, no watermark, square composition.	projects/printer-paper-craft/image/unique-06.png	./image/item.png	./image/unique-06.png
protractors-craft	1	product variation	Protractors	Protractors	The reliable everyday choice for notes, lists, and long writing sessions, with a clean line and dependable flow.	0.7mm smooth ballpoint tip Quick-drying blue ink Balanced resin barrel	A distinct premium catalog photograph of Protractors, variation 1: Protractors. Show the real Protractors object clearly and accurately, with a different physical presentation from every other asset: The reliable everyday choice for notes, lists, and long writing sessions, with a clean line and dependable flow. Product details: 0.7mm smooth ballpoint tip Quick-drying blue ink Balanced resin barrel. Use a distinct angle, arrangement, and tasteful material/color variation while keeping the item recognizable. Single product focus, realistic proportions, soft studio lighting, warm off-white craft-paper background, subtle natural shadow, no text, no logos, no watermark, square composition.	projects/protractors-craft/image/unique-01.png	./image/item.png	./image/unique-01.png
protractors-craft	2	product variation	Protractors	Protractors	Smooth-flowing gel ink brings bright, expressive color to notes, sketches, and everyday ideas.	24 signature ink colors Quick-drying gel ink Comfortable soft-touch grip	A distinct premium catalog photograph of Protractors, variation 2: Protractors. Show the real Protractors object clearly and accurately, with a different physical presentation from every other asset: Smooth-flowing gel ink brings bright, expressive color to notes, sketches, and everyday ideas. Product details: 24 signature ink colors Quick-drying gel ink Comfortable soft-touch grip. Use a distinct angle, arrangement, and tasteful material/color variation while keeping the item recognizable. Single product focus, realistic proportions, soft studio lighting, warm off-white craft-paper background, subtle natural shadow, no text, no logos, no watermark, square composition.	projects/protractors-craft/image/unique-02.png	./image/item.png	./image/unique-02.png
protractors-craft	3	product variation	Protractors	Protractors	Liquid ink glides across the page with effortless flow, expressive line control, and a refined finish.	Silky liquid ink Ultra-smooth writing Premium roller tip	A distinct premium catalog photograph of Protractors, variation 3: Protractors. Show the real Protractors object clearly and accurately, with a different physical presentation from every other asset: Liquid ink glides across the page with effortless flow, expressive line control, and a refined finish. Product details: Silky liquid ink Ultra-smooth writing Premium roller tip. Use a distinct angle, arrangement, and tasteful material/color variation while keeping the item recognizable. Single product focus, realistic proportions, soft studio lighting, warm off-white craft-paper background, subtle natural shadow, no text, no logos, no watermark, square composition.	projects/protractors-craft/image/unique-03.png	./image/item.png	./image/unique-03.png
protractors-craft	4	product variation	Protractors	Protractors	A smooth fountain nib and refillable reservoir turn every page into a more considered writing experience.	Refillable ink system Fine and medium nibs Polished metal nib	A distinct premium catalog photograph of Protractors, variation 4: Protractors. Show the real Protractors object clearly and accurately, with a different physical presentation from every other asset: A smooth fountain nib and refillable reservoir turn every page into a more considered writing experience. Product details: Refillable ink system Fine and medium nibs Polished metal nib. Use a distinct angle, arrangement, and tasteful material/color variation while keeping the item recognizable. Single product focus, realistic proportions, soft studio lighting, warm off-white craft-paper background, subtle natural shadow, no text, no logos, no watermark, square composition.	projects/protractors-craft/image/unique-04.png	./image/item.png	./image/unique-04.png
protractors-craft	5	product variation	Protractors	Protractors	Precise fiber tips create clean, expressive lines for diagrams, journaling, lettering, and detail work.	0.4mm precision tip Fade-resistant black ink Long-lasting fiber point	A distinct premium catalog photograph of Protractors, variation 5: Protractors. Show the real Protractors object clearly and accurately, with a different physical presentation from every other asset: Precise fiber tips create clean, expressive lines for diagrams, journaling, lettering, and detail work. Product details: 0.4mm precision tip Fade-resistant black ink Long-lasting fiber point. Use a distinct angle, arrangement, and tasteful material/color variation while keeping the item recognizable. Single product focus, realistic proportions, soft studio lighting, warm off-white craft-paper background, subtle natural shadow, no text, no logos, no watermark, square composition.	projects/protractors-craft/image/unique-05.png	./image/item.png	./image/unique-05.png
protractors-craft	6	about presentation	Protractors	about presentation 6			A distinct editorial presentation image for a stationery and craft product webpage about Protractors, role about presentation number 6. Feature Protractors as the clear subject in a unique composition, different from every other image in the repository, realistic product photography, soft studio lighting, warm off-white craft-paper background, no text, no logos, no watermark, square composition.	projects/protractors-craft/image/unique-06.png	./image/item.png	./image/unique-06.png
push-pins-craft	1	product variation	Push pins	Push pins	The reliable everyday choice for notes, lists, and long writing sessions, with a clean line and dependable flow.	0.7mm smooth ballpoint tip Quick-drying blue ink Balanced resin barrel	A distinct premium catalog photograph of Push pins, variation 1: Push pins. Show the real Push pins object clearly and accurately, with a different physical presentation from every other asset: The reliable everyday choice for notes, lists, and long writing sessions, with a clean line and dependable flow. Product details: 0.7mm smooth ballpoint tip Quick-drying blue ink Balanced resin barrel. Use a distinct angle, arrangement, and tasteful material/color variation while keeping the item recognizable. Single product focus, realistic proportions, soft studio lighting, warm off-white craft-paper background, subtle natural shadow, no text, no logos, no watermark, square composition.	projects/push-pins-craft/image/unique-01.png	./image/item.png	./image/unique-01.png
push-pins-craft	2	product variation	Push pins	Push pins	Smooth-flowing gel ink brings bright, expressive color to notes, sketches, and everyday ideas.	24 signature ink colors Quick-drying gel ink Comfortable soft-touch grip	A distinct premium catalog photograph of Push pins, variation 2: Push pins. Show the real Push pins object clearly and accurately, with a different physical presentation from every other asset: Smooth-flowing gel ink brings bright, expressive color to notes, sketches, and everyday ideas. Product details: 24 signature ink colors Quick-drying gel ink Comfortable soft-touch grip. Use a distinct angle, arrangement, and tasteful material/color variation while keeping the item recognizable. Single product focus, realistic proportions, soft studio lighting, warm off-white craft-paper background, subtle natural shadow, no text, no logos, no watermark, square composition.	projects/push-pins-craft/image/unique-02.png	./image/item.png	./image/unique-02.png
push-pins-craft	3	product variation	Push pins	Push pins	Liquid ink glides across the page with effortless flow, expressive line control, and a refined finish.	Silky liquid ink Ultra-smooth writing Premium roller tip	A distinct premium catalog photograph of Push pins, variation 3: Push pins. Show the real Push pins object clearly and accurately, with a different physical presentation from every other asset: Liquid ink glides across the page with effortless flow, expressive line control, and a refined finish. Product details: Silky liquid ink Ultra-smooth writing Premium roller tip. Use a distinct angle, arrangement, and tasteful material/color variation while keeping the item recognizable. Single product focus, realistic proportions, soft studio lighting, warm off-white craft-paper background, subtle natural shadow, no text, no logos, no watermark, square composition.	projects/push-pins-craft/image/unique-03.png	./image/item.png	./image/unique-03.png
push-pins-craft	4	product variation	Push pins	Push pins	A smooth fountain nib and refillable reservoir turn every page into a more considered writing experience.	Refillable ink system Fine and medium nibs Polished metal nib	A distinct premium catalog photograph of Push pins, variation 4: Push pins. Show the real Push pins object clearly and accurately, with a different physical presentation from every other asset: A smooth fountain nib and refillable reservoir turn every page into a more considered writing experience. Product details: Refillable ink system Fine and medium nibs Polished metal nib. Use a distinct angle, arrangement, and tasteful material/color variation while keeping the item recognizable. Single product focus, realistic proportions, soft studio lighting, warm off-white craft-paper background, subtle natural shadow, no text, no logos, no watermark, square composition.	projects/push-pins-craft/image/unique-04.png	./image/item.png	./image/unique-04.png
push-pins-craft	5	product variation	Push pins	Push pins	Precise fiber tips create clean, expressive lines for diagrams, journaling, lettering, and detail work.	0.4mm precision tip Fade-resistant black ink Long-lasting fiber point	A distinct premium catalog photograph of Push pins, variation 5: Push pins. Show the real Push pins object clearly and accurately, with a different physical presentation from every other asset: Precise fiber tips create clean, expressive lines for diagrams, journaling, lettering, and detail work. Product details: 0.4mm precision tip Fade-resistant black ink Long-lasting fiber point. Use a distinct angle, arrangement, and tasteful material/color variation while keeping the item recognizable. Single product focus, realistic proportions, soft studio lighting, warm off-white craft-paper background, subtle natural shadow, no text, no logos, no watermark, square composition.	projects/push-pins-craft/image/unique-05.png	./image/item.png	./image/unique-05.png
push-pins-craft	6	about presentation	Push pins	about presentation 6			A distinct editorial presentation image for a stationery and craft product webpage about Push pins, role about presentation number 6. Feature Push pins as the clear subject in a unique composition, different from every other image in the repository, realistic product photography, soft studio lighting, warm off-white craft-paper background, no text, no logos, no watermark, square composition.	projects/push-pins-craft/image/unique-06.png	./image/item.png	./image/unique-06.png
receipt-books-craft	1	product variation	Receipt books	Receipt books	The reliable everyday choice for notes, lists, and long writing sessions, with a clean line and dependable flow.	0.7mm smooth ballpoint tip Quick-drying blue ink Balanced resin barrel	A distinct premium catalog photograph of Receipt books, variation 1: Receipt books. Show the real Receipt books object clearly and accurately, with a different physical presentation from every other asset: The reliable everyday choice for notes, lists, and long writing sessions, with a clean line and dependable flow. Product details: 0.7mm smooth ballpoint tip Quick-drying blue ink Balanced resin barrel. Use a distinct angle, arrangement, and tasteful material/color variation while keeping the item recognizable. Single product focus, realistic proportions, soft studio lighting, warm off-white craft-paper background, subtle natural shadow, no text, no logos, no watermark, square composition.	projects/receipt-books-craft/image/unique-01.png	./image/item.png	./image/unique-01.png
receipt-books-craft	2	product variation	Receipt books	Receipt books	Smooth-flowing gel ink brings bright, expressive color to notes, sketches, and everyday ideas.	24 signature ink colors Quick-drying gel ink Comfortable soft-touch grip	A distinct premium catalog photograph of Receipt books, variation 2: Receipt books. Show the real Receipt books object clearly and accurately, with a different physical presentation from every other asset: Smooth-flowing gel ink brings bright, expressive color to notes, sketches, and everyday ideas. Product details: 24 signature ink colors Quick-drying gel ink Comfortable soft-touch grip. Use a distinct angle, arrangement, and tasteful material/color variation while keeping the item recognizable. Single product focus, realistic proportions, soft studio lighting, warm off-white craft-paper background, subtle natural shadow, no text, no logos, no watermark, square composition.	projects/receipt-books-craft/image/unique-02.png	./image/item.png	./image/unique-02.png
receipt-books-craft	3	product variation	Receipt books	Receipt books	Liquid ink glides across the page with effortless flow, expressive line control, and a refined finish.	Silky liquid ink Ultra-smooth writing Premium roller tip	A distinct premium catalog photograph of Receipt books, variation 3: Receipt books. Show the real Receipt books object clearly and accurately, with a different physical presentation from every other asset: Liquid ink glides across the page with effortless flow, expressive line control, and a refined finish. Product details: Silky liquid ink Ultra-smooth writing Premium roller tip. Use a distinct angle, arrangement, and tasteful material/color variation while keeping the item recognizable. Single product focus, realistic proportions, soft studio lighting, warm off-white craft-paper background, subtle natural shadow, no text, no logos, no watermark, square composition.	projects/receipt-books-craft/image/unique-03.png	./image/item.png	./image/unique-03.png
receipt-books-craft	4	product variation	Receipt books	Receipt books	A smooth fountain nib and refillable reservoir turn every page into a more considered writing experience.	Refillable ink system Fine and medium nibs Polished metal nib	A distinct premium catalog photograph of Receipt books, variation 4: Receipt books. Show the real Receipt books object clearly and accurately, with a different physical presentation from every other asset: A smooth fountain nib and refillable reservoir turn every page into a more considered writing experience. Product details: Refillable ink system Fine and medium nibs Polished metal nib. Use a distinct angle, arrangement, and tasteful material/color variation while keeping the item recognizable. Single product focus, realistic proportions, soft studio lighting, warm off-white craft-paper background, subtle natural shadow, no text, no logos, no watermark, square composition.	projects/receipt-books-craft/image/unique-04.png	./image/item.png	./image/unique-04.png
receipt-books-craft	5	product variation	Receipt books	Receipt books	Precise fiber tips create clean, expressive lines for diagrams, journaling, lettering, and detail work.	0.4mm precision tip Fade-resistant black ink Long-lasting fiber point	A distinct premium catalog photograph of Receipt books, variation 5: Receipt books. Show the real Receipt books object clearly and accurately, with a different physical presentation from every other asset: Precise fiber tips create clean, expressive lines for diagrams, journaling, lettering, and detail work. Product details: 0.4mm precision tip Fade-resistant black ink Long-lasting fiber point. Use a distinct angle, arrangement, and tasteful material/color variation while keeping the item recognizable. Single product focus, realistic proportions, soft studio lighting, warm off-white craft-paper background, subtle natural shadow, no text, no logos, no watermark, square composition.	projects/receipt-books-craft/image/unique-05.png	./image/item.png	./image/unique-05.png
receipt-books-craft	6	about presentation	Receipt books	about presentation 6			A distinct editorial presentation image for a stationery and craft product webpage about Receipt books, role about presentation number 6. Feature Receipt books as the clear subject in a unique composition, different from every other image in the repository, realistic product photography, soft studio lighting, warm off-white craft-paper background, no text, no logos, no watermark, square composition.	projects/receipt-books-craft/image/unique-06.png	./image/item.png	./image/unique-06.png
ribbons-craft	1	product variation	Ribbons	Ribbons	The reliable everyday choice for notes, lists, and long writing sessions, with a clean line and dependable flow.	0.7mm smooth ballpoint tip Quick-drying blue ink Balanced resin barrel	A distinct premium catalog photograph of Ribbons, variation 1: Ribbons. Show the real Ribbons object clearly and accurately, with a different physical presentation from every other asset: The reliable everyday choice for notes, lists, and long writing sessions, with a clean line and dependable flow. Product details: 0.7mm smooth ballpoint tip Quick-drying blue ink Balanced resin barrel. Use a distinct angle, arrangement, and tasteful material/color variation while keeping the item recognizable. Single product focus, realistic proportions, soft studio lighting, warm off-white craft-paper background, subtle natural shadow, no text, no logos, no watermark, square composition.	projects/ribbons-craft/image/unique-01.png	./image/item.png	./image/unique-01.png
ribbons-craft	2	product variation	Ribbons	Ribbons	Smooth-flowing gel ink brings bright, expressive color to notes, sketches, and everyday ideas.	24 signature ink colors Quick-drying gel ink Comfortable soft-touch grip	A distinct premium catalog photograph of Ribbons, variation 2: Ribbons. Show the real Ribbons object clearly and accurately, with a different physical presentation from every other asset: Smooth-flowing gel ink brings bright, expressive color to notes, sketches, and everyday ideas. Product details: 24 signature ink colors Quick-drying gel ink Comfortable soft-touch grip. Use a distinct angle, arrangement, and tasteful material/color variation while keeping the item recognizable. Single product focus, realistic proportions, soft studio lighting, warm off-white craft-paper background, subtle natural shadow, no text, no logos, no watermark, square composition.	projects/ribbons-craft/image/unique-02.png	./image/item.png	./image/unique-02.png
ribbons-craft	3	product variation	Ribbons	Ribbons	Liquid ink glides across the page with effortless flow, expressive line control, and a refined finish.	Silky liquid ink Ultra-smooth writing Premium roller tip	A distinct premium catalog photograph of Ribbons, variation 3: Ribbons. Show the real Ribbons object clearly and accurately, with a different physical presentation from every other asset: Liquid ink glides across the page with effortless flow, expressive line control, and a refined finish. Product details: Silky liquid ink Ultra-smooth writing Premium roller tip. Use a distinct angle, arrangement, and tasteful material/color variation while keeping the item recognizable. Single product focus, realistic proportions, soft studio lighting, warm off-white craft-paper background, subtle natural shadow, no text, no logos, no watermark, square composition.	projects/ribbons-craft/image/unique-03.png	./image/item.png	./image/unique-03.png
ribbons-craft	4	product variation	Ribbons	Ribbons	A smooth fountain nib and refillable reservoir turn every page into a more considered writing experience.	Refillable ink system Fine and medium nibs Polished metal nib	A distinct premium catalog photograph of Ribbons, variation 4: Ribbons. Show the real Ribbons object clearly and accurately, with a different physical presentation from every other asset: A smooth fountain nib and refillable reservoir turn every page into a more considered writing experience. Product details: Refillable ink system Fine and medium nibs Polished metal nib. Use a distinct angle, arrangement, and tasteful material/color variation while keeping the item recognizable. Single product focus, realistic proportions, soft studio lighting, warm off-white craft-paper background, subtle natural shadow, no text, no logos, no watermark, square composition.	projects/ribbons-craft/image/unique-04.png	./image/item.png	./image/unique-04.png
ribbons-craft	5	product variation	Ribbons	Ribbons	Precise fiber tips create clean, expressive lines for diagrams, journaling, lettering, and detail work.	0.4mm precision tip Fade-resistant black ink Long-lasting fiber point	A distinct premium catalog photograph of Ribbons, variation 5: Ribbons. Show the real Ribbons object clearly and accurately, with a different physical presentation from every other asset: Precise fiber tips create clean, expressive lines for diagrams, journaling, lettering, and detail work. Product details: 0.4mm precision tip Fade-resistant black ink Long-lasting fiber point. Use a distinct angle, arrangement, and tasteful material/color variation while keeping the item recognizable. Single product focus, realistic proportions, soft studio lighting, warm off-white craft-paper background, subtle natural shadow, no text, no logos, no watermark, square composition.	projects/ribbons-craft/image/unique-05.png	./image/item.png	./image/unique-05.png
ribbons-craft	6	about presentation	Ribbons	about presentation 6			A distinct editorial presentation image for a stationery and craft product webpage about Ribbons, role about presentation number 6. Feature Ribbons as the clear subject in a unique composition, different from every other image in the repository, realistic product photography, soft studio lighting, warm off-white craft-paper background, no text, no logos, no watermark, square composition.	projects/ribbons-craft/image/unique-06.png	./image/item.png	./image/unique-06.png
ring-binders-craft	1	product variation	Ring binders	Ring binders	The reliable everyday choice for notes, lists, and long writing sessions, with a clean line and dependable flow.	0.7mm smooth ballpoint tip Quick-drying blue ink Balanced resin barrel	A distinct premium catalog photograph of Ring binders, variation 1: Ring binders. Show the real Ring binders object clearly and accurately, with a different physical presentation from every other asset: The reliable everyday choice for notes, lists, and long writing sessions, with a clean line and dependable flow. Product details: 0.7mm smooth ballpoint tip Quick-drying blue ink Balanced resin barrel. Use a distinct angle, arrangement, and tasteful material/color variation while keeping the item recognizable. Single product focus, realistic proportions, soft studio lighting, warm off-white craft-paper background, subtle natural shadow, no text, no logos, no watermark, square composition.	projects/ring-binders-craft/image/unique-01.png	./image/item.png	./image/unique-01.png
ring-binders-craft	2	product variation	Ring binders	Ring binders	Smooth-flowing gel ink brings bright, expressive color to notes, sketches, and everyday ideas.	24 signature ink colors Quick-drying gel ink Comfortable soft-touch grip	A distinct premium catalog photograph of Ring binders, variation 2: Ring binders. Show the real Ring binders object clearly and accurately, with a different physical presentation from every other asset: Smooth-flowing gel ink brings bright, expressive color to notes, sketches, and everyday ideas. Product details: 24 signature ink colors Quick-drying gel ink Comfortable soft-touch grip. Use a distinct angle, arrangement, and tasteful material/color variation while keeping the item recognizable. Single product focus, realistic proportions, soft studio lighting, warm off-white craft-paper background, subtle natural shadow, no text, no logos, no watermark, square composition.	projects/ring-binders-craft/image/unique-02.png	./image/item.png	./image/unique-02.png
ring-binders-craft	3	product variation	Ring binders	Ring binders	Liquid ink glides across the page with effortless flow, expressive line control, and a refined finish.	Silky liquid ink Ultra-smooth writing Premium roller tip	A distinct premium catalog photograph of Ring binders, variation 3: Ring binders. Show the real Ring binders object clearly and accurately, with a different physical presentation from every other asset: Liquid ink glides across the page with effortless flow, expressive line control, and a refined finish. Product details: Silky liquid ink Ultra-smooth writing Premium roller tip. Use a distinct angle, arrangement, and tasteful material/color variation while keeping the item recognizable. Single product focus, realistic proportions, soft studio lighting, warm off-white craft-paper background, subtle natural shadow, no text, no logos, no watermark, square composition.	projects/ring-binders-craft/image/unique-03.png	./image/item.png	./image/unique-03.png
ring-binders-craft	4	product variation	Ring binders	Ring binders	A smooth fountain nib and refillable reservoir turn every page into a more considered writing experience.	Refillable ink system Fine and medium nibs Polished metal nib	A distinct premium catalog photograph of Ring binders, variation 4: Ring binders. Show the real Ring binders object clearly and accurately, with a different physical presentation from every other asset: A smooth fountain nib and refillable reservoir turn every page into a more considered writing experience. Product details: Refillable ink system Fine and medium nibs Polished metal nib. Use a distinct angle, arrangement, and tasteful material/color variation while keeping the item recognizable. Single product focus, realistic proportions, soft studio lighting, warm off-white craft-paper background, subtle natural shadow, no text, no logos, no watermark, square composition.	projects/ring-binders-craft/image/unique-04.png	./image/item.png	./image/unique-04.png
ring-binders-craft	5	product variation	Ring binders	Ring binders	Precise fiber tips create clean, expressive lines for diagrams, journaling, lettering, and detail work.	0.4mm precision tip Fade-resistant black ink Long-lasting fiber point	A distinct premium catalog photograph of Ring binders, variation 5: Ring binders. Show the real Ring binders object clearly and accurately, with a different physical presentation from every other asset: Precise fiber tips create clean, expressive lines for diagrams, journaling, lettering, and detail work. Product details: 0.4mm precision tip Fade-resistant black ink Long-lasting fiber point. Use a distinct angle, arrangement, and tasteful material/color variation while keeping the item recognizable. Single product focus, realistic proportions, soft studio lighting, warm off-white craft-paper background, subtle natural shadow, no text, no logos, no watermark, square composition.	projects/ring-binders-craft/image/unique-05.png	./image/item.png	./image/unique-05.png
ring-binders-craft	6	about presentation	Ring binders	about presentation 6			A distinct editorial presentation image for a stationery and craft product webpage about Ring binders, role about presentation number 6. Feature Ring binders as the clear subject in a unique composition, different from every other image in the repository, realistic product photography, soft studio lighting, warm off-white craft-paper background, no text, no logos, no watermark, square composition.	projects/ring-binders-craft/image/unique-06.png	./image/item.png	./image/unique-06.png
rubber-bands-craft	1	product variation	Rubber bands	Rubber bands	The reliable everyday choice for notes, lists, and long writing sessions, with a clean line and dependable flow.	0.7mm smooth ballpoint tip Quick-drying blue ink Balanced resin barrel	A distinct premium catalog photograph of Rubber bands, variation 1: Rubber bands. Show the real Rubber bands object clearly and accurately, with a different physical presentation from every other asset: The reliable everyday choice for notes, lists, and long writing sessions, with a clean line and dependable flow. Product details: 0.7mm smooth ballpoint tip Quick-drying blue ink Balanced resin barrel. Use a distinct angle, arrangement, and tasteful material/color variation while keeping the item recognizable. Single product focus, realistic proportions, soft studio lighting, warm off-white craft-paper background, subtle natural shadow, no text, no logos, no watermark, square composition.	projects/rubber-bands-craft/image/unique-01.png	./image/item.png	./image/unique-01.png
rubber-bands-craft	2	product variation	Rubber bands	Rubber bands	Smooth-flowing gel ink brings bright, expressive color to notes, sketches, and everyday ideas.	24 signature ink colors Quick-drying gel ink Comfortable soft-touch grip	A distinct premium catalog photograph of Rubber bands, variation 2: Rubber bands. Show the real Rubber bands object clearly and accurately, with a different physical presentation from every other asset: Smooth-flowing gel ink brings bright, expressive color to notes, sketches, and everyday ideas. Product details: 24 signature ink colors Quick-drying gel ink Comfortable soft-touch grip. Use a distinct angle, arrangement, and tasteful material/color variation while keeping the item recognizable. Single product focus, realistic proportions, soft studio lighting, warm off-white craft-paper background, subtle natural shadow, no text, no logos, no watermark, square composition.	projects/rubber-bands-craft/image/unique-02.png	./image/item.png	./image/unique-02.png
rubber-bands-craft	3	product variation	Rubber bands	Rubber bands	Liquid ink glides across the page with effortless flow, expressive line control, and a refined finish.	Silky liquid ink Ultra-smooth writing Premium roller tip	A distinct premium catalog photograph of Rubber bands, variation 3: Rubber bands. Show the real Rubber bands object clearly and accurately, with a different physical presentation from every other asset: Liquid ink glides across the page with effortless flow, expressive line control, and a refined finish. Product details: Silky liquid ink Ultra-smooth writing Premium roller tip. Use a distinct angle, arrangement, and tasteful material/color variation while keeping the item recognizable. Single product focus, realistic proportions, soft studio lighting, warm off-white craft-paper background, subtle natural shadow, no text, no logos, no watermark, square composition.	projects/rubber-bands-craft/image/unique-03.png	./image/item.png	./image/unique-03.png
rubber-bands-craft	4	product variation	Rubber bands	Rubber bands	A smooth fountain nib and refillable reservoir turn every page into a more considered writing experience.	Refillable ink system Fine and medium nibs Polished metal nib	A distinct premium catalog photograph of Rubber bands, variation 4: Rubber bands. Show the real Rubber bands object clearly and accurately, with a different physical presentation from every other asset: A smooth fountain nib and refillable reservoir turn every page into a more considered writing experience. Product details: Refillable ink system Fine and medium nibs Polished metal nib. Use a distinct angle, arrangement, and tasteful material/color variation while keeping the item recognizable. Single product focus, realistic proportions, soft studio lighting, warm off-white craft-paper background, subtle natural shadow, no text, no logos, no watermark, square composition.	projects/rubber-bands-craft/image/unique-04.png	./image/item.png	./image/unique-04.png
rubber-bands-craft	5	product variation	Rubber bands	Rubber bands	Precise fiber tips create clean, expressive lines for diagrams, journaling, lettering, and detail work.	0.4mm precision tip Fade-resistant black ink Long-lasting fiber point	A distinct premium catalog photograph of Rubber bands, variation 5: Rubber bands. Show the real Rubber bands object clearly and accurately, with a different physical presentation from every other asset: Precise fiber tips create clean, expressive lines for diagrams, journaling, lettering, and detail work. Product details: 0.4mm precision tip Fade-resistant black ink Long-lasting fiber point. Use a distinct angle, arrangement, and tasteful material/color variation while keeping the item recognizable. Single product focus, realistic proportions, soft studio lighting, warm off-white craft-paper background, subtle natural shadow, no text, no logos, no watermark, square composition.	projects/rubber-bands-craft/image/unique-05.png	./image/item.png	./image/unique-05.png
rubber-bands-craft	6	about presentation	Rubber bands	about presentation 6			A distinct editorial presentation image for a stationery and craft product webpage about Rubber bands, role about presentation number 6. Feature Rubber bands as the clear subject in a unique composition, different from every other image in the repository, realistic product photography, soft studio lighting, warm off-white craft-paper background, no text, no logos, no watermark, square composition.	projects/rubber-bands-craft/image/unique-06.png	./image/item.png	./image/unique-06.png
rubber-stamps-craft	1	product variation	Rubber stamps	Rubber stamps	The reliable everyday choice for notes, lists, and long writing sessions, with a clean line and dependable flow.	0.7mm smooth ballpoint tip Quick-drying blue ink Balanced resin barrel	A distinct premium catalog photograph of Rubber stamps, variation 1: Rubber stamps. Show the real Rubber stamps object clearly and accurately, with a different physical presentation from every other asset: The reliable everyday choice for notes, lists, and long writing sessions, with a clean line and dependable flow. Product details: 0.7mm smooth ballpoint tip Quick-drying blue ink Balanced resin barrel. Use a distinct angle, arrangement, and tasteful material/color variation while keeping the item recognizable. Single product focus, realistic proportions, soft studio lighting, warm off-white craft-paper background, subtle natural shadow, no text, no logos, no watermark, square composition.	projects/rubber-stamps-craft/image/unique-01.png	./image/item.png	./image/unique-01.png
rubber-stamps-craft	2	product variation	Rubber stamps	Rubber stamps	Smooth-flowing gel ink brings bright, expressive color to notes, sketches, and everyday ideas.	24 signature ink colors Quick-drying gel ink Comfortable soft-touch grip	A distinct premium catalog photograph of Rubber stamps, variation 2: Rubber stamps. Show the real Rubber stamps object clearly and accurately, with a different physical presentation from every other asset: Smooth-flowing gel ink brings bright, expressive color to notes, sketches, and everyday ideas. Product details: 24 signature ink colors Quick-drying gel ink Comfortable soft-touch grip. Use a distinct angle, arrangement, and tasteful material/color variation while keeping the item recognizable. Single product focus, realistic proportions, soft studio lighting, warm off-white craft-paper background, subtle natural shadow, no text, no logos, no watermark, square composition.	projects/rubber-stamps-craft/image/unique-02.png	./image/item.png	./image/unique-02.png
rubber-stamps-craft	3	product variation	Rubber stamps	Rubber stamps	Liquid ink glides across the page with effortless flow, expressive line control, and a refined finish.	Silky liquid ink Ultra-smooth writing Premium roller tip	A distinct premium catalog photograph of Rubber stamps, variation 3: Rubber stamps. Show the real Rubber stamps object clearly and accurately, with a different physical presentation from every other asset: Liquid ink glides across the page with effortless flow, expressive line control, and a refined finish. Product details: Silky liquid ink Ultra-smooth writing Premium roller tip. Use a distinct angle, arrangement, and tasteful material/color variation while keeping the item recognizable. Single product focus, realistic proportions, soft studio lighting, warm off-white craft-paper background, subtle natural shadow, no text, no logos, no watermark, square composition.	projects/rubber-stamps-craft/image/unique-03.png	./image/item.png	./image/unique-03.png
rubber-stamps-craft	4	product variation	Rubber stamps	Rubber stamps	A smooth fountain nib and refillable reservoir turn every page into a more considered writing experience.	Refillable ink system Fine and medium nibs Polished metal nib	A distinct premium catalog photograph of Rubber stamps, variation 4: Rubber stamps. Show the real Rubber stamps object clearly and accurately, with a different physical presentation from every other asset: A smooth fountain nib and refillable reservoir turn every page into a more considered writing experience. Product details: Refillable ink system Fine and medium nibs Polished metal nib. Use a distinct angle, arrangement, and tasteful material/color variation while keeping the item recognizable. Single product focus, realistic proportions, soft studio lighting, warm off-white craft-paper background, subtle natural shadow, no text, no logos, no watermark, square composition.	projects/rubber-stamps-craft/image/unique-04.png	./image/item.png	./image/unique-04.png
rubber-stamps-craft	5	product variation	Rubber stamps	Rubber stamps	Precise fiber tips create clean, expressive lines for diagrams, journaling, lettering, and detail work.	0.4mm precision tip Fade-resistant black ink Long-lasting fiber point	A distinct premium catalog photograph of Rubber stamps, variation 5: Rubber stamps. Show the real Rubber stamps object clearly and accurately, with a different physical presentation from every other asset: Precise fiber tips create clean, expressive lines for diagrams, journaling, lettering, and detail work. Product details: 0.4mm precision tip Fade-resistant black ink Long-lasting fiber point. Use a distinct angle, arrangement, and tasteful material/color variation while keeping the item recognizable. Single product focus, realistic proportions, soft studio lighting, warm off-white craft-paper background, subtle natural shadow, no text, no logos, no watermark, square composition.	projects/rubber-stamps-craft/image/unique-05.png	./image/item.png	./image/unique-05.png
rubber-stamps-craft	6	about presentation	Rubber stamps	about presentation 6			A distinct editorial presentation image for a stationery and craft product webpage about Rubber stamps, role about presentation number 6. Feature Rubber stamps as the clear subject in a unique composition, different from every other image in the repository, realistic product photography, soft studio lighting, warm off-white craft-paper background, no text, no logos, no watermark, square composition.	projects/rubber-stamps-craft/image/unique-06.png	./image/item.png	./image/unique-06.png
rulers-craft	1	product variation	Rulers	Rulers	The reliable everyday choice for notes, lists, and long writing sessions, with a clean line and dependable flow.	0.7mm smooth ballpoint tip Quick-drying blue ink Balanced resin barrel	A distinct premium catalog photograph of Rulers, variation 1: Rulers. Show the real Rulers object clearly and accurately, with a different physical presentation from every other asset: The reliable everyday choice for notes, lists, and long writing sessions, with a clean line and dependable flow. Product details: 0.7mm smooth ballpoint tip Quick-drying blue ink Balanced resin barrel. Use a distinct angle, arrangement, and tasteful material/color variation while keeping the item recognizable. Single product focus, realistic proportions, soft studio lighting, warm off-white craft-paper background, subtle natural shadow, no text, no logos, no watermark, square composition.	projects/rulers-craft/image/unique-01.png	./image/item.png	./image/unique-01.png
rulers-craft	2	product variation	Rulers	Rulers	Smooth-flowing gel ink brings bright, expressive color to notes, sketches, and everyday ideas.	24 signature ink colors Quick-drying gel ink Comfortable soft-touch grip	A distinct premium catalog photograph of Rulers, variation 2: Rulers. Show the real Rulers object clearly and accurately, with a different physical presentation from every other asset: Smooth-flowing gel ink brings bright, expressive color to notes, sketches, and everyday ideas. Product details: 24 signature ink colors Quick-drying gel ink Comfortable soft-touch grip. Use a distinct angle, arrangement, and tasteful material/color variation while keeping the item recognizable. Single product focus, realistic proportions, soft studio lighting, warm off-white craft-paper background, subtle natural shadow, no text, no logos, no watermark, square composition.	projects/rulers-craft/image/unique-02.png	./image/item.png	./image/unique-02.png
rulers-craft	3	product variation	Rulers	Rulers	Liquid ink glides across the page with effortless flow, expressive line control, and a refined finish.	Silky liquid ink Ultra-smooth writing Premium roller tip	A distinct premium catalog photograph of Rulers, variation 3: Rulers. Show the real Rulers object clearly and accurately, with a different physical presentation from every other asset: Liquid ink glides across the page with effortless flow, expressive line control, and a refined finish. Product details: Silky liquid ink Ultra-smooth writing Premium roller tip. Use a distinct angle, arrangement, and tasteful material/color variation while keeping the item recognizable. Single product focus, realistic proportions, soft studio lighting, warm off-white craft-paper background, subtle natural shadow, no text, no logos, no watermark, square composition.	projects/rulers-craft/image/unique-03.png	./image/item.png	./image/unique-03.png
rulers-craft	4	product variation	Rulers	Rulers	A smooth fountain nib and refillable reservoir turn every page into a more considered writing experience.	Refillable ink system Fine and medium nibs Polished metal nib	A distinct premium catalog photograph of Rulers, variation 4: Rulers. Show the real Rulers object clearly and accurately, with a different physical presentation from every other asset: A smooth fountain nib and refillable reservoir turn every page into a more considered writing experience. Product details: Refillable ink system Fine and medium nibs Polished metal nib. Use a distinct angle, arrangement, and tasteful material/color variation while keeping the item recognizable. Single product focus, realistic proportions, soft studio lighting, warm off-white craft-paper background, subtle natural shadow, no text, no logos, no watermark, square composition.	projects/rulers-craft/image/unique-04.png	./image/item.png	./image/unique-04.png
rulers-craft	5	product variation	Rulers	Rulers	Precise fiber tips create clean, expressive lines for diagrams, journaling, lettering, and detail work.	0.4mm precision tip Fade-resistant black ink Long-lasting fiber point	A distinct premium catalog photograph of Rulers, variation 5: Rulers. Show the real Rulers object clearly and accurately, with a different physical presentation from every other asset: Precise fiber tips create clean, expressive lines for diagrams, journaling, lettering, and detail work. Product details: 0.4mm precision tip Fade-resistant black ink Long-lasting fiber point. Use a distinct angle, arrangement, and tasteful material/color variation while keeping the item recognizable. Single product focus, realistic proportions, soft studio lighting, warm off-white craft-paper background, subtle natural shadow, no text, no logos, no watermark, square composition.	projects/rulers-craft/image/unique-05.png	./image/item.png	./image/unique-05.png
rulers-craft	6	about presentation	Rulers	about presentation 6			A distinct editorial presentation image for a stationery and craft product webpage about Rulers, role about presentation number 6. Feature Rulers as the clear subject in a unique composition, different from every other image in the repository, realistic product photography, soft studio lighting, warm off-white craft-paper background, no text, no logos, no watermark, square composition.	projects/rulers-craft/image/unique-06.png	./image/item.png	./image/unique-06.png
school-bags-craft	1	product variation	School bags	School bags	The reliable everyday choice for notes, lists, and long writing sessions, with a clean line and dependable flow.	0.7mm smooth ballpoint tip Quick-drying blue ink Balanced resin barrel	A distinct premium catalog photograph of School bags, variation 1: School bags. Show the real School bags object clearly and accurately, with a different physical presentation from every other asset: The reliable everyday choice for notes, lists, and long writing sessions, with a clean line and dependable flow. Product details: 0.7mm smooth ballpoint tip Quick-drying blue ink Balanced resin barrel. Use a distinct angle, arrangement, and tasteful material/color variation while keeping the item recognizable. Single product focus, realistic proportions, soft studio lighting, warm off-white craft-paper background, subtle natural shadow, no text, no logos, no watermark, square composition.	projects/school-bags-craft/image/unique-01.png	./image/item.png	./image/unique-01.png
school-bags-craft	2	product variation	School bags	School bags	Smooth-flowing gel ink brings bright, expressive color to notes, sketches, and everyday ideas.	24 signature ink colors Quick-drying gel ink Comfortable soft-touch grip	A distinct premium catalog photograph of School bags, variation 2: School bags. Show the real School bags object clearly and accurately, with a different physical presentation from every other asset: Smooth-flowing gel ink brings bright, expressive color to notes, sketches, and everyday ideas. Product details: 24 signature ink colors Quick-drying gel ink Comfortable soft-touch grip. Use a distinct angle, arrangement, and tasteful material/color variation while keeping the item recognizable. Single product focus, realistic proportions, soft studio lighting, warm off-white craft-paper background, subtle natural shadow, no text, no logos, no watermark, square composition.	projects/school-bags-craft/image/unique-02.png	./image/item.png	./image/unique-02.png
school-bags-craft	3	product variation	School bags	School bags	Liquid ink glides across the page with effortless flow, expressive line control, and a refined finish.	Silky liquid ink Ultra-smooth writing Premium roller tip	A distinct premium catalog photograph of School bags, variation 3: School bags. Show the real School bags object clearly and accurately, with a different physical presentation from every other asset: Liquid ink glides across the page with effortless flow, expressive line control, and a refined finish. Product details: Silky liquid ink Ultra-smooth writing Premium roller tip. Use a distinct angle, arrangement, and tasteful material/color variation while keeping the item recognizable. Single product focus, realistic proportions, soft studio lighting, warm off-white craft-paper background, subtle natural shadow, no text, no logos, no watermark, square composition.	projects/school-bags-craft/image/unique-03.png	./image/item.png	./image/unique-03.png
school-bags-craft	4	product variation	School bags	School bags	A smooth fountain nib and refillable reservoir turn every page into a more considered writing experience.	Refillable ink system Fine and medium nibs Polished metal nib	A distinct premium catalog photograph of School bags, variation 4: School bags. Show the real School bags object clearly and accurately, with a different physical presentation from every other asset: A smooth fountain nib and refillable reservoir turn every page into a more considered writing experience. Product details: Refillable ink system Fine and medium nibs Polished metal nib. Use a distinct angle, arrangement, and tasteful material/color variation while keeping the item recognizable. Single product focus, realistic proportions, soft studio lighting, warm off-white craft-paper background, subtle natural shadow, no text, no logos, no watermark, square composition.	projects/school-bags-craft/image/unique-04.png	./image/item.png	./image/unique-04.png
school-bags-craft	5	product variation	School bags	School bags	Precise fiber tips create clean, expressive lines for diagrams, journaling, lettering, and detail work.	0.4mm precision tip Fade-resistant black ink Long-lasting fiber point	A distinct premium catalog photograph of School bags, variation 5: School bags. Show the real School bags object clearly and accurately, with a different physical presentation from every other asset: Precise fiber tips create clean, expressive lines for diagrams, journaling, lettering, and detail work. Product details: 0.4mm precision tip Fade-resistant black ink Long-lasting fiber point. Use a distinct angle, arrangement, and tasteful material/color variation while keeping the item recognizable. Single product focus, realistic proportions, soft studio lighting, warm off-white craft-paper background, subtle natural shadow, no text, no logos, no watermark, square composition.	projects/school-bags-craft/image/unique-05.png	./image/item.png	./image/unique-05.png
school-bags-craft	6	about presentation	School bags	about presentation 6			A distinct editorial presentation image for a stationery and craft product webpage about School bags, role about presentation number 6. Feature School bags as the clear subject in a unique composition, different from every other image in the repository, realistic product photography, soft studio lighting, warm off-white craft-paper background, no text, no logos, no watermark, square composition.	projects/school-bags-craft/image/unique-06.png	./image/item.png	./image/unique-06.png
scissors-craft	1	product variation	Scissors	Scissors	The reliable everyday choice for notes, lists, and long writing sessions, with a clean line and dependable flow.	0.7mm smooth ballpoint tip Quick-drying blue ink Balanced resin barrel	A distinct premium catalog photograph of Scissors, variation 1: Scissors. Show the real Scissors object clearly and accurately, with a different physical presentation from every other asset: The reliable everyday choice for notes, lists, and long writing sessions, with a clean line and dependable flow. Product details: 0.7mm smooth ballpoint tip Quick-drying blue ink Balanced resin barrel. Use a distinct angle, arrangement, and tasteful material/color variation while keeping the item recognizable. Single product focus, realistic proportions, soft studio lighting, warm off-white craft-paper background, subtle natural shadow, no text, no logos, no watermark, square composition.	projects/scissors-craft/image/unique-01.png	./image/item.png	./image/unique-01.png
scissors-craft	2	product variation	Scissors	Scissors	Smooth-flowing gel ink brings bright, expressive color to notes, sketches, and everyday ideas.	24 signature ink colors Quick-drying gel ink Comfortable soft-touch grip	A distinct premium catalog photograph of Scissors, variation 2: Scissors. Show the real Scissors object clearly and accurately, with a different physical presentation from every other asset: Smooth-flowing gel ink brings bright, expressive color to notes, sketches, and everyday ideas. Product details: 24 signature ink colors Quick-drying gel ink Comfortable soft-touch grip. Use a distinct angle, arrangement, and tasteful material/color variation while keeping the item recognizable. Single product focus, realistic proportions, soft studio lighting, warm off-white craft-paper background, subtle natural shadow, no text, no logos, no watermark, square composition.	projects/scissors-craft/image/unique-02.png	./image/item.png	./image/unique-02.png
scissors-craft	3	product variation	Scissors	Scissors	Liquid ink glides across the page with effortless flow, expressive line control, and a refined finish.	Silky liquid ink Ultra-smooth writing Premium roller tip	A distinct premium catalog photograph of Scissors, variation 3: Scissors. Show the real Scissors object clearly and accurately, with a different physical presentation from every other asset: Liquid ink glides across the page with effortless flow, expressive line control, and a refined finish. Product details: Silky liquid ink Ultra-smooth writing Premium roller tip. Use a distinct angle, arrangement, and tasteful material/color variation while keeping the item recognizable. Single product focus, realistic proportions, soft studio lighting, warm off-white craft-paper background, subtle natural shadow, no text, no logos, no watermark, square composition.	projects/scissors-craft/image/unique-03.png	./image/item.png	./image/unique-03.png
scissors-craft	4	product variation	Scissors	Scissors	A smooth fountain nib and refillable reservoir turn every page into a more considered writing experience.	Refillable ink system Fine and medium nibs Polished metal nib	A distinct premium catalog photograph of Scissors, variation 4: Scissors. Show the real Scissors object clearly and accurately, with a different physical presentation from every other asset: A smooth fountain nib and refillable reservoir turn every page into a more considered writing experience. Product details: Refillable ink system Fine and medium nibs Polished metal nib. Use a distinct angle, arrangement, and tasteful material/color variation while keeping the item recognizable. Single product focus, realistic proportions, soft studio lighting, warm off-white craft-paper background, subtle natural shadow, no text, no logos, no watermark, square composition.	projects/scissors-craft/image/unique-04.png	./image/item.png	./image/unique-04.png
scissors-craft	5	product variation	Scissors	Scissors	Precise fiber tips create clean, expressive lines for diagrams, journaling, lettering, and detail work.	0.4mm precision tip Fade-resistant black ink Long-lasting fiber point	A distinct premium catalog photograph of Scissors, variation 5: Scissors. Show the real Scissors object clearly and accurately, with a different physical presentation from every other asset: Precise fiber tips create clean, expressive lines for diagrams, journaling, lettering, and detail work. Product details: 0.4mm precision tip Fade-resistant black ink Long-lasting fiber point. Use a distinct angle, arrangement, and tasteful material/color variation while keeping the item recognizable. Single product focus, realistic proportions, soft studio lighting, warm off-white craft-paper background, subtle natural shadow, no text, no logos, no watermark, square composition.	projects/scissors-craft/image/unique-05.png	./image/item.png	./image/unique-05.png
scissors-craft	6	about presentation	Scissors	about presentation 6			A distinct editorial presentation image for a stationery and craft product webpage about Scissors, role about presentation number 6. Feature Scissors as the clear subject in a unique composition, different from every other image in the repository, realistic product photography, soft studio lighting, warm off-white craft-paper background, no text, no logos, no watermark, square composition.	projects/scissors-craft/image/unique-06.png	./image/item.png	./image/unique-06.png
scissors-holders-craft	1	product variation	Scissors holders	Scissors holders	The reliable everyday choice for notes, lists, and long writing sessions, with a clean line and dependable flow.	0.7mm smooth ballpoint tip Quick-drying blue ink Balanced resin barrel	A distinct premium catalog photograph of Scissors holders, variation 1: Scissors holders. Show the real Scissors holders object clearly and accurately, with a different physical presentation from every other asset: The reliable everyday choice for notes, lists, and long writing sessions, with a clean line and dependable flow. Product details: 0.7mm smooth ballpoint tip Quick-drying blue ink Balanced resin barrel. Use a distinct angle, arrangement, and tasteful material/color variation while keeping the item recognizable. Single product focus, realistic proportions, soft studio lighting, warm off-white craft-paper background, subtle natural shadow, no text, no logos, no watermark, square composition.	projects/scissors-holders-craft/image/unique-01.png	./image/item.png	./image/unique-01.png
scissors-holders-craft	2	product variation	Scissors holders	Scissors holders	Smooth-flowing gel ink brings bright, expressive color to notes, sketches, and everyday ideas.	24 signature ink colors Quick-drying gel ink Comfortable soft-touch grip	A distinct premium catalog photograph of Scissors holders, variation 2: Scissors holders. Show the real Scissors holders object clearly and accurately, with a different physical presentation from every other asset: Smooth-flowing gel ink brings bright, expressive color to notes, sketches, and everyday ideas. Product details: 24 signature ink colors Quick-drying gel ink Comfortable soft-touch grip. Use a distinct angle, arrangement, and tasteful material/color variation while keeping the item recognizable. Single product focus, realistic proportions, soft studio lighting, warm off-white craft-paper background, subtle natural shadow, no text, no logos, no watermark, square composition.	projects/scissors-holders-craft/image/unique-02.png	./image/item.png	./image/unique-02.png
scissors-holders-craft	3	product variation	Scissors holders	Scissors holders	Liquid ink glides across the page with effortless flow, expressive line control, and a refined finish.	Silky liquid ink Ultra-smooth writing Premium roller tip	A distinct premium catalog photograph of Scissors holders, variation 3: Scissors holders. Show the real Scissors holders object clearly and accurately, with a different physical presentation from every other asset: Liquid ink glides across the page with effortless flow, expressive line control, and a refined finish. Product details: Silky liquid ink Ultra-smooth writing Premium roller tip. Use a distinct angle, arrangement, and tasteful material/color variation while keeping the item recognizable. Single product focus, realistic proportions, soft studio lighting, warm off-white craft-paper background, subtle natural shadow, no text, no logos, no watermark, square composition.	projects/scissors-holders-craft/image/unique-03.png	./image/item.png	./image/unique-03.png
scissors-holders-craft	4	product variation	Scissors holders	Scissors holders	A smooth fountain nib and refillable reservoir turn every page into a more considered writing experience.	Refillable ink system Fine and medium nibs Polished metal nib	A distinct premium catalog photograph of Scissors holders, variation 4: Scissors holders. Show the real Scissors holders object clearly and accurately, with a different physical presentation from every other asset: A smooth fountain nib and refillable reservoir turn every page into a more considered writing experience. Product details: Refillable ink system Fine and medium nibs Polished metal nib. Use a distinct angle, arrangement, and tasteful material/color variation while keeping the item recognizable. Single product focus, realistic proportions, soft studio lighting, warm off-white craft-paper background, subtle natural shadow, no text, no logos, no watermark, square composition.	projects/scissors-holders-craft/image/unique-04.png	./image/item.png	./image/unique-04.png
scissors-holders-craft	5	product variation	Scissors holders	Scissors holders	Precise fiber tips create clean, expressive lines for diagrams, journaling, lettering, and detail work.	0.4mm precision tip Fade-resistant black ink Long-lasting fiber point	A distinct premium catalog photograph of Scissors holders, variation 5: Scissors holders. Show the real Scissors holders object clearly and accurately, with a different physical presentation from every other asset: Precise fiber tips create clean, expressive lines for diagrams, journaling, lettering, and detail work. Product details: 0.4mm precision tip Fade-resistant black ink Long-lasting fiber point. Use a distinct angle, arrangement, and tasteful material/color variation while keeping the item recognizable. Single product focus, realistic proportions, soft studio lighting, warm off-white craft-paper background, subtle natural shadow, no text, no logos, no watermark, square composition.	projects/scissors-holders-craft/image/unique-05.png	./image/item.png	./image/unique-05.png
scissors-holders-craft	6	about presentation	Scissors holders	about presentation 6			A distinct editorial presentation image for a stationery and craft product webpage about Scissors holders, role about presentation number 6. Feature Scissors holders as the clear subject in a unique composition, different from every other image in the repository, realistic product photography, soft studio lighting, warm off-white craft-paper background, no text, no logos, no watermark, square composition.	projects/scissors-holders-craft/image/unique-06.png	./image/item.png	./image/unique-06.png
set-squares-craft	1	product variation	Set squares	Set squares	The reliable everyday choice for notes, lists, and long writing sessions, with a clean line and dependable flow.	0.7mm smooth ballpoint tip Quick-drying blue ink Balanced resin barrel	A distinct premium catalog photograph of Set squares, variation 1: Set squares. Show the real Set squares object clearly and accurately, with a different physical presentation from every other asset: The reliable everyday choice for notes, lists, and long writing sessions, with a clean line and dependable flow. Product details: 0.7mm smooth ballpoint tip Quick-drying blue ink Balanced resin barrel. Use a distinct angle, arrangement, and tasteful material/color variation while keeping the item recognizable. Single product focus, realistic proportions, soft studio lighting, warm off-white craft-paper background, subtle natural shadow, no text, no logos, no watermark, square composition.	projects/set-squares-craft/image/unique-01.png	./image/item.png	./image/unique-01.png
set-squares-craft	2	product variation	Set squares	Set squares	Smooth-flowing gel ink brings bright, expressive color to notes, sketches, and everyday ideas.	24 signature ink colors Quick-drying gel ink Comfortable soft-touch grip	A distinct premium catalog photograph of Set squares, variation 2: Set squares. Show the real Set squares object clearly and accurately, with a different physical presentation from every other asset: Smooth-flowing gel ink brings bright, expressive color to notes, sketches, and everyday ideas. Product details: 24 signature ink colors Quick-drying gel ink Comfortable soft-touch grip. Use a distinct angle, arrangement, and tasteful material/color variation while keeping the item recognizable. Single product focus, realistic proportions, soft studio lighting, warm off-white craft-paper background, subtle natural shadow, no text, no logos, no watermark, square composition.	projects/set-squares-craft/image/unique-02.png	./image/item.png	./image/unique-02.png
set-squares-craft	3	product variation	Set squares	Set squares	Liquid ink glides across the page with effortless flow, expressive line control, and a refined finish.	Silky liquid ink Ultra-smooth writing Premium roller tip	A distinct premium catalog photograph of Set squares, variation 3: Set squares. Show the real Set squares object clearly and accurately, with a different physical presentation from every other asset: Liquid ink glides across the page with effortless flow, expressive line control, and a refined finish. Product details: Silky liquid ink Ultra-smooth writing Premium roller tip. Use a distinct angle, arrangement, and tasteful material/color variation while keeping the item recognizable. Single product focus, realistic proportions, soft studio lighting, warm off-white craft-paper background, subtle natural shadow, no text, no logos, no watermark, square composition.	projects/set-squares-craft/image/unique-03.png	./image/item.png	./image/unique-03.png
set-squares-craft	4	product variation	Set squares	Set squares	A smooth fountain nib and refillable reservoir turn every page into a more considered writing experience.	Refillable ink system Fine and medium nibs Polished metal nib	A distinct premium catalog photograph of Set squares, variation 4: Set squares. Show the real Set squares object clearly and accurately, with a different physical presentation from every other asset: A smooth fountain nib and refillable reservoir turn every page into a more considered writing experience. Product details: Refillable ink system Fine and medium nibs Polished metal nib. Use a distinct angle, arrangement, and tasteful material/color variation while keeping the item recognizable. Single product focus, realistic proportions, soft studio lighting, warm off-white craft-paper background, subtle natural shadow, no text, no logos, no watermark, square composition.	projects/set-squares-craft/image/unique-04.png	./image/item.png	./image/unique-04.png
set-squares-craft	5	product variation	Set squares	Set squares	Precise fiber tips create clean, expressive lines for diagrams, journaling, lettering, and detail work.	0.4mm precision tip Fade-resistant black ink Long-lasting fiber point	A distinct premium catalog photograph of Set squares, variation 5: Set squares. Show the real Set squares object clearly and accurately, with a different physical presentation from every other asset: Precise fiber tips create clean, expressive lines for diagrams, journaling, lettering, and detail work. Product details: 0.4mm precision tip Fade-resistant black ink Long-lasting fiber point. Use a distinct angle, arrangement, and tasteful material/color variation while keeping the item recognizable. Single product focus, realistic proportions, soft studio lighting, warm off-white craft-paper background, subtle natural shadow, no text, no logos, no watermark, square composition.	projects/set-squares-craft/image/unique-05.png	./image/item.png	./image/unique-05.png
set-squares-craft	6	about presentation	Set squares	about presentation 6			A distinct editorial presentation image for a stationery and craft product webpage about Set squares, role about presentation number 6. Feature Set squares as the clear subject in a unique composition, different from every other image in the repository, realistic product photography, soft studio lighting, warm off-white craft-paper background, no text, no logos, no watermark, square composition.	projects/set-squares-craft/image/unique-06.png	./image/item.png	./image/unique-06.png
shipping-labels-craft	1	product variation	Shipping labels	Shipping labels	The reliable everyday choice for notes, lists, and long writing sessions, with a clean line and dependable flow.	0.7mm smooth ballpoint tip Quick-drying blue ink Balanced resin barrel	A distinct premium catalog photograph of Shipping labels, variation 1: Shipping labels. Show the real Shipping labels object clearly and accurately, with a different physical presentation from every other asset: The reliable everyday choice for notes, lists, and long writing sessions, with a clean line and dependable flow. Product details: 0.7mm smooth ballpoint tip Quick-drying blue ink Balanced resin barrel. Use a distinct angle, arrangement, and tasteful material/color variation while keeping the item recognizable. Single product focus, realistic proportions, soft studio lighting, warm off-white craft-paper background, subtle natural shadow, no text, no logos, no watermark, square composition.	projects/shipping-labels-craft/image/unique-01.png	./image/item.png	./image/unique-01.png
shipping-labels-craft	2	product variation	Shipping labels	Shipping labels	Smooth-flowing gel ink brings bright, expressive color to notes, sketches, and everyday ideas.	24 signature ink colors Quick-drying gel ink Comfortable soft-touch grip	A distinct premium catalog photograph of Shipping labels, variation 2: Shipping labels. Show the real Shipping labels object clearly and accurately, with a different physical presentation from every other asset: Smooth-flowing gel ink brings bright, expressive color to notes, sketches, and everyday ideas. Product details: 24 signature ink colors Quick-drying gel ink Comfortable soft-touch grip. Use a distinct angle, arrangement, and tasteful material/color variation while keeping the item recognizable. Single product focus, realistic proportions, soft studio lighting, warm off-white craft-paper background, subtle natural shadow, no text, no logos, no watermark, square composition.	projects/shipping-labels-craft/image/unique-02.png	./image/item.png	./image/unique-02.png
shipping-labels-craft	3	product variation	Shipping labels	Shipping labels	Liquid ink glides across the page with effortless flow, expressive line control, and a refined finish.	Silky liquid ink Ultra-smooth writing Premium roller tip	A distinct premium catalog photograph of Shipping labels, variation 3: Shipping labels. Show the real Shipping labels object clearly and accurately, with a different physical presentation from every other asset: Liquid ink glides across the page with effortless flow, expressive line control, and a refined finish. Product details: Silky liquid ink Ultra-smooth writing Premium roller tip. Use a distinct angle, arrangement, and tasteful material/color variation while keeping the item recognizable. Single product focus, realistic proportions, soft studio lighting, warm off-white craft-paper background, subtle natural shadow, no text, no logos, no watermark, square composition.	projects/shipping-labels-craft/image/unique-03.png	./image/item.png	./image/unique-03.png
shipping-labels-craft	4	product variation	Shipping labels	Shipping labels	A smooth fountain nib and refillable reservoir turn every page into a more considered writing experience.	Refillable ink system Fine and medium nibs Polished metal nib	A distinct premium catalog photograph of Shipping labels, variation 4: Shipping labels. Show the real Shipping labels object clearly and accurately, with a different physical presentation from every other asset: A smooth fountain nib and refillable reservoir turn every page into a more considered writing experience. Product details: Refillable ink system Fine and medium nibs Polished metal nib. Use a distinct angle, arrangement, and tasteful material/color variation while keeping the item recognizable. Single product focus, realistic proportions, soft studio lighting, warm off-white craft-paper background, subtle natural shadow, no text, no logos, no watermark, square composition.	projects/shipping-labels-craft/image/unique-04.png	./image/item.png	./image/unique-04.png
shipping-labels-craft	5	product variation	Shipping labels	Shipping labels	Precise fiber tips create clean, expressive lines for diagrams, journaling, lettering, and detail work.	0.4mm precision tip Fade-resistant black ink Long-lasting fiber point	A distinct premium catalog photograph of Shipping labels, variation 5: Shipping labels. Show the real Shipping labels object clearly and accurately, with a different physical presentation from every other asset: Precise fiber tips create clean, expressive lines for diagrams, journaling, lettering, and detail work. Product details: 0.4mm precision tip Fade-resistant black ink Long-lasting fiber point. Use a distinct angle, arrangement, and tasteful material/color variation while keeping the item recognizable. Single product focus, realistic proportions, soft studio lighting, warm off-white craft-paper background, subtle natural shadow, no text, no logos, no watermark, square composition.	projects/shipping-labels-craft/image/unique-05.png	./image/item.png	./image/unique-05.png
shipping-labels-craft	6	about presentation	Shipping labels	about presentation 6			A distinct editorial presentation image for a stationery and craft product webpage about Shipping labels, role about presentation number 6. Feature Shipping labels as the clear subject in a unique composition, different from every other image in the repository, realistic product photography, soft studio lighting, warm off-white craft-paper background, no text, no logos, no watermark, square composition.	projects/shipping-labels-craft/image/unique-06.png	./image/item.png	./image/unique-06.png
sketchbooks-craft	1	product variation	Sketchbooks	Sketchbooks	The reliable everyday choice for notes, lists, and long writing sessions, with a clean line and dependable flow.	0.7mm smooth ballpoint tip Quick-drying blue ink Balanced resin barrel	A distinct premium catalog photograph of Sketchbooks, variation 1: Sketchbooks. Show the real Sketchbooks object clearly and accurately, with a different physical presentation from every other asset: The reliable everyday choice for notes, lists, and long writing sessions, with a clean line and dependable flow. Product details: 0.7mm smooth ballpoint tip Quick-drying blue ink Balanced resin barrel. Use a distinct angle, arrangement, and tasteful material/color variation while keeping the item recognizable. Single product focus, realistic proportions, soft studio lighting, warm off-white craft-paper background, subtle natural shadow, no text, no logos, no watermark, square composition.	projects/sketchbooks-craft/image/unique-01.png	./image/item.png	./image/unique-01.png
sketchbooks-craft	2	product variation	Sketchbooks	Sketchbooks	Smooth-flowing gel ink brings bright, expressive color to notes, sketches, and everyday ideas.	24 signature ink colors Quick-drying gel ink Comfortable soft-touch grip	A distinct premium catalog photograph of Sketchbooks, variation 2: Sketchbooks. Show the real Sketchbooks object clearly and accurately, with a different physical presentation from every other asset: Smooth-flowing gel ink brings bright, expressive color to notes, sketches, and everyday ideas. Product details: 24 signature ink colors Quick-drying gel ink Comfortable soft-touch grip. Use a distinct angle, arrangement, and tasteful material/color variation while keeping the item recognizable. Single product focus, realistic proportions, soft studio lighting, warm off-white craft-paper background, subtle natural shadow, no text, no logos, no watermark, square composition.	projects/sketchbooks-craft/image/unique-02.png	./image/item.png	./image/unique-02.png
sketchbooks-craft	3	product variation	Sketchbooks	Sketchbooks	Liquid ink glides across the page with effortless flow, expressive line control, and a refined finish.	Silky liquid ink Ultra-smooth writing Premium roller tip	A distinct premium catalog photograph of Sketchbooks, variation 3: Sketchbooks. Show the real Sketchbooks object clearly and accurately, with a different physical presentation from every other asset: Liquid ink glides across the page with effortless flow, expressive line control, and a refined finish. Product details: Silky liquid ink Ultra-smooth writing Premium roller tip. Use a distinct angle, arrangement, and tasteful material/color variation while keeping the item recognizable. Single product focus, realistic proportions, soft studio lighting, warm off-white craft-paper background, subtle natural shadow, no text, no logos, no watermark, square composition.	projects/sketchbooks-craft/image/unique-03.png	./image/item.png	./image/unique-03.png
sketchbooks-craft	4	product variation	Sketchbooks	Sketchbooks	A smooth fountain nib and refillable reservoir turn every page into a more considered writing experience.	Refillable ink system Fine and medium nibs Polished metal nib	A distinct premium catalog photograph of Sketchbooks, variation 4: Sketchbooks. Show the real Sketchbooks object clearly and accurately, with a different physical presentation from every other asset: A smooth fountain nib and refillable reservoir turn every page into a more considered writing experience. Product details: Refillable ink system Fine and medium nibs Polished metal nib. Use a distinct angle, arrangement, and tasteful material/color variation while keeping the item recognizable. Single product focus, realistic proportions, soft studio lighting, warm off-white craft-paper background, subtle natural shadow, no text, no logos, no watermark, square composition.	projects/sketchbooks-craft/image/unique-04.png	./image/item.png	./image/unique-04.png
sketchbooks-craft	5	product variation	Sketchbooks	Sketchbooks	Precise fiber tips create clean, expressive lines for diagrams, journaling, lettering, and detail work.	0.4mm precision tip Fade-resistant black ink Long-lasting fiber point	A distinct premium catalog photograph of Sketchbooks, variation 5: Sketchbooks. Show the real Sketchbooks object clearly and accurately, with a different physical presentation from every other asset: Precise fiber tips create clean, expressive lines for diagrams, journaling, lettering, and detail work. Product details: 0.4mm precision tip Fade-resistant black ink Long-lasting fiber point. Use a distinct angle, arrangement, and tasteful material/color variation while keeping the item recognizable. Single product focus, realistic proportions, soft studio lighting, warm off-white craft-paper background, subtle natural shadow, no text, no logos, no watermark, square composition.	projects/sketchbooks-craft/image/unique-05.png	./image/item.png	./image/unique-05.png
sketchbooks-craft	6	about presentation	Sketchbooks	about presentation 6			A distinct editorial presentation image for a stationery and craft product webpage about Sketchbooks, role about presentation number 6. Feature Sketchbooks as the clear subject in a unique composition, different from every other image in the repository, realistic product photography, soft studio lighting, warm off-white craft-paper background, no text, no logos, no watermark, square composition.	projects/sketchbooks-craft/image/unique-06.png	./image/item.png	./image/unique-06.png
soft-pastels-craft	1	product variation	Soft pastels	Soft pastels	The reliable everyday choice for notes, lists, and long writing sessions, with a clean line and dependable flow.	0.7mm smooth ballpoint tip Quick-drying blue ink Balanced resin barrel	A distinct premium catalog photograph of Soft pastels, variation 1: Soft pastels. Show the real Soft pastels object clearly and accurately, with a different physical presentation from every other asset: The reliable everyday choice for notes, lists, and long writing sessions, with a clean line and dependable flow. Product details: 0.7mm smooth ballpoint tip Quick-drying blue ink Balanced resin barrel. Use a distinct angle, arrangement, and tasteful material/color variation while keeping the item recognizable. Single product focus, realistic proportions, soft studio lighting, warm off-white craft-paper background, subtle natural shadow, no text, no logos, no watermark, square composition.	projects/soft-pastels-craft/image/unique-01.png	./image/item.png	./image/unique-01.png
soft-pastels-craft	2	product variation	Soft pastels	Soft pastels	Smooth-flowing gel ink brings bright, expressive color to notes, sketches, and everyday ideas.	24 signature ink colors Quick-drying gel ink Comfortable soft-touch grip	A distinct premium catalog photograph of Soft pastels, variation 2: Soft pastels. Show the real Soft pastels object clearly and accurately, with a different physical presentation from every other asset: Smooth-flowing gel ink brings bright, expressive color to notes, sketches, and everyday ideas. Product details: 24 signature ink colors Quick-drying gel ink Comfortable soft-touch grip. Use a distinct angle, arrangement, and tasteful material/color variation while keeping the item recognizable. Single product focus, realistic proportions, soft studio lighting, warm off-white craft-paper background, subtle natural shadow, no text, no logos, no watermark, square composition.	projects/soft-pastels-craft/image/unique-02.png	./image/item.png	./image/unique-02.png
soft-pastels-craft	3	product variation	Soft pastels	Soft pastels	Liquid ink glides across the page with effortless flow, expressive line control, and a refined finish.	Silky liquid ink Ultra-smooth writing Premium roller tip	A distinct premium catalog photograph of Soft pastels, variation 3: Soft pastels. Show the real Soft pastels object clearly and accurately, with a different physical presentation from every other asset: Liquid ink glides across the page with effortless flow, expressive line control, and a refined finish. Product details: Silky liquid ink Ultra-smooth writing Premium roller tip. Use a distinct angle, arrangement, and tasteful material/color variation while keeping the item recognizable. Single product focus, realistic proportions, soft studio lighting, warm off-white craft-paper background, subtle natural shadow, no text, no logos, no watermark, square composition.	projects/soft-pastels-craft/image/unique-03.png	./image/item.png	./image/unique-03.png
soft-pastels-craft	4	product variation	Soft pastels	Soft pastels	A smooth fountain nib and refillable reservoir turn every page into a more considered writing experience.	Refillable ink system Fine and medium nibs Polished metal nib	A distinct premium catalog photograph of Soft pastels, variation 4: Soft pastels. Show the real Soft pastels object clearly and accurately, with a different physical presentation from every other asset: A smooth fountain nib and refillable reservoir turn every page into a more considered writing experience. Product details: Refillable ink system Fine and medium nibs Polished metal nib. Use a distinct angle, arrangement, and tasteful material/color variation while keeping the item recognizable. Single product focus, realistic proportions, soft studio lighting, warm off-white craft-paper background, subtle natural shadow, no text, no logos, no watermark, square composition.	projects/soft-pastels-craft/image/unique-04.png	./image/item.png	./image/unique-04.png
soft-pastels-craft	5	product variation	Soft pastels	Soft pastels	Precise fiber tips create clean, expressive lines for diagrams, journaling, lettering, and detail work.	0.4mm precision tip Fade-resistant black ink Long-lasting fiber point	A distinct premium catalog photograph of Soft pastels, variation 5: Soft pastels. Show the real Soft pastels object clearly and accurately, with a different physical presentation from every other asset: Precise fiber tips create clean, expressive lines for diagrams, journaling, lettering, and detail work. Product details: 0.4mm precision tip Fade-resistant black ink Long-lasting fiber point. Use a distinct angle, arrangement, and tasteful material/color variation while keeping the item recognizable. Single product focus, realistic proportions, soft studio lighting, warm off-white craft-paper background, subtle natural shadow, no text, no logos, no watermark, square composition.	projects/soft-pastels-craft/image/unique-05.png	./image/item.png	./image/unique-05.png
soft-pastels-craft	6	about presentation	Soft pastels	about presentation 6			A distinct editorial presentation image for a stationery and craft product webpage about Soft pastels, role about presentation number 6. Feature Soft pastels as the clear subject in a unique composition, different from every other image in the repository, realistic product photography, soft studio lighting, warm off-white craft-paper background, no text, no logos, no watermark, square composition.	projects/soft-pastels-craft/image/unique-06.png	./image/item.png	./image/unique-06.png
softcover-notebooks-craft	1	product variation	Softcover notebooks	Softcover notebooks	The reliable everyday choice for notes, lists, and long writing sessions, with a clean line and dependable flow.	0.7mm smooth ballpoint tip Quick-drying blue ink Balanced resin barrel	A distinct premium catalog photograph of Softcover notebooks, variation 1: Softcover notebooks. Show the real Softcover notebooks object clearly and accurately, with a different physical presentation from every other asset: The reliable everyday choice for notes, lists, and long writing sessions, with a clean line and dependable flow. Product details: 0.7mm smooth ballpoint tip Quick-drying blue ink Balanced resin barrel. Use a distinct angle, arrangement, and tasteful material/color variation while keeping the item recognizable. Single product focus, realistic proportions, soft studio lighting, warm off-white craft-paper background, subtle natural shadow, no text, no logos, no watermark, square composition.	projects/softcover-notebooks-craft/image/unique-01.png	./image/item.png	./image/unique-01.png
softcover-notebooks-craft	2	product variation	Softcover notebooks	Softcover notebooks	Smooth-flowing gel ink brings bright, expressive color to notes, sketches, and everyday ideas.	24 signature ink colors Quick-drying gel ink Comfortable soft-touch grip	A distinct premium catalog photograph of Softcover notebooks, variation 2: Softcover notebooks. Show the real Softcover notebooks object clearly and accurately, with a different physical presentation from every other asset: Smooth-flowing gel ink brings bright, expressive color to notes, sketches, and everyday ideas. Product details: 24 signature ink colors Quick-drying gel ink Comfortable soft-touch grip. Use a distinct angle, arrangement, and tasteful material/color variation while keeping the item recognizable. Single product focus, realistic proportions, soft studio lighting, warm off-white craft-paper background, subtle natural shadow, no text, no logos, no watermark, square composition.	projects/softcover-notebooks-craft/image/unique-02.png	./image/item.png	./image/unique-02.png
softcover-notebooks-craft	3	product variation	Softcover notebooks	Softcover notebooks	Liquid ink glides across the page with effortless flow, expressive line control, and a refined finish.	Silky liquid ink Ultra-smooth writing Premium roller tip	A distinct premium catalog photograph of Softcover notebooks, variation 3: Softcover notebooks. Show the real Softcover notebooks object clearly and accurately, with a different physical presentation from every other asset: Liquid ink glides across the page with effortless flow, expressive line control, and a refined finish. Product details: Silky liquid ink Ultra-smooth writing Premium roller tip. Use a distinct angle, arrangement, and tasteful material/color variation while keeping the item recognizable. Single product focus, realistic proportions, soft studio lighting, warm off-white craft-paper background, subtle natural shadow, no text, no logos, no watermark, square composition.	projects/softcover-notebooks-craft/image/unique-03.png	./image/item.png	./image/unique-03.png
softcover-notebooks-craft	4	product variation	Softcover notebooks	Softcover notebooks	A smooth fountain nib and refillable reservoir turn every page into a more considered writing experience.	Refillable ink system Fine and medium nibs Polished metal nib	A distinct premium catalog photograph of Softcover notebooks, variation 4: Softcover notebooks. Show the real Softcover notebooks object clearly and accurately, with a different physical presentation from every other asset: A smooth fountain nib and refillable reservoir turn every page into a more considered writing experience. Product details: Refillable ink system Fine and medium nibs Polished metal nib. Use a distinct angle, arrangement, and tasteful material/color variation while keeping the item recognizable. Single product focus, realistic proportions, soft studio lighting, warm off-white craft-paper background, subtle natural shadow, no text, no logos, no watermark, square composition.	projects/softcover-notebooks-craft/image/unique-04.png	./image/item.png	./image/unique-04.png
softcover-notebooks-craft	5	product variation	Softcover notebooks	Softcover notebooks	Precise fiber tips create clean, expressive lines for diagrams, journaling, lettering, and detail work.	0.4mm precision tip Fade-resistant black ink Long-lasting fiber point	A distinct premium catalog photograph of Softcover notebooks, variation 5: Softcover notebooks. Show the real Softcover notebooks object clearly and accurately, with a different physical presentation from every other asset: Precise fiber tips create clean, expressive lines for diagrams, journaling, lettering, and detail work. Product details: 0.4mm precision tip Fade-resistant black ink Long-lasting fiber point. Use a distinct angle, arrangement, and tasteful material/color variation while keeping the item recognizable. Single product focus, realistic proportions, soft studio lighting, warm off-white craft-paper background, subtle natural shadow, no text, no logos, no watermark, square composition.	projects/softcover-notebooks-craft/image/unique-05.png	./image/item.png	./image/unique-05.png
softcover-notebooks-craft	6	about presentation	Softcover notebooks	about presentation 6			A distinct editorial presentation image for a stationery and craft product webpage about Softcover notebooks, role about presentation number 6. Feature Softcover notebooks as the clear subject in a unique composition, different from every other image in the repository, realistic product photography, soft studio lighting, warm off-white craft-paper background, no text, no logos, no watermark, square composition.	projects/softcover-notebooks-craft/image/unique-06.png	./image/item.png	./image/unique-06.png
spiral-notebooks-craft	1	product variation	Spiral notebooks	Spiral notebooks	The reliable everyday choice for notes, lists, and long writing sessions, with a clean line and dependable flow.	0.7mm smooth ballpoint tip Quick-drying blue ink Balanced resin barrel	A distinct premium catalog photograph of Spiral notebooks, variation 1: Spiral notebooks. Show the real Spiral notebooks object clearly and accurately, with a different physical presentation from every other asset: The reliable everyday choice for notes, lists, and long writing sessions, with a clean line and dependable flow. Product details: 0.7mm smooth ballpoint tip Quick-drying blue ink Balanced resin barrel. Use a distinct angle, arrangement, and tasteful material/color variation while keeping the item recognizable. Single product focus, realistic proportions, soft studio lighting, warm off-white craft-paper background, subtle natural shadow, no text, no logos, no watermark, square composition.	projects/spiral-notebooks-craft/image/unique-01.png	./image/item.png	./image/unique-01.png
spiral-notebooks-craft	2	product variation	Spiral notebooks	Spiral notebooks	Smooth-flowing gel ink brings bright, expressive color to notes, sketches, and everyday ideas.	24 signature ink colors Quick-drying gel ink Comfortable soft-touch grip	A distinct premium catalog photograph of Spiral notebooks, variation 2: Spiral notebooks. Show the real Spiral notebooks object clearly and accurately, with a different physical presentation from every other asset: Smooth-flowing gel ink brings bright, expressive color to notes, sketches, and everyday ideas. Product details: 24 signature ink colors Quick-drying gel ink Comfortable soft-touch grip. Use a distinct angle, arrangement, and tasteful material/color variation while keeping the item recognizable. Single product focus, realistic proportions, soft studio lighting, warm off-white craft-paper background, subtle natural shadow, no text, no logos, no watermark, square composition.	projects/spiral-notebooks-craft/image/unique-02.png	./image/item.png	./image/unique-02.png
spiral-notebooks-craft	3	product variation	Spiral notebooks	Spiral notebooks	Liquid ink glides across the page with effortless flow, expressive line control, and a refined finish.	Silky liquid ink Ultra-smooth writing Premium roller tip	A distinct premium catalog photograph of Spiral notebooks, variation 3: Spiral notebooks. Show the real Spiral notebooks object clearly and accurately, with a different physical presentation from every other asset: Liquid ink glides across the page with effortless flow, expressive line control, and a refined finish. Product details: Silky liquid ink Ultra-smooth writing Premium roller tip. Use a distinct angle, arrangement, and tasteful material/color variation while keeping the item recognizable. Single product focus, realistic proportions, soft studio lighting, warm off-white craft-paper background, subtle natural shadow, no text, no logos, no watermark, square composition.	projects/spiral-notebooks-craft/image/unique-03.png	./image/item.png	./image/unique-03.png
spiral-notebooks-craft	4	product variation	Spiral notebooks	Spiral notebooks	A smooth fountain nib and refillable reservoir turn every page into a more considered writing experience.	Refillable ink system Fine and medium nibs Polished metal nib	A distinct premium catalog photograph of Spiral notebooks, variation 4: Spiral notebooks. Show the real Spiral notebooks object clearly and accurately, with a different physical presentation from every other asset: A smooth fountain nib and refillable reservoir turn every page into a more considered writing experience. Product details: Refillable ink system Fine and medium nibs Polished metal nib. Use a distinct angle, arrangement, and tasteful material/color variation while keeping the item recognizable. Single product focus, realistic proportions, soft studio lighting, warm off-white craft-paper background, subtle natural shadow, no text, no logos, no watermark, square composition.	projects/spiral-notebooks-craft/image/unique-04.png	./image/item.png	./image/unique-04.png
spiral-notebooks-craft	5	product variation	Spiral notebooks	Spiral notebooks	Precise fiber tips create clean, expressive lines for diagrams, journaling, lettering, and detail work.	0.4mm precision tip Fade-resistant black ink Long-lasting fiber point	A distinct premium catalog photograph of Spiral notebooks, variation 5: Spiral notebooks. Show the real Spiral notebooks object clearly and accurately, with a different physical presentation from every other asset: Precise fiber tips create clean, expressive lines for diagrams, journaling, lettering, and detail work. Product details: 0.4mm precision tip Fade-resistant black ink Long-lasting fiber point. Use a distinct angle, arrangement, and tasteful material/color variation while keeping the item recognizable. Single product focus, realistic proportions, soft studio lighting, warm off-white craft-paper background, subtle natural shadow, no text, no logos, no watermark, square composition.	projects/spiral-notebooks-craft/image/unique-05.png	./image/item.png	./image/unique-05.png
spiral-notebooks-craft	6	about presentation	Spiral notebooks	about presentation 6			A distinct editorial presentation image for a stationery and craft product webpage about Spiral notebooks, role about presentation number 6. Feature Spiral notebooks as the clear subject in a unique composition, different from every other image in the repository, realistic product photography, soft studio lighting, warm off-white craft-paper background, no text, no logos, no watermark, square composition.	projects/spiral-notebooks-craft/image/unique-06.png	./image/item.png	./image/unique-06.png
stamp-ink-craft	1	product variation	Stamp ink	Stamp ink	The reliable everyday choice for notes, lists, and long writing sessions, with a clean line and dependable flow.	0.7mm smooth ballpoint tip Quick-drying blue ink Balanced resin barrel	A distinct premium catalog photograph of Stamp ink, variation 1: Stamp ink. Show the real Stamp ink object clearly and accurately, with a different physical presentation from every other asset: The reliable everyday choice for notes, lists, and long writing sessions, with a clean line and dependable flow. Product details: 0.7mm smooth ballpoint tip Quick-drying blue ink Balanced resin barrel. Use a distinct angle, arrangement, and tasteful material/color variation while keeping the item recognizable. Single product focus, realistic proportions, soft studio lighting, warm off-white craft-paper background, subtle natural shadow, no text, no logos, no watermark, square composition.	projects/stamp-ink-craft/image/unique-01.png	./image/item.png	./image/unique-01.png
stamp-ink-craft	2	product variation	Stamp ink	Stamp ink	Smooth-flowing gel ink brings bright, expressive color to notes, sketches, and everyday ideas.	24 signature ink colors Quick-drying gel ink Comfortable soft-touch grip	A distinct premium catalog photograph of Stamp ink, variation 2: Stamp ink. Show the real Stamp ink object clearly and accurately, with a different physical presentation from every other asset: Smooth-flowing gel ink brings bright, expressive color to notes, sketches, and everyday ideas. Product details: 24 signature ink colors Quick-drying gel ink Comfortable soft-touch grip. Use a distinct angle, arrangement, and tasteful material/color variation while keeping the item recognizable. Single product focus, realistic proportions, soft studio lighting, warm off-white craft-paper background, subtle natural shadow, no text, no logos, no watermark, square composition.	projects/stamp-ink-craft/image/unique-02.png	./image/item.png	./image/unique-02.png
stamp-ink-craft	3	product variation	Stamp ink	Stamp ink	Liquid ink glides across the page with effortless flow, expressive line control, and a refined finish.	Silky liquid ink Ultra-smooth writing Premium roller tip	A distinct premium catalog photograph of Stamp ink, variation 3: Stamp ink. Show the real Stamp ink object clearly and accurately, with a different physical presentation from every other asset: Liquid ink glides across the page with effortless flow, expressive line control, and a refined finish. Product details: Silky liquid ink Ultra-smooth writing Premium roller tip. Use a distinct angle, arrangement, and tasteful material/color variation while keeping the item recognizable. Single product focus, realistic proportions, soft studio lighting, warm off-white craft-paper background, subtle natural shadow, no text, no logos, no watermark, square composition.	projects/stamp-ink-craft/image/unique-03.png	./image/item.png	./image/unique-03.png
stamp-ink-craft	4	product variation	Stamp ink	Stamp ink	A smooth fountain nib and refillable reservoir turn every page into a more considered writing experience.	Refillable ink system Fine and medium nibs Polished metal nib	A distinct premium catalog photograph of Stamp ink, variation 4: Stamp ink. Show the real Stamp ink object clearly and accurately, with a different physical presentation from every other asset: A smooth fountain nib and refillable reservoir turn every page into a more considered writing experience. Product details: Refillable ink system Fine and medium nibs Polished metal nib. Use a distinct angle, arrangement, and tasteful material/color variation while keeping the item recognizable. Single product focus, realistic proportions, soft studio lighting, warm off-white craft-paper background, subtle natural shadow, no text, no logos, no watermark, square composition.	projects/stamp-ink-craft/image/unique-04.png	./image/item.png	./image/unique-04.png
stamp-ink-craft	5	product variation	Stamp ink	Stamp ink	Precise fiber tips create clean, expressive lines for diagrams, journaling, lettering, and detail work.	0.4mm precision tip Fade-resistant black ink Long-lasting fiber point	A distinct premium catalog photograph of Stamp ink, variation 5: Stamp ink. Show the real Stamp ink object clearly and accurately, with a different physical presentation from every other asset: Precise fiber tips create clean, expressive lines for diagrams, journaling, lettering, and detail work. Product details: 0.4mm precision tip Fade-resistant black ink Long-lasting fiber point. Use a distinct angle, arrangement, and tasteful material/color variation while keeping the item recognizable. Single product focus, realistic proportions, soft studio lighting, warm off-white craft-paper background, subtle natural shadow, no text, no logos, no watermark, square composition.	projects/stamp-ink-craft/image/unique-05.png	./image/item.png	./image/unique-05.png
stamp-ink-craft	6	about presentation	Stamp ink	about presentation 6			A distinct editorial presentation image for a stationery and craft product webpage about Stamp ink, role about presentation number 6. Feature Stamp ink as the clear subject in a unique composition, different from every other image in the repository, realistic product photography, soft studio lighting, warm off-white craft-paper background, no text, no logos, no watermark, square composition.	projects/stamp-ink-craft/image/unique-06.png	./image/item.png	./image/unique-06.png
stamp-pads-craft	1	product variation	Stamp pads	Stamp pads	The reliable everyday choice for notes, lists, and long writing sessions, with a clean line and dependable flow.	0.7mm smooth ballpoint tip Quick-drying blue ink Balanced resin barrel	A distinct premium catalog photograph of Stamp pads, variation 1: Stamp pads. Show the real Stamp pads object clearly and accurately, with a different physical presentation from every other asset: The reliable everyday choice for notes, lists, and long writing sessions, with a clean line and dependable flow. Product details: 0.7mm smooth ballpoint tip Quick-drying blue ink Balanced resin barrel. Use a distinct angle, arrangement, and tasteful material/color variation while keeping the item recognizable. Single product focus, realistic proportions, soft studio lighting, warm off-white craft-paper background, subtle natural shadow, no text, no logos, no watermark, square composition.	projects/stamp-pads-craft/image/unique-01.png	./image/item.png	./image/unique-01.png
stamp-pads-craft	2	product variation	Stamp pads	Stamp pads	Smooth-flowing gel ink brings bright, expressive color to notes, sketches, and everyday ideas.	24 signature ink colors Quick-drying gel ink Comfortable soft-touch grip	A distinct premium catalog photograph of Stamp pads, variation 2: Stamp pads. Show the real Stamp pads object clearly and accurately, with a different physical presentation from every other asset: Smooth-flowing gel ink brings bright, expressive color to notes, sketches, and everyday ideas. Product details: 24 signature ink colors Quick-drying gel ink Comfortable soft-touch grip. Use a distinct angle, arrangement, and tasteful material/color variation while keeping the item recognizable. Single product focus, realistic proportions, soft studio lighting, warm off-white craft-paper background, subtle natural shadow, no text, no logos, no watermark, square composition.	projects/stamp-pads-craft/image/unique-02.png	./image/item.png	./image/unique-02.png
stamp-pads-craft	3	product variation	Stamp pads	Stamp pads	Liquid ink glides across the page with effortless flow, expressive line control, and a refined finish.	Silky liquid ink Ultra-smooth writing Premium roller tip	A distinct premium catalog photograph of Stamp pads, variation 3: Stamp pads. Show the real Stamp pads object clearly and accurately, with a different physical presentation from every other asset: Liquid ink glides across the page with effortless flow, expressive line control, and a refined finish. Product details: Silky liquid ink Ultra-smooth writing Premium roller tip. Use a distinct angle, arrangement, and tasteful material/color variation while keeping the item recognizable. Single product focus, realistic proportions, soft studio lighting, warm off-white craft-paper background, subtle natural shadow, no text, no logos, no watermark, square composition.	projects/stamp-pads-craft/image/unique-03.png	./image/item.png	./image/unique-03.png
stamp-pads-craft	4	product variation	Stamp pads	Stamp pads	A smooth fountain nib and refillable reservoir turn every page into a more considered writing experience.	Refillable ink system Fine and medium nibs Polished metal nib	A distinct premium catalog photograph of Stamp pads, variation 4: Stamp pads. Show the real Stamp pads object clearly and accurately, with a different physical presentation from every other asset: A smooth fountain nib and refillable reservoir turn every page into a more considered writing experience. Product details: Refillable ink system Fine and medium nibs Polished metal nib. Use a distinct angle, arrangement, and tasteful material/color variation while keeping the item recognizable. Single product focus, realistic proportions, soft studio lighting, warm off-white craft-paper background, subtle natural shadow, no text, no logos, no watermark, square composition.	projects/stamp-pads-craft/image/unique-04.png	./image/item.png	./image/unique-04.png
stamp-pads-craft	5	product variation	Stamp pads	Stamp pads	Precise fiber tips create clean, expressive lines for diagrams, journaling, lettering, and detail work.	0.4mm precision tip Fade-resistant black ink Long-lasting fiber point	A distinct premium catalog photograph of Stamp pads, variation 5: Stamp pads. Show the real Stamp pads object clearly and accurately, with a different physical presentation from every other asset: Precise fiber tips create clean, expressive lines for diagrams, journaling, lettering, and detail work. Product details: 0.4mm precision tip Fade-resistant black ink Long-lasting fiber point. Use a distinct angle, arrangement, and tasteful material/color variation while keeping the item recognizable. Single product focus, realistic proportions, soft studio lighting, warm off-white craft-paper background, subtle natural shadow, no text, no logos, no watermark, square composition.	projects/stamp-pads-craft/image/unique-05.png	./image/item.png	./image/unique-05.png
stamp-pads-craft	6	about presentation	Stamp pads	about presentation 6			A distinct editorial presentation image for a stationery and craft product webpage about Stamp pads, role about presentation number 6. Feature Stamp pads as the clear subject in a unique composition, different from every other image in the repository, realistic product photography, soft studio lighting, warm off-white craft-paper background, no text, no logos, no watermark, square composition.	projects/stamp-pads-craft/image/unique-06.png	./image/item.png	./image/unique-06.png
staple-removers-craft	1	product variation	Staple removers	Staple removers	The reliable everyday choice for notes, lists, and long writing sessions, with a clean line and dependable flow.	0.7mm smooth ballpoint tip Quick-drying blue ink Balanced resin barrel	A distinct premium catalog photograph of Staple removers, variation 1: Staple removers. Show the real Staple removers object clearly and accurately, with a different physical presentation from every other asset: The reliable everyday choice for notes, lists, and long writing sessions, with a clean line and dependable flow. Product details: 0.7mm smooth ballpoint tip Quick-drying blue ink Balanced resin barrel. Use a distinct angle, arrangement, and tasteful material/color variation while keeping the item recognizable. Single product focus, realistic proportions, soft studio lighting, warm off-white craft-paper background, subtle natural shadow, no text, no logos, no watermark, square composition.	projects/staple-removers-craft/image/unique-01.png	./image/item.png	./image/unique-01.png
staple-removers-craft	2	product variation	Staple removers	Staple removers	Smooth-flowing gel ink brings bright, expressive color to notes, sketches, and everyday ideas.	24 signature ink colors Quick-drying gel ink Comfortable soft-touch grip	A distinct premium catalog photograph of Staple removers, variation 2: Staple removers. Show the real Staple removers object clearly and accurately, with a different physical presentation from every other asset: Smooth-flowing gel ink brings bright, expressive color to notes, sketches, and everyday ideas. Product details: 24 signature ink colors Quick-drying gel ink Comfortable soft-touch grip. Use a distinct angle, arrangement, and tasteful material/color variation while keeping the item recognizable. Single product focus, realistic proportions, soft studio lighting, warm off-white craft-paper background, subtle natural shadow, no text, no logos, no watermark, square composition.	projects/staple-removers-craft/image/unique-02.png	./image/item.png	./image/unique-02.png
staple-removers-craft	3	product variation	Staple removers	Staple removers	Liquid ink glides across the page with effortless flow, expressive line control, and a refined finish.	Silky liquid ink Ultra-smooth writing Premium roller tip	A distinct premium catalog photograph of Staple removers, variation 3: Staple removers. Show the real Staple removers object clearly and accurately, with a different physical presentation from every other asset: Liquid ink glides across the page with effortless flow, expressive line control, and a refined finish. Product details: Silky liquid ink Ultra-smooth writing Premium roller tip. Use a distinct angle, arrangement, and tasteful material/color variation while keeping the item recognizable. Single product focus, realistic proportions, soft studio lighting, warm off-white craft-paper background, subtle natural shadow, no text, no logos, no watermark, square composition.	projects/staple-removers-craft/image/unique-03.png	./image/item.png	./image/unique-03.png
staple-removers-craft	4	product variation	Staple removers	Staple removers	A smooth fountain nib and refillable reservoir turn every page into a more considered writing experience.	Refillable ink system Fine and medium nibs Polished metal nib	A distinct premium catalog photograph of Staple removers, variation 4: Staple removers. Show the real Staple removers object clearly and accurately, with a different physical presentation from every other asset: A smooth fountain nib and refillable reservoir turn every page into a more considered writing experience. Product details: Refillable ink system Fine and medium nibs Polished metal nib. Use a distinct angle, arrangement, and tasteful material/color variation while keeping the item recognizable. Single product focus, realistic proportions, soft studio lighting, warm off-white craft-paper background, subtle natural shadow, no text, no logos, no watermark, square composition.	projects/staple-removers-craft/image/unique-04.png	./image/item.png	./image/unique-04.png
staple-removers-craft	5	product variation	Staple removers	Staple removers	Precise fiber tips create clean, expressive lines for diagrams, journaling, lettering, and detail work.	0.4mm precision tip Fade-resistant black ink Long-lasting fiber point	A distinct premium catalog photograph of Staple removers, variation 5: Staple removers. Show the real Staple removers object clearly and accurately, with a different physical presentation from every other asset: Precise fiber tips create clean, expressive lines for diagrams, journaling, lettering, and detail work. Product details: 0.4mm precision tip Fade-resistant black ink Long-lasting fiber point. Use a distinct angle, arrangement, and tasteful material/color variation while keeping the item recognizable. Single product focus, realistic proportions, soft studio lighting, warm off-white craft-paper background, subtle natural shadow, no text, no logos, no watermark, square composition.	projects/staple-removers-craft/image/unique-05.png	./image/item.png	./image/unique-05.png
staple-removers-craft	6	about presentation	Staple removers	about presentation 6			A distinct editorial presentation image for a stationery and craft product webpage about Staple removers, role about presentation number 6. Feature Staple removers as the clear subject in a unique composition, different from every other image in the repository, realistic product photography, soft studio lighting, warm off-white craft-paper background, no text, no logos, no watermark, square composition.	projects/staple-removers-craft/image/unique-06.png	./image/item.png	./image/unique-06.png
staplers-craft	1	product variation	Staplers	Staplers	The reliable everyday choice for notes, lists, and long writing sessions, with a clean line and dependable flow.	0.7mm smooth ballpoint tip Quick-drying blue ink Balanced resin barrel	A distinct premium catalog photograph of Staplers, variation 1: Staplers. Show the real Staplers object clearly and accurately, with a different physical presentation from every other asset: The reliable everyday choice for notes, lists, and long writing sessions, with a clean line and dependable flow. Product details: 0.7mm smooth ballpoint tip Quick-drying blue ink Balanced resin barrel. Use a distinct angle, arrangement, and tasteful material/color variation while keeping the item recognizable. Single product focus, realistic proportions, soft studio lighting, warm off-white craft-paper background, subtle natural shadow, no text, no logos, no watermark, square composition.	projects/staplers-craft/image/unique-01.png	./image/item.png	./image/unique-01.png
staplers-craft	2	product variation	Staplers	Staplers	Smooth-flowing gel ink brings bright, expressive color to notes, sketches, and everyday ideas.	24 signature ink colors Quick-drying gel ink Comfortable soft-touch grip	A distinct premium catalog photograph of Staplers, variation 2: Staplers. Show the real Staplers object clearly and accurately, with a different physical presentation from every other asset: Smooth-flowing gel ink brings bright, expressive color to notes, sketches, and everyday ideas. Product details: 24 signature ink colors Quick-drying gel ink Comfortable soft-touch grip. Use a distinct angle, arrangement, and tasteful material/color variation while keeping the item recognizable. Single product focus, realistic proportions, soft studio lighting, warm off-white craft-paper background, subtle natural shadow, no text, no logos, no watermark, square composition.	projects/staplers-craft/image/unique-02.png	./image/item.png	./image/unique-02.png
staplers-craft	3	product variation	Staplers	Staplers	Liquid ink glides across the page with effortless flow, expressive line control, and a refined finish.	Silky liquid ink Ultra-smooth writing Premium roller tip	A distinct premium catalog photograph of Staplers, variation 3: Staplers. Show the real Staplers object clearly and accurately, with a different physical presentation from every other asset: Liquid ink glides across the page with effortless flow, expressive line control, and a refined finish. Product details: Silky liquid ink Ultra-smooth writing Premium roller tip. Use a distinct angle, arrangement, and tasteful material/color variation while keeping the item recognizable. Single product focus, realistic proportions, soft studio lighting, warm off-white craft-paper background, subtle natural shadow, no text, no logos, no watermark, square composition.	projects/staplers-craft/image/unique-03.png	./image/item.png	./image/unique-03.png
staplers-craft	4	product variation	Staplers	Staplers	A smooth fountain nib and refillable reservoir turn every page into a more considered writing experience.	Refillable ink system Fine and medium nibs Polished metal nib	A distinct premium catalog photograph of Staplers, variation 4: Staplers. Show the real Staplers object clearly and accurately, with a different physical presentation from every other asset: A smooth fountain nib and refillable reservoir turn every page into a more considered writing experience. Product details: Refillable ink system Fine and medium nibs Polished metal nib. Use a distinct angle, arrangement, and tasteful material/color variation while keeping the item recognizable. Single product focus, realistic proportions, soft studio lighting, warm off-white craft-paper background, subtle natural shadow, no text, no logos, no watermark, square composition.	projects/staplers-craft/image/unique-04.png	./image/item.png	./image/unique-04.png
staplers-craft	5	product variation	Staplers	Staplers	Precise fiber tips create clean, expressive lines for diagrams, journaling, lettering, and detail work.	0.4mm precision tip Fade-resistant black ink Long-lasting fiber point	A distinct premium catalog photograph of Staplers, variation 5: Staplers. Show the real Staplers object clearly and accurately, with a different physical presentation from every other asset: Precise fiber tips create clean, expressive lines for diagrams, journaling, lettering, and detail work. Product details: 0.4mm precision tip Fade-resistant black ink Long-lasting fiber point. Use a distinct angle, arrangement, and tasteful material/color variation while keeping the item recognizable. Single product focus, realistic proportions, soft studio lighting, warm off-white craft-paper background, subtle natural shadow, no text, no logos, no watermark, square composition.	projects/staplers-craft/image/unique-05.png	./image/item.png	./image/unique-05.png
staplers-craft	6	about presentation	Staplers	about presentation 6			A distinct editorial presentation image for a stationery and craft product webpage about Staplers, role about presentation number 6. Feature Staplers as the clear subject in a unique composition, different from every other image in the repository, realistic product photography, soft studio lighting, warm off-white craft-paper background, no text, no logos, no watermark, square composition.	projects/staplers-craft/image/unique-06.png	./image/item.png	./image/unique-06.png
staples-craft	1	product variation	Staples	Staples	The reliable everyday choice for notes, lists, and long writing sessions, with a clean line and dependable flow.	0.7mm smooth ballpoint tip Quick-drying blue ink Balanced resin barrel	A distinct premium catalog photograph of Staples, variation 1: Staples. Show the real Staples object clearly and accurately, with a different physical presentation from every other asset: The reliable everyday choice for notes, lists, and long writing sessions, with a clean line and dependable flow. Product details: 0.7mm smooth ballpoint tip Quick-drying blue ink Balanced resin barrel. Use a distinct angle, arrangement, and tasteful material/color variation while keeping the item recognizable. Single product focus, realistic proportions, soft studio lighting, warm off-white craft-paper background, subtle natural shadow, no text, no logos, no watermark, square composition.	projects/staples-craft/image/unique-01.png	./image/item.png	./image/unique-01.png
staples-craft	2	product variation	Staples	Staples	Smooth-flowing gel ink brings bright, expressive color to notes, sketches, and everyday ideas.	24 signature ink colors Quick-drying gel ink Comfortable soft-touch grip	A distinct premium catalog photograph of Staples, variation 2: Staples. Show the real Staples object clearly and accurately, with a different physical presentation from every other asset: Smooth-flowing gel ink brings bright, expressive color to notes, sketches, and everyday ideas. Product details: 24 signature ink colors Quick-drying gel ink Comfortable soft-touch grip. Use a distinct angle, arrangement, and tasteful material/color variation while keeping the item recognizable. Single product focus, realistic proportions, soft studio lighting, warm off-white craft-paper background, subtle natural shadow, no text, no logos, no watermark, square composition.	projects/staples-craft/image/unique-02.png	./image/item.png	./image/unique-02.png
staples-craft	3	product variation	Staples	Staples	Liquid ink glides across the page with effortless flow, expressive line control, and a refined finish.	Silky liquid ink Ultra-smooth writing Premium roller tip	A distinct premium catalog photograph of Staples, variation 3: Staples. Show the real Staples object clearly and accurately, with a different physical presentation from every other asset: Liquid ink glides across the page with effortless flow, expressive line control, and a refined finish. Product details: Silky liquid ink Ultra-smooth writing Premium roller tip. Use a distinct angle, arrangement, and tasteful material/color variation while keeping the item recognizable. Single product focus, realistic proportions, soft studio lighting, warm off-white craft-paper background, subtle natural shadow, no text, no logos, no watermark, square composition.	projects/staples-craft/image/unique-03.png	./image/item.png	./image/unique-03.png
staples-craft	4	product variation	Staples	Staples	A smooth fountain nib and refillable reservoir turn every page into a more considered writing experience.	Refillable ink system Fine and medium nibs Polished metal nib	A distinct premium catalog photograph of Staples, variation 4: Staples. Show the real Staples object clearly and accurately, with a different physical presentation from every other asset: A smooth fountain nib and refillable reservoir turn every page into a more considered writing experience. Product details: Refillable ink system Fine and medium nibs Polished metal nib. Use a distinct angle, arrangement, and tasteful material/color variation while keeping the item recognizable. Single product focus, realistic proportions, soft studio lighting, warm off-white craft-paper background, subtle natural shadow, no text, no logos, no watermark, square composition.	projects/staples-craft/image/unique-04.png	./image/item.png	./image/unique-04.png
staples-craft	5	product variation	Staples	Staples	Precise fiber tips create clean, expressive lines for diagrams, journaling, lettering, and detail work.	0.4mm precision tip Fade-resistant black ink Long-lasting fiber point	A distinct premium catalog photograph of Staples, variation 5: Staples. Show the real Staples object clearly and accurately, with a different physical presentation from every other asset: Precise fiber tips create clean, expressive lines for diagrams, journaling, lettering, and detail work. Product details: 0.4mm precision tip Fade-resistant black ink Long-lasting fiber point. Use a distinct angle, arrangement, and tasteful material/color variation while keeping the item recognizable. Single product focus, realistic proportions, soft studio lighting, warm off-white craft-paper background, subtle natural shadow, no text, no logos, no watermark, square composition.	projects/staples-craft/image/unique-05.png	./image/item.png	./image/unique-05.png
staples-craft	6	about presentation	Staples	about presentation 6			A distinct editorial presentation image for a stationery and craft product webpage about Staples, role about presentation number 6. Feature Staples as the clear subject in a unique composition, different from every other image in the repository, realistic product photography, soft studio lighting, warm off-white craft-paper background, no text, no logos, no watermark, square composition.	projects/staples-craft/image/unique-06.png	./image/item.png	./image/unique-06.png
stationery-gift-sets-craft	1	product variation	Stationery gift sets	Stationery gift sets	The reliable everyday choice for notes, lists, and long writing sessions, with a clean line and dependable flow.	0.7mm smooth ballpoint tip Quick-drying blue ink Balanced resin barrel	A distinct premium catalog photograph of Stationery gift sets, variation 1: Stationery gift sets. Show the real Stationery gift sets object clearly and accurately, with a different physical presentation from every other asset: The reliable everyday choice for notes, lists, and long writing sessions, with a clean line and dependable flow. Product details: 0.7mm smooth ballpoint tip Quick-drying blue ink Balanced resin barrel. Use a distinct angle, arrangement, and tasteful material/color variation while keeping the item recognizable. Single product focus, realistic proportions, soft studio lighting, warm off-white craft-paper background, subtle natural shadow, no text, no logos, no watermark, square composition.	projects/stationery-gift-sets-craft/image/unique-01.png	./image/item.png	./image/unique-01.png
stationery-gift-sets-craft	2	product variation	Stationery gift sets	Stationery gift sets	Smooth-flowing gel ink brings bright, expressive color to notes, sketches, and everyday ideas.	24 signature ink colors Quick-drying gel ink Comfortable soft-touch grip	A distinct premium catalog photograph of Stationery gift sets, variation 2: Stationery gift sets. Show the real Stationery gift sets object clearly and accurately, with a different physical presentation from every other asset: Smooth-flowing gel ink brings bright, expressive color to notes, sketches, and everyday ideas. Product details: 24 signature ink colors Quick-drying gel ink Comfortable soft-touch grip. Use a distinct angle, arrangement, and tasteful material/color variation while keeping the item recognizable. Single product focus, realistic proportions, soft studio lighting, warm off-white craft-paper background, subtle natural shadow, no text, no logos, no watermark, square composition.	projects/stationery-gift-sets-craft/image/unique-02.png	./image/item.png	./image/unique-02.png
stationery-gift-sets-craft	3	product variation	Stationery gift sets	Stationery gift sets	Liquid ink glides across the page with effortless flow, expressive line control, and a refined finish.	Silky liquid ink Ultra-smooth writing Premium roller tip	A distinct premium catalog photograph of Stationery gift sets, variation 3: Stationery gift sets. Show the real Stationery gift sets object clearly and accurately, with a different physical presentation from every other asset: Liquid ink glides across the page with effortless flow, expressive line control, and a refined finish. Product details: Silky liquid ink Ultra-smooth writing Premium roller tip. Use a distinct angle, arrangement, and tasteful material/color variation while keeping the item recognizable. Single product focus, realistic proportions, soft studio lighting, warm off-white craft-paper background, subtle natural shadow, no text, no logos, no watermark, square composition.	projects/stationery-gift-sets-craft/image/unique-03.png	./image/item.png	./image/unique-03.png
stationery-gift-sets-craft	4	product variation	Stationery gift sets	Stationery gift sets	A smooth fountain nib and refillable reservoir turn every page into a more considered writing experience.	Refillable ink system Fine and medium nibs Polished metal nib	A distinct premium catalog photograph of Stationery gift sets, variation 4: Stationery gift sets. Show the real Stationery gift sets object clearly and accurately, with a different physical presentation from every other asset: A smooth fountain nib and refillable reservoir turn every page into a more considered writing experience. Product details: Refillable ink system Fine and medium nibs Polished metal nib. Use a distinct angle, arrangement, and tasteful material/color variation while keeping the item recognizable. Single product focus, realistic proportions, soft studio lighting, warm off-white craft-paper background, subtle natural shadow, no text, no logos, no watermark, square composition.	projects/stationery-gift-sets-craft/image/unique-04.png	./image/item.png	./image/unique-04.png
stationery-gift-sets-craft	5	product variation	Stationery gift sets	Stationery gift sets	Precise fiber tips create clean, expressive lines for diagrams, journaling, lettering, and detail work.	0.4mm precision tip Fade-resistant black ink Long-lasting fiber point	A distinct premium catalog photograph of Stationery gift sets, variation 5: Stationery gift sets. Show the real Stationery gift sets object clearly and accurately, with a different physical presentation from every other asset: Precise fiber tips create clean, expressive lines for diagrams, journaling, lettering, and detail work. Product details: 0.4mm precision tip Fade-resistant black ink Long-lasting fiber point. Use a distinct angle, arrangement, and tasteful material/color variation while keeping the item recognizable. Single product focus, realistic proportions, soft studio lighting, warm off-white craft-paper background, subtle natural shadow, no text, no logos, no watermark, square composition.	projects/stationery-gift-sets-craft/image/unique-05.png	./image/item.png	./image/unique-05.png
stationery-gift-sets-craft	6	about presentation	Stationery gift sets	about presentation 6			A distinct editorial presentation image for a stationery and craft product webpage about Stationery gift sets, role about presentation number 6. Feature Stationery gift sets as the clear subject in a unique composition, different from every other image in the repository, realistic product photography, soft studio lighting, warm off-white craft-paper background, no text, no logos, no watermark, square composition.	projects/stationery-gift-sets-craft/image/unique-06.png	./image/item.png	./image/unique-06.png
steel-rulers-craft	1	product variation	Steel rulers	Steel rulers	The reliable everyday choice for notes, lists, and long writing sessions, with a clean line and dependable flow.	0.7mm smooth ballpoint tip Quick-drying blue ink Balanced resin barrel	A distinct premium catalog photograph of Steel rulers, variation 1: Steel rulers. Show the real Steel rulers object clearly and accurately, with a different physical presentation from every other asset: The reliable everyday choice for notes, lists, and long writing sessions, with a clean line and dependable flow. Product details: 0.7mm smooth ballpoint tip Quick-drying blue ink Balanced resin barrel. Use a distinct angle, arrangement, and tasteful material/color variation while keeping the item recognizable. Single product focus, realistic proportions, soft studio lighting, warm off-white craft-paper background, subtle natural shadow, no text, no logos, no watermark, square composition.	projects/steel-rulers-craft/image/unique-01.png	./image/item.png	./image/unique-01.png
steel-rulers-craft	2	product variation	Steel rulers	Steel rulers	Smooth-flowing gel ink brings bright, expressive color to notes, sketches, and everyday ideas.	24 signature ink colors Quick-drying gel ink Comfortable soft-touch grip	A distinct premium catalog photograph of Steel rulers, variation 2: Steel rulers. Show the real Steel rulers object clearly and accurately, with a different physical presentation from every other asset: Smooth-flowing gel ink brings bright, expressive color to notes, sketches, and everyday ideas. Product details: 24 signature ink colors Quick-drying gel ink Comfortable soft-touch grip. Use a distinct angle, arrangement, and tasteful material/color variation while keeping the item recognizable. Single product focus, realistic proportions, soft studio lighting, warm off-white craft-paper background, subtle natural shadow, no text, no logos, no watermark, square composition.	projects/steel-rulers-craft/image/unique-02.png	./image/item.png	./image/unique-02.png
steel-rulers-craft	3	product variation	Steel rulers	Steel rulers	Liquid ink glides across the page with effortless flow, expressive line control, and a refined finish.	Silky liquid ink Ultra-smooth writing Premium roller tip	A distinct premium catalog photograph of Steel rulers, variation 3: Steel rulers. Show the real Steel rulers object clearly and accurately, with a different physical presentation from every other asset: Liquid ink glides across the page with effortless flow, expressive line control, and a refined finish. Product details: Silky liquid ink Ultra-smooth writing Premium roller tip. Use a distinct angle, arrangement, and tasteful material/color variation while keeping the item recognizable. Single product focus, realistic proportions, soft studio lighting, warm off-white craft-paper background, subtle natural shadow, no text, no logos, no watermark, square composition.	projects/steel-rulers-craft/image/unique-03.png	./image/item.png	./image/unique-03.png
steel-rulers-craft	4	product variation	Steel rulers	Steel rulers	A smooth fountain nib and refillable reservoir turn every page into a more considered writing experience.	Refillable ink system Fine and medium nibs Polished metal nib	A distinct premium catalog photograph of Steel rulers, variation 4: Steel rulers. Show the real Steel rulers object clearly and accurately, with a different physical presentation from every other asset: A smooth fountain nib and refillable reservoir turn every page into a more considered writing experience. Product details: Refillable ink system Fine and medium nibs Polished metal nib. Use a distinct angle, arrangement, and tasteful material/color variation while keeping the item recognizable. Single product focus, realistic proportions, soft studio lighting, warm off-white craft-paper background, subtle natural shadow, no text, no logos, no watermark, square composition.	projects/steel-rulers-craft/image/unique-04.png	./image/item.png	./image/unique-04.png
steel-rulers-craft	5	product variation	Steel rulers	Steel rulers	Precise fiber tips create clean, expressive lines for diagrams, journaling, lettering, and detail work.	0.4mm precision tip Fade-resistant black ink Long-lasting fiber point	A distinct premium catalog photograph of Steel rulers, variation 5: Steel rulers. Show the real Steel rulers object clearly and accurately, with a different physical presentation from every other asset: Precise fiber tips create clean, expressive lines for diagrams, journaling, lettering, and detail work. Product details: 0.4mm precision tip Fade-resistant black ink Long-lasting fiber point. Use a distinct angle, arrangement, and tasteful material/color variation while keeping the item recognizable. Single product focus, realistic proportions, soft studio lighting, warm off-white craft-paper background, subtle natural shadow, no text, no logos, no watermark, square composition.	projects/steel-rulers-craft/image/unique-05.png	./image/item.png	./image/unique-05.png
steel-rulers-craft	6	about presentation	Steel rulers	about presentation 6			A distinct editorial presentation image for a stationery and craft product webpage about Steel rulers, role about presentation number 6. Feature Steel rulers as the clear subject in a unique composition, different from every other image in the repository, realistic product photography, soft studio lighting, warm off-white craft-paper background, no text, no logos, no watermark, square composition.	projects/steel-rulers-craft/image/unique-06.png	./image/item.png	./image/unique-06.png
stencils-craft	1	product variation	Stencils	Stencils	The reliable everyday choice for notes, lists, and long writing sessions, with a clean line and dependable flow.	0.7mm smooth ballpoint tip Quick-drying blue ink Balanced resin barrel	A distinct premium catalog photograph of Stencils, variation 1: Stencils. Show the real Stencils object clearly and accurately, with a different physical presentation from every other asset: The reliable everyday choice for notes, lists, and long writing sessions, with a clean line and dependable flow. Product details: 0.7mm smooth ballpoint tip Quick-drying blue ink Balanced resin barrel. Use a distinct angle, arrangement, and tasteful material/color variation while keeping the item recognizable. Single product focus, realistic proportions, soft studio lighting, warm off-white craft-paper background, subtle natural shadow, no text, no logos, no watermark, square composition.	projects/stencils-craft/image/unique-01.png	./image/item.png	./image/unique-01.png
stencils-craft	2	product variation	Stencils	Stencils	Smooth-flowing gel ink brings bright, expressive color to notes, sketches, and everyday ideas.	24 signature ink colors Quick-drying gel ink Comfortable soft-touch grip	A distinct premium catalog photograph of Stencils, variation 2: Stencils. Show the real Stencils object clearly and accurately, with a different physical presentation from every other asset: Smooth-flowing gel ink brings bright, expressive color to notes, sketches, and everyday ideas. Product details: 24 signature ink colors Quick-drying gel ink Comfortable soft-touch grip. Use a distinct angle, arrangement, and tasteful material/color variation while keeping the item recognizable. Single product focus, realistic proportions, soft studio lighting, warm off-white craft-paper background, subtle natural shadow, no text, no logos, no watermark, square composition.	projects/stencils-craft/image/unique-02.png	./image/item.png	./image/unique-02.png
stencils-craft	3	product variation	Stencils	Stencils	Liquid ink glides across the page with effortless flow, expressive line control, and a refined finish.	Silky liquid ink Ultra-smooth writing Premium roller tip	A distinct premium catalog photograph of Stencils, variation 3: Stencils. Show the real Stencils object clearly and accurately, with a different physical presentation from every other asset: Liquid ink glides across the page with effortless flow, expressive line control, and a refined finish. Product details: Silky liquid ink Ultra-smooth writing Premium roller tip. Use a distinct angle, arrangement, and tasteful material/color variation while keeping the item recognizable. Single product focus, realistic proportions, soft studio lighting, warm off-white craft-paper background, subtle natural shadow, no text, no logos, no watermark, square composition.	projects/stencils-craft/image/unique-03.png	./image/item.png	./image/unique-03.png
stencils-craft	4	product variation	Stencils	Stencils	A smooth fountain nib and refillable reservoir turn every page into a more considered writing experience.	Refillable ink system Fine and medium nibs Polished metal nib	A distinct premium catalog photograph of Stencils, variation 4: Stencils. Show the real Stencils object clearly and accurately, with a different physical presentation from every other asset: A smooth fountain nib and refillable reservoir turn every page into a more considered writing experience. Product details: Refillable ink system Fine and medium nibs Polished metal nib. Use a distinct angle, arrangement, and tasteful material/color variation while keeping the item recognizable. Single product focus, realistic proportions, soft studio lighting, warm off-white craft-paper background, subtle natural shadow, no text, no logos, no watermark, square composition.	projects/stencils-craft/image/unique-04.png	./image/item.png	./image/unique-04.png
stencils-craft	5	product variation	Stencils	Stencils	Precise fiber tips create clean, expressive lines for diagrams, journaling, lettering, and detail work.	0.4mm precision tip Fade-resistant black ink Long-lasting fiber point	A distinct premium catalog photograph of Stencils, variation 5: Stencils. Show the real Stencils object clearly and accurately, with a different physical presentation from every other asset: Precise fiber tips create clean, expressive lines for diagrams, journaling, lettering, and detail work. Product details: 0.4mm precision tip Fade-resistant black ink Long-lasting fiber point. Use a distinct angle, arrangement, and tasteful material/color variation while keeping the item recognizable. Single product focus, realistic proportions, soft studio lighting, warm off-white craft-paper background, subtle natural shadow, no text, no logos, no watermark, square composition.	projects/stencils-craft/image/unique-05.png	./image/item.png	./image/unique-05.png
stencils-craft	6	about presentation	Stencils	about presentation 6			A distinct editorial presentation image for a stationery and craft product webpage about Stencils, role about presentation number 6. Feature Stencils as the clear subject in a unique composition, different from every other image in the repository, realistic product photography, soft studio lighting, warm off-white craft-paper background, no text, no logos, no watermark, square composition.	projects/stencils-craft/image/unique-06.png	./image/item.png	./image/unique-06.png
sticky-note-holders-craft	1	product variation	Sticky-note holders	Sticky-note holders	The reliable everyday choice for notes, lists, and long writing sessions, with a clean line and dependable flow.	0.7mm smooth ballpoint tip Quick-drying blue ink Balanced resin barrel	A distinct premium catalog photograph of Sticky-note holders, variation 1: Sticky-note holders. Show the real Sticky-note holders object clearly and accurately, with a different physical presentation from every other asset: The reliable everyday choice for notes, lists, and long writing sessions, with a clean line and dependable flow. Product details: 0.7mm smooth ballpoint tip Quick-drying blue ink Balanced resin barrel. Use a distinct angle, arrangement, and tasteful material/color variation while keeping the item recognizable. Single product focus, realistic proportions, soft studio lighting, warm off-white craft-paper background, subtle natural shadow, no text, no logos, no watermark, square composition.	projects/sticky-note-holders-craft/image/unique-01.png	./image/item.png	./image/unique-01.png
sticky-note-holders-craft	2	product variation	Sticky-note holders	Sticky-note holders	Smooth-flowing gel ink brings bright, expressive color to notes, sketches, and everyday ideas.	24 signature ink colors Quick-drying gel ink Comfortable soft-touch grip	A distinct premium catalog photograph of Sticky-note holders, variation 2: Sticky-note holders. Show the real Sticky-note holders object clearly and accurately, with a different physical presentation from every other asset: Smooth-flowing gel ink brings bright, expressive color to notes, sketches, and everyday ideas. Product details: 24 signature ink colors Quick-drying gel ink Comfortable soft-touch grip. Use a distinct angle, arrangement, and tasteful material/color variation while keeping the item recognizable. Single product focus, realistic proportions, soft studio lighting, warm off-white craft-paper background, subtle natural shadow, no text, no logos, no watermark, square composition.	projects/sticky-note-holders-craft/image/unique-02.png	./image/item.png	./image/unique-02.png
sticky-note-holders-craft	3	product variation	Sticky-note holders	Sticky-note holders	Liquid ink glides across the page with effortless flow, expressive line control, and a refined finish.	Silky liquid ink Ultra-smooth writing Premium roller tip	A distinct premium catalog photograph of Sticky-note holders, variation 3: Sticky-note holders. Show the real Sticky-note holders object clearly and accurately, with a different physical presentation from every other asset: Liquid ink glides across the page with effortless flow, expressive line control, and a refined finish. Product details: Silky liquid ink Ultra-smooth writing Premium roller tip. Use a distinct angle, arrangement, and tasteful material/color variation while keeping the item recognizable. Single product focus, realistic proportions, soft studio lighting, warm off-white craft-paper background, subtle natural shadow, no text, no logos, no watermark, square composition.	projects/sticky-note-holders-craft/image/unique-03.png	./image/item.png	./image/unique-03.png
sticky-note-holders-craft	4	product variation	Sticky-note holders	Sticky-note holders	A smooth fountain nib and refillable reservoir turn every page into a more considered writing experience.	Refillable ink system Fine and medium nibs Polished metal nib	A distinct premium catalog photograph of Sticky-note holders, variation 4: Sticky-note holders. Show the real Sticky-note holders object clearly and accurately, with a different physical presentation from every other asset: A smooth fountain nib and refillable reservoir turn every page into a more considered writing experience. Product details: Refillable ink system Fine and medium nibs Polished metal nib. Use a distinct angle, arrangement, and tasteful material/color variation while keeping the item recognizable. Single product focus, realistic proportions, soft studio lighting, warm off-white craft-paper background, subtle natural shadow, no text, no logos, no watermark, square composition.	projects/sticky-note-holders-craft/image/unique-04.png	./image/item.png	./image/unique-04.png
sticky-note-holders-craft	5	product variation	Sticky-note holders	Sticky-note holders	Precise fiber tips create clean, expressive lines for diagrams, journaling, lettering, and detail work.	0.4mm precision tip Fade-resistant black ink Long-lasting fiber point	A distinct premium catalog photograph of Sticky-note holders, variation 5: Sticky-note holders. Show the real Sticky-note holders object clearly and accurately, with a different physical presentation from every other asset: Precise fiber tips create clean, expressive lines for diagrams, journaling, lettering, and detail work. Product details: 0.4mm precision tip Fade-resistant black ink Long-lasting fiber point. Use a distinct angle, arrangement, and tasteful material/color variation while keeping the item recognizable. Single product focus, realistic proportions, soft studio lighting, warm off-white craft-paper background, subtle natural shadow, no text, no logos, no watermark, square composition.	projects/sticky-note-holders-craft/image/unique-05.png	./image/item.png	./image/unique-05.png
sticky-note-holders-craft	6	about presentation	Sticky-note holders	about presentation 6			A distinct editorial presentation image for a stationery and craft product webpage about Sticky-note holders, role about presentation number 6. Feature Sticky-note holders as the clear subject in a unique composition, different from every other image in the repository, realistic product photography, soft studio lighting, warm off-white craft-paper background, no text, no logos, no watermark, square composition.	projects/sticky-note-holders-craft/image/unique-06.png	./image/item.png	./image/unique-06.png
sticky-notes-craft	1	product variation	Sticky notes	Sticky notes	The reliable everyday choice for notes, lists, and long writing sessions, with a clean line and dependable flow.	0.7mm smooth ballpoint tip Quick-drying blue ink Balanced resin barrel	A distinct premium catalog photograph of Sticky notes, variation 1: Sticky notes. Show the real Sticky notes object clearly and accurately, with a different physical presentation from every other asset: The reliable everyday choice for notes, lists, and long writing sessions, with a clean line and dependable flow. Product details: 0.7mm smooth ballpoint tip Quick-drying blue ink Balanced resin barrel. Use a distinct angle, arrangement, and tasteful material/color variation while keeping the item recognizable. Single product focus, realistic proportions, soft studio lighting, warm off-white craft-paper background, subtle natural shadow, no text, no logos, no watermark, square composition.	projects/sticky-notes-craft/image/unique-01.png	./image/item.png	./image/unique-01.png
sticky-notes-craft	2	product variation	Sticky notes	Sticky notes	Smooth-flowing gel ink brings bright, expressive color to notes, sketches, and everyday ideas.	24 signature ink colors Quick-drying gel ink Comfortable soft-touch grip	A distinct premium catalog photograph of Sticky notes, variation 2: Sticky notes. Show the real Sticky notes object clearly and accurately, with a different physical presentation from every other asset: Smooth-flowing gel ink brings bright, expressive color to notes, sketches, and everyday ideas. Product details: 24 signature ink colors Quick-drying gel ink Comfortable soft-touch grip. Use a distinct angle, arrangement, and tasteful material/color variation while keeping the item recognizable. Single product focus, realistic proportions, soft studio lighting, warm off-white craft-paper background, subtle natural shadow, no text, no logos, no watermark, square composition.	projects/sticky-notes-craft/image/unique-02.png	./image/item.png	./image/unique-02.png
sticky-notes-craft	3	product variation	Sticky notes	Sticky notes	Liquid ink glides across the page with effortless flow, expressive line control, and a refined finish.	Silky liquid ink Ultra-smooth writing Premium roller tip	A distinct premium catalog photograph of Sticky notes, variation 3: Sticky notes. Show the real Sticky notes object clearly and accurately, with a different physical presentation from every other asset: Liquid ink glides across the page with effortless flow, expressive line control, and a refined finish. Product details: Silky liquid ink Ultra-smooth writing Premium roller tip. Use a distinct angle, arrangement, and tasteful material/color variation while keeping the item recognizable. Single product focus, realistic proportions, soft studio lighting, warm off-white craft-paper background, subtle natural shadow, no text, no logos, no watermark, square composition.	projects/sticky-notes-craft/image/unique-03.png	./image/item.png	./image/unique-03.png
sticky-notes-craft	4	product variation	Sticky notes	Sticky notes	A smooth fountain nib and refillable reservoir turn every page into a more considered writing experience.	Refillable ink system Fine and medium nibs Polished metal nib	A distinct premium catalog photograph of Sticky notes, variation 4: Sticky notes. Show the real Sticky notes object clearly and accurately, with a different physical presentation from every other asset: A smooth fountain nib and refillable reservoir turn every page into a more considered writing experience. Product details: Refillable ink system Fine and medium nibs Polished metal nib. Use a distinct angle, arrangement, and tasteful material/color variation while keeping the item recognizable. Single product focus, realistic proportions, soft studio lighting, warm off-white craft-paper background, subtle natural shadow, no text, no logos, no watermark, square composition.	projects/sticky-notes-craft/image/unique-04.png	./image/item.png	./image/unique-04.png
sticky-notes-craft	5	product variation	Sticky notes	Sticky notes	Precise fiber tips create clean, expressive lines for diagrams, journaling, lettering, and detail work.	0.4mm precision tip Fade-resistant black ink Long-lasting fiber point	A distinct premium catalog photograph of Sticky notes, variation 5: Sticky notes. Show the real Sticky notes object clearly and accurately, with a different physical presentation from every other asset: Precise fiber tips create clean, expressive lines for diagrams, journaling, lettering, and detail work. Product details: 0.4mm precision tip Fade-resistant black ink Long-lasting fiber point. Use a distinct angle, arrangement, and tasteful material/color variation while keeping the item recognizable. Single product focus, realistic proportions, soft studio lighting, warm off-white craft-paper background, subtle natural shadow, no text, no logos, no watermark, square composition.	projects/sticky-notes-craft/image/unique-05.png	./image/item.png	./image/unique-05.png
sticky-notes-craft	6	about presentation	Sticky notes	about presentation 6			A distinct editorial presentation image for a stationery and craft product webpage about Sticky notes, role about presentation number 6. Feature Sticky notes as the clear subject in a unique composition, different from every other image in the repository, realistic product photography, soft studio lighting, warm off-white craft-paper background, no text, no logos, no watermark, square composition.	projects/sticky-notes-craft/image/unique-06.png	./image/item.png	./image/unique-06.png
tape-dispensers-craft	1	product variation	Tape dispensers	Tape dispensers	The reliable everyday choice for notes, lists, and long writing sessions, with a clean line and dependable flow.	0.7mm smooth ballpoint tip Quick-drying blue ink Balanced resin barrel	A distinct premium catalog photograph of Tape dispensers, variation 1: Tape dispensers. Show the real Tape dispensers object clearly and accurately, with a different physical presentation from every other asset: The reliable everyday choice for notes, lists, and long writing sessions, with a clean line and dependable flow. Product details: 0.7mm smooth ballpoint tip Quick-drying blue ink Balanced resin barrel. Use a distinct angle, arrangement, and tasteful material/color variation while keeping the item recognizable. Single product focus, realistic proportions, soft studio lighting, warm off-white craft-paper background, subtle natural shadow, no text, no logos, no watermark, square composition.	projects/tape-dispensers-craft/image/unique-01.png	./image/item.png	./image/unique-01.png
tape-dispensers-craft	2	product variation	Tape dispensers	Tape dispensers	Smooth-flowing gel ink brings bright, expressive color to notes, sketches, and everyday ideas.	24 signature ink colors Quick-drying gel ink Comfortable soft-touch grip	A distinct premium catalog photograph of Tape dispensers, variation 2: Tape dispensers. Show the real Tape dispensers object clearly and accurately, with a different physical presentation from every other asset: Smooth-flowing gel ink brings bright, expressive color to notes, sketches, and everyday ideas. Product details: 24 signature ink colors Quick-drying gel ink Comfortable soft-touch grip. Use a distinct angle, arrangement, and tasteful material/color variation while keeping the item recognizable. Single product focus, realistic proportions, soft studio lighting, warm off-white craft-paper background, subtle natural shadow, no text, no logos, no watermark, square composition.	projects/tape-dispensers-craft/image/unique-02.png	./image/item.png	./image/unique-02.png
tape-dispensers-craft	3	product variation	Tape dispensers	Tape dispensers	Liquid ink glides across the page with effortless flow, expressive line control, and a refined finish.	Silky liquid ink Ultra-smooth writing Premium roller tip	A distinct premium catalog photograph of Tape dispensers, variation 3: Tape dispensers. Show the real Tape dispensers object clearly and accurately, with a different physical presentation from every other asset: Liquid ink glides across the page with effortless flow, expressive line control, and a refined finish. Product details: Silky liquid ink Ultra-smooth writing Premium roller tip. Use a distinct angle, arrangement, and tasteful material/color variation while keeping the item recognizable. Single product focus, realistic proportions, soft studio lighting, warm off-white craft-paper background, subtle natural shadow, no text, no logos, no watermark, square composition.	projects/tape-dispensers-craft/image/unique-03.png	./image/item.png	./image/unique-03.png
tape-dispensers-craft	4	product variation	Tape dispensers	Tape dispensers	A smooth fountain nib and refillable reservoir turn every page into a more considered writing experience.	Refillable ink system Fine and medium nibs Polished metal nib	A distinct premium catalog photograph of Tape dispensers, variation 4: Tape dispensers. Show the real Tape dispensers object clearly and accurately, with a different physical presentation from every other asset: A smooth fountain nib and refillable reservoir turn every page into a more considered writing experience. Product details: Refillable ink system Fine and medium nibs Polished metal nib. Use a distinct angle, arrangement, and tasteful material/color variation while keeping the item recognizable. Single product focus, realistic proportions, soft studio lighting, warm off-white craft-paper background, subtle natural shadow, no text, no logos, no watermark, square composition.	projects/tape-dispensers-craft/image/unique-04.png	./image/item.png	./image/unique-04.png
tape-dispensers-craft	5	product variation	Tape dispensers	Tape dispensers	Precise fiber tips create clean, expressive lines for diagrams, journaling, lettering, and detail work.	0.4mm precision tip Fade-resistant black ink Long-lasting fiber point	A distinct premium catalog photograph of Tape dispensers, variation 5: Tape dispensers. Show the real Tape dispensers object clearly and accurately, with a different physical presentation from every other asset: Precise fiber tips create clean, expressive lines for diagrams, journaling, lettering, and detail work. Product details: 0.4mm precision tip Fade-resistant black ink Long-lasting fiber point. Use a distinct angle, arrangement, and tasteful material/color variation while keeping the item recognizable. Single product focus, realistic proportions, soft studio lighting, warm off-white craft-paper background, subtle natural shadow, no text, no logos, no watermark, square composition.	projects/tape-dispensers-craft/image/unique-05.png	./image/item.png	./image/unique-05.png
tape-dispensers-craft	6	about presentation	Tape dispensers	about presentation 6			A distinct editorial presentation image for a stationery and craft product webpage about Tape dispensers, role about presentation number 6. Feature Tape dispensers as the clear subject in a unique composition, different from every other image in the repository, realistic product photography, soft studio lighting, warm off-white craft-paper background, no text, no logos, no watermark, square composition.	projects/tape-dispensers-craft/image/unique-06.png	./image/item.png	./image/unique-06.png
templates-craft	1	product variation	Templates	Templates	The reliable everyday choice for notes, lists, and long writing sessions, with a clean line and dependable flow.	0.7mm smooth ballpoint tip Quick-drying blue ink Balanced resin barrel	A distinct premium catalog photograph of Templates, variation 1: Templates. Show the real Templates object clearly and accurately, with a different physical presentation from every other asset: The reliable everyday choice for notes, lists, and long writing sessions, with a clean line and dependable flow. Product details: 0.7mm smooth ballpoint tip Quick-drying blue ink Balanced resin barrel. Use a distinct angle, arrangement, and tasteful material/color variation while keeping the item recognizable. Single product focus, realistic proportions, soft studio lighting, warm off-white craft-paper background, subtle natural shadow, no text, no logos, no watermark, square composition.	projects/templates-craft/image/unique-01.png	./image/item.png	./image/unique-01.png
templates-craft	2	product variation	Templates	Templates	Smooth-flowing gel ink brings bright, expressive color to notes, sketches, and everyday ideas.	24 signature ink colors Quick-drying gel ink Comfortable soft-touch grip	A distinct premium catalog photograph of Templates, variation 2: Templates. Show the real Templates object clearly and accurately, with a different physical presentation from every other asset: Smooth-flowing gel ink brings bright, expressive color to notes, sketches, and everyday ideas. Product details: 24 signature ink colors Quick-drying gel ink Comfortable soft-touch grip. Use a distinct angle, arrangement, and tasteful material/color variation while keeping the item recognizable. Single product focus, realistic proportions, soft studio lighting, warm off-white craft-paper background, subtle natural shadow, no text, no logos, no watermark, square composition.	projects/templates-craft/image/unique-02.png	./image/item.png	./image/unique-02.png
templates-craft	3	product variation	Templates	Templates	Liquid ink glides across the page with effortless flow, expressive line control, and a refined finish.	Silky liquid ink Ultra-smooth writing Premium roller tip	A distinct premium catalog photograph of Templates, variation 3: Templates. Show the real Templates object clearly and accurately, with a different physical presentation from every other asset: Liquid ink glides across the page with effortless flow, expressive line control, and a refined finish. Product details: Silky liquid ink Ultra-smooth writing Premium roller tip. Use a distinct angle, arrangement, and tasteful material/color variation while keeping the item recognizable. Single product focus, realistic proportions, soft studio lighting, warm off-white craft-paper background, subtle natural shadow, no text, no logos, no watermark, square composition.	projects/templates-craft/image/unique-03.png	./image/item.png	./image/unique-03.png
templates-craft	4	product variation	Templates	Templates	A smooth fountain nib and refillable reservoir turn every page into a more considered writing experience.	Refillable ink system Fine and medium nibs Polished metal nib	A distinct premium catalog photograph of Templates, variation 4: Templates. Show the real Templates object clearly and accurately, with a different physical presentation from every other asset: A smooth fountain nib and refillable reservoir turn every page into a more considered writing experience. Product details: Refillable ink system Fine and medium nibs Polished metal nib. Use a distinct angle, arrangement, and tasteful material/color variation while keeping the item recognizable. Single product focus, realistic proportions, soft studio lighting, warm off-white craft-paper background, subtle natural shadow, no text, no logos, no watermark, square composition.	projects/templates-craft/image/unique-04.png	./image/item.png	./image/unique-04.png
templates-craft	5	product variation	Templates	Templates	Precise fiber tips create clean, expressive lines for diagrams, journaling, lettering, and detail work.	0.4mm precision tip Fade-resistant black ink Long-lasting fiber point	A distinct premium catalog photograph of Templates, variation 5: Templates. Show the real Templates object clearly and accurately, with a different physical presentation from every other asset: Precise fiber tips create clean, expressive lines for diagrams, journaling, lettering, and detail work. Product details: 0.4mm precision tip Fade-resistant black ink Long-lasting fiber point. Use a distinct angle, arrangement, and tasteful material/color variation while keeping the item recognizable. Single product focus, realistic proportions, soft studio lighting, warm off-white craft-paper background, subtle natural shadow, no text, no logos, no watermark, square composition.	projects/templates-craft/image/unique-05.png	./image/item.png	./image/unique-05.png
templates-craft	6	about presentation	Templates	about presentation 6			A distinct editorial presentation image for a stationery and craft product webpage about Templates, role about presentation number 6. Feature Templates as the clear subject in a unique composition, different from every other image in the repository, realistic product photography, soft studio lighting, warm off-white craft-paper background, no text, no logos, no watermark, square composition.	projects/templates-craft/image/unique-06.png	./image/item.png	./image/unique-06.png
thank-you-cards-craft	1	product variation	Thank-you cards	Thank-you cards	The reliable everyday choice for notes, lists, and long writing sessions, with a clean line and dependable flow.	0.7mm smooth ballpoint tip Quick-drying blue ink Balanced resin barrel	A distinct premium catalog photograph of Thank-you cards, variation 1: Thank-you cards. Show the real Thank-you cards object clearly and accurately, with a different physical presentation from every other asset: The reliable everyday choice for notes, lists, and long writing sessions, with a clean line and dependable flow. Product details: 0.7mm smooth ballpoint tip Quick-drying blue ink Balanced resin barrel. Use a distinct angle, arrangement, and tasteful material/color variation while keeping the item recognizable. Single product focus, realistic proportions, soft studio lighting, warm off-white craft-paper background, subtle natural shadow, no text, no logos, no watermark, square composition.	projects/thank-you-cards-craft/image/unique-01.png	./image/item.png	./image/unique-01.png
thank-you-cards-craft	2	product variation	Thank-you cards	Thank-you cards	Smooth-flowing gel ink brings bright, expressive color to notes, sketches, and everyday ideas.	24 signature ink colors Quick-drying gel ink Comfortable soft-touch grip	A distinct premium catalog photograph of Thank-you cards, variation 2: Thank-you cards. Show the real Thank-you cards object clearly and accurately, with a different physical presentation from every other asset: Smooth-flowing gel ink brings bright, expressive color to notes, sketches, and everyday ideas. Product details: 24 signature ink colors Quick-drying gel ink Comfortable soft-touch grip. Use a distinct angle, arrangement, and tasteful material/color variation while keeping the item recognizable. Single product focus, realistic proportions, soft studio lighting, warm off-white craft-paper background, subtle natural shadow, no text, no logos, no watermark, square composition.	projects/thank-you-cards-craft/image/unique-02.png	./image/item.png	./image/unique-02.png
thank-you-cards-craft	3	product variation	Thank-you cards	Thank-you cards	Liquid ink glides across the page with effortless flow, expressive line control, and a refined finish.	Silky liquid ink Ultra-smooth writing Premium roller tip	A distinct premium catalog photograph of Thank-you cards, variation 3: Thank-you cards. Show the real Thank-you cards object clearly and accurately, with a different physical presentation from every other asset: Liquid ink glides across the page with effortless flow, expressive line control, and a refined finish. Product details: Silky liquid ink Ultra-smooth writing Premium roller tip. Use a distinct angle, arrangement, and tasteful material/color variation while keeping the item recognizable. Single product focus, realistic proportions, soft studio lighting, warm off-white craft-paper background, subtle natural shadow, no text, no logos, no watermark, square composition.	projects/thank-you-cards-craft/image/unique-03.png	./image/item.png	./image/unique-03.png
thank-you-cards-craft	4	product variation	Thank-you cards	Thank-you cards	A smooth fountain nib and refillable reservoir turn every page into a more considered writing experience.	Refillable ink system Fine and medium nibs Polished metal nib	A distinct premium catalog photograph of Thank-you cards, variation 4: Thank-you cards. Show the real Thank-you cards object clearly and accurately, with a different physical presentation from every other asset: A smooth fountain nib and refillable reservoir turn every page into a more considered writing experience. Product details: Refillable ink system Fine and medium nibs Polished metal nib. Use a distinct angle, arrangement, and tasteful material/color variation while keeping the item recognizable. Single product focus, realistic proportions, soft studio lighting, warm off-white craft-paper background, subtle natural shadow, no text, no logos, no watermark, square composition.	projects/thank-you-cards-craft/image/unique-04.png	./image/item.png	./image/unique-04.png
thank-you-cards-craft	5	product variation	Thank-you cards	Thank-you cards	Precise fiber tips create clean, expressive lines for diagrams, journaling, lettering, and detail work.	0.4mm precision tip Fade-resistant black ink Long-lasting fiber point	A distinct premium catalog photograph of Thank-you cards, variation 5: Thank-you cards. Show the real Thank-you cards object clearly and accurately, with a different physical presentation from every other asset: Precise fiber tips create clean, expressive lines for diagrams, journaling, lettering, and detail work. Product details: 0.4mm precision tip Fade-resistant black ink Long-lasting fiber point. Use a distinct angle, arrangement, and tasteful material/color variation while keeping the item recognizable. Single product focus, realistic proportions, soft studio lighting, warm off-white craft-paper background, subtle natural shadow, no text, no logos, no watermark, square composition.	projects/thank-you-cards-craft/image/unique-05.png	./image/item.png	./image/unique-05.png
thank-you-cards-craft	6	about presentation	Thank-you cards	about presentation 6			A distinct editorial presentation image for a stationery and craft product webpage about Thank-you cards, role about presentation number 6. Feature Thank-you cards as the clear subject in a unique composition, different from every other image in the repository, realistic product photography, soft studio lighting, warm off-white craft-paper background, no text, no logos, no watermark, square composition.	projects/thank-you-cards-craft/image/unique-06.png	./image/item.png	./image/unique-06.png
tracing-paper-craft	1	product variation	Tracing paper	Tracing paper	The reliable everyday choice for notes, lists, and long writing sessions, with a clean line and dependable flow.	0.7mm smooth ballpoint tip Quick-drying blue ink Balanced resin barrel	A distinct premium catalog photograph of Tracing paper, variation 1: Tracing paper. Show the real Tracing paper object clearly and accurately, with a different physical presentation from every other asset: The reliable everyday choice for notes, lists, and long writing sessions, with a clean line and dependable flow. Product details: 0.7mm smooth ballpoint tip Quick-drying blue ink Balanced resin barrel. Use a distinct angle, arrangement, and tasteful material/color variation while keeping the item recognizable. Single product focus, realistic proportions, soft studio lighting, warm off-white craft-paper background, subtle natural shadow, no text, no logos, no watermark, square composition.	projects/tracing-paper-craft/image/unique-01.png	./image/item.png	./image/unique-01.png
tracing-paper-craft	2	product variation	Tracing paper	Tracing paper	Smooth-flowing gel ink brings bright, expressive color to notes, sketches, and everyday ideas.	24 signature ink colors Quick-drying gel ink Comfortable soft-touch grip	A distinct premium catalog photograph of Tracing paper, variation 2: Tracing paper. Show the real Tracing paper object clearly and accurately, with a different physical presentation from every other asset: Smooth-flowing gel ink brings bright, expressive color to notes, sketches, and everyday ideas. Product details: 24 signature ink colors Quick-drying gel ink Comfortable soft-touch grip. Use a distinct angle, arrangement, and tasteful material/color variation while keeping the item recognizable. Single product focus, realistic proportions, soft studio lighting, warm off-white craft-paper background, subtle natural shadow, no text, no logos, no watermark, square composition.	projects/tracing-paper-craft/image/unique-02.png	./image/item.png	./image/unique-02.png
tracing-paper-craft	3	product variation	Tracing paper	Tracing paper	Liquid ink glides across the page with effortless flow, expressive line control, and a refined finish.	Silky liquid ink Ultra-smooth writing Premium roller tip	A distinct premium catalog photograph of Tracing paper, variation 3: Tracing paper. Show the real Tracing paper object clearly and accurately, with a different physical presentation from every other asset: Liquid ink glides across the page with effortless flow, expressive line control, and a refined finish. Product details: Silky liquid ink Ultra-smooth writing Premium roller tip. Use a distinct angle, arrangement, and tasteful material/color variation while keeping the item recognizable. Single product focus, realistic proportions, soft studio lighting, warm off-white craft-paper background, subtle natural shadow, no text, no logos, no watermark, square composition.	projects/tracing-paper-craft/image/unique-03.png	./image/item.png	./image/unique-03.png
tracing-paper-craft	4	product variation	Tracing paper	Tracing paper	A smooth fountain nib and refillable reservoir turn every page into a more considered writing experience.	Refillable ink system Fine and medium nibs Polished metal nib	A distinct premium catalog photograph of Tracing paper, variation 4: Tracing paper. Show the real Tracing paper object clearly and accurately, with a different physical presentation from every other asset: A smooth fountain nib and refillable reservoir turn every page into a more considered writing experience. Product details: Refillable ink system Fine and medium nibs Polished metal nib. Use a distinct angle, arrangement, and tasteful material/color variation while keeping the item recognizable. Single product focus, realistic proportions, soft studio lighting, warm off-white craft-paper background, subtle natural shadow, no text, no logos, no watermark, square composition.	projects/tracing-paper-craft/image/unique-04.png	./image/item.png	./image/unique-04.png
tracing-paper-craft	5	product variation	Tracing paper	Tracing paper	Precise fiber tips create clean, expressive lines for diagrams, journaling, lettering, and detail work.	0.4mm precision tip Fade-resistant black ink Long-lasting fiber point	A distinct premium catalog photograph of Tracing paper, variation 5: Tracing paper. Show the real Tracing paper object clearly and accurately, with a different physical presentation from every other asset: Precise fiber tips create clean, expressive lines for diagrams, journaling, lettering, and detail work. Product details: 0.4mm precision tip Fade-resistant black ink Long-lasting fiber point. Use a distinct angle, arrangement, and tasteful material/color variation while keeping the item recognizable. Single product focus, realistic proportions, soft studio lighting, warm off-white craft-paper background, subtle natural shadow, no text, no logos, no watermark, square composition.	projects/tracing-paper-craft/image/unique-05.png	./image/item.png	./image/unique-05.png
tracing-paper-craft	6	about presentation	Tracing paper	about presentation 6			A distinct editorial presentation image for a stationery and craft product webpage about Tracing paper, role about presentation number 6. Feature Tracing paper as the clear subject in a unique composition, different from every other image in the repository, realistic product photography, soft studio lighting, warm off-white craft-paper background, no text, no logos, no watermark, square composition.	projects/tracing-paper-craft/image/unique-06.png	./image/item.png	./image/unique-06.png
utility-knives-craft	1	product variation	Utility knives	Utility knives	The reliable everyday choice for notes, lists, and long writing sessions, with a clean line and dependable flow.	0.7mm smooth ballpoint tip Quick-drying blue ink Balanced resin barrel	A distinct premium catalog photograph of Utility knives, variation 1: Utility knives. Show the real Utility knives object clearly and accurately, with a different physical presentation from every other asset: The reliable everyday choice for notes, lists, and long writing sessions, with a clean line and dependable flow. Product details: 0.7mm smooth ballpoint tip Quick-drying blue ink Balanced resin barrel. Use a distinct angle, arrangement, and tasteful material/color variation while keeping the item recognizable. Single product focus, realistic proportions, soft studio lighting, warm off-white craft-paper background, subtle natural shadow, no text, no logos, no watermark, square composition.	projects/utility-knives-craft/image/unique-01.png	./image/item.png	./image/unique-01.png
utility-knives-craft	2	product variation	Utility knives	Utility knives	Smooth-flowing gel ink brings bright, expressive color to notes, sketches, and everyday ideas.	24 signature ink colors Quick-drying gel ink Comfortable soft-touch grip	A distinct premium catalog photograph of Utility knives, variation 2: Utility knives. Show the real Utility knives object clearly and accurately, with a different physical presentation from every other asset: Smooth-flowing gel ink brings bright, expressive color to notes, sketches, and everyday ideas. Product details: 24 signature ink colors Quick-drying gel ink Comfortable soft-touch grip. Use a distinct angle, arrangement, and tasteful material/color variation while keeping the item recognizable. Single product focus, realistic proportions, soft studio lighting, warm off-white craft-paper background, subtle natural shadow, no text, no logos, no watermark, square composition.	projects/utility-knives-craft/image/unique-02.png	./image/item.png	./image/unique-02.png
utility-knives-craft	3	product variation	Utility knives	Utility knives	Liquid ink glides across the page with effortless flow, expressive line control, and a refined finish.	Silky liquid ink Ultra-smooth writing Premium roller tip	A distinct premium catalog photograph of Utility knives, variation 3: Utility knives. Show the real Utility knives object clearly and accurately, with a different physical presentation from every other asset: Liquid ink glides across the page with effortless flow, expressive line control, and a refined finish. Product details: Silky liquid ink Ultra-smooth writing Premium roller tip. Use a distinct angle, arrangement, and tasteful material/color variation while keeping the item recognizable. Single product focus, realistic proportions, soft studio lighting, warm off-white craft-paper background, subtle natural shadow, no text, no logos, no watermark, square composition.	projects/utility-knives-craft/image/unique-03.png	./image/item.png	./image/unique-03.png
utility-knives-craft	4	product variation	Utility knives	Utility knives	A smooth fountain nib and refillable reservoir turn every page into a more considered writing experience.	Refillable ink system Fine and medium nibs Polished metal nib	A distinct premium catalog photograph of Utility knives, variation 4: Utility knives. Show the real Utility knives object clearly and accurately, with a different physical presentation from every other asset: A smooth fountain nib and refillable reservoir turn every page into a more considered writing experience. Product details: Refillable ink system Fine and medium nibs Polished metal nib. Use a distinct angle, arrangement, and tasteful material/color variation while keeping the item recognizable. Single product focus, realistic proportions, soft studio lighting, warm off-white craft-paper background, subtle natural shadow, no text, no logos, no watermark, square composition.	projects/utility-knives-craft/image/unique-04.png	./image/item.png	./image/unique-04.png
utility-knives-craft	5	product variation	Utility knives	Utility knives	Precise fiber tips create clean, expressive lines for diagrams, journaling, lettering, and detail work.	0.4mm precision tip Fade-resistant black ink Long-lasting fiber point	A distinct premium catalog photograph of Utility knives, variation 5: Utility knives. Show the real Utility knives object clearly and accurately, with a different physical presentation from every other asset: Precise fiber tips create clean, expressive lines for diagrams, journaling, lettering, and detail work. Product details: 0.4mm precision tip Fade-resistant black ink Long-lasting fiber point. Use a distinct angle, arrangement, and tasteful material/color variation while keeping the item recognizable. Single product focus, realistic proportions, soft studio lighting, warm off-white craft-paper background, subtle natural shadow, no text, no logos, no watermark, square composition.	projects/utility-knives-craft/image/unique-05.png	./image/item.png	./image/unique-05.png
utility-knives-craft	6	about presentation	Utility knives	about presentation 6			A distinct editorial presentation image for a stationery and craft product webpage about Utility knives, role about presentation number 6. Feature Utility knives as the clear subject in a unique composition, different from every other image in the repository, realistic product photography, soft studio lighting, warm off-white craft-paper background, no text, no logos, no watermark, square composition.	projects/utility-knives-craft/image/unique-06.png	./image/item.png	./image/unique-06.png
visitor-books-craft	1	product variation	Visitor books	Visitor books	The reliable everyday choice for notes, lists, and long writing sessions, with a clean line and dependable flow.	0.7mm smooth ballpoint tip Quick-drying blue ink Balanced resin barrel	A distinct premium catalog photograph of Visitor books, variation 1: Visitor books. Show the real Visitor books object clearly and accurately, with a different physical presentation from every other asset: The reliable everyday choice for notes, lists, and long writing sessions, with a clean line and dependable flow. Product details: 0.7mm smooth ballpoint tip Quick-drying blue ink Balanced resin barrel. Use a distinct angle, arrangement, and tasteful material/color variation while keeping the item recognizable. Single product focus, realistic proportions, soft studio lighting, warm off-white craft-paper background, subtle natural shadow, no text, no logos, no watermark, square composition.	projects/visitor-books-craft/image/unique-01.png	./image/item.png	./image/unique-01.png
visitor-books-craft	2	product variation	Visitor books	Visitor books	Smooth-flowing gel ink brings bright, expressive color to notes, sketches, and everyday ideas.	24 signature ink colors Quick-drying gel ink Comfortable soft-touch grip	A distinct premium catalog photograph of Visitor books, variation 2: Visitor books. Show the real Visitor books object clearly and accurately, with a different physical presentation from every other asset: Smooth-flowing gel ink brings bright, expressive color to notes, sketches, and everyday ideas. Product details: 24 signature ink colors Quick-drying gel ink Comfortable soft-touch grip. Use a distinct angle, arrangement, and tasteful material/color variation while keeping the item recognizable. Single product focus, realistic proportions, soft studio lighting, warm off-white craft-paper background, subtle natural shadow, no text, no logos, no watermark, square composition.	projects/visitor-books-craft/image/unique-02.png	./image/item.png	./image/unique-02.png
visitor-books-craft	3	product variation	Visitor books	Visitor books	Liquid ink glides across the page with effortless flow, expressive line control, and a refined finish.	Silky liquid ink Ultra-smooth writing Premium roller tip	A distinct premium catalog photograph of Visitor books, variation 3: Visitor books. Show the real Visitor books object clearly and accurately, with a different physical presentation from every other asset: Liquid ink glides across the page with effortless flow, expressive line control, and a refined finish. Product details: Silky liquid ink Ultra-smooth writing Premium roller tip. Use a distinct angle, arrangement, and tasteful material/color variation while keeping the item recognizable. Single product focus, realistic proportions, soft studio lighting, warm off-white craft-paper background, subtle natural shadow, no text, no logos, no watermark, square composition.	projects/visitor-books-craft/image/unique-03.png	./image/item.png	./image/unique-03.png
visitor-books-craft	4	product variation	Visitor books	Visitor books	A smooth fountain nib and refillable reservoir turn every page into a more considered writing experience.	Refillable ink system Fine and medium nibs Polished metal nib	A distinct premium catalog photograph of Visitor books, variation 4: Visitor books. Show the real Visitor books object clearly and accurately, with a different physical presentation from every other asset: A smooth fountain nib and refillable reservoir turn every page into a more considered writing experience. Product details: Refillable ink system Fine and medium nibs Polished metal nib. Use a distinct angle, arrangement, and tasteful material/color variation while keeping the item recognizable. Single product focus, realistic proportions, soft studio lighting, warm off-white craft-paper background, subtle natural shadow, no text, no logos, no watermark, square composition.	projects/visitor-books-craft/image/unique-04.png	./image/item.png	./image/unique-04.png
visitor-books-craft	5	product variation	Visitor books	Visitor books	Precise fiber tips create clean, expressive lines for diagrams, journaling, lettering, and detail work.	0.4mm precision tip Fade-resistant black ink Long-lasting fiber point	A distinct premium catalog photograph of Visitor books, variation 5: Visitor books. Show the real Visitor books object clearly and accurately, with a different physical presentation from every other asset: Precise fiber tips create clean, expressive lines for diagrams, journaling, lettering, and detail work. Product details: 0.4mm precision tip Fade-resistant black ink Long-lasting fiber point. Use a distinct angle, arrangement, and tasteful material/color variation while keeping the item recognizable. Single product focus, realistic proportions, soft studio lighting, warm off-white craft-paper background, subtle natural shadow, no text, no logos, no watermark, square composition.	projects/visitor-books-craft/image/unique-05.png	./image/item.png	./image/unique-05.png
visitor-books-craft	6	about presentation	Visitor books	about presentation 6			A distinct editorial presentation image for a stationery and craft product webpage about Visitor books, role about presentation number 6. Feature Visitor books as the clear subject in a unique composition, different from every other image in the repository, realistic product photography, soft studio lighting, warm off-white craft-paper background, no text, no logos, no watermark, square composition.	projects/visitor-books-craft/image/unique-06.png	./image/item.png	./image/unique-06.png
washi-tape-craft	1	product variation	Washi tape	Washi tape	The reliable everyday choice for notes, lists, and long writing sessions, with a clean line and dependable flow.	0.7mm smooth ballpoint tip Quick-drying blue ink Balanced resin barrel	A distinct premium catalog photograph of Washi tape, variation 1: Washi tape. Show the real Washi tape object clearly and accurately, with a different physical presentation from every other asset: The reliable everyday choice for notes, lists, and long writing sessions, with a clean line and dependable flow. Product details: 0.7mm smooth ballpoint tip Quick-drying blue ink Balanced resin barrel. Use a distinct angle, arrangement, and tasteful material/color variation while keeping the item recognizable. Single product focus, realistic proportions, soft studio lighting, warm off-white craft-paper background, subtle natural shadow, no text, no logos, no watermark, square composition.	projects/washi-tape-craft/image/unique-01.png	./image/item.png	./image/unique-01.png
washi-tape-craft	2	product variation	Washi tape	Washi tape	Smooth-flowing gel ink brings bright, expressive color to notes, sketches, and everyday ideas.	24 signature ink colors Quick-drying gel ink Comfortable soft-touch grip	A distinct premium catalog photograph of Washi tape, variation 2: Washi tape. Show the real Washi tape object clearly and accurately, with a different physical presentation from every other asset: Smooth-flowing gel ink brings bright, expressive color to notes, sketches, and everyday ideas. Product details: 24 signature ink colors Quick-drying gel ink Comfortable soft-touch grip. Use a distinct angle, arrangement, and tasteful material/color variation while keeping the item recognizable. Single product focus, realistic proportions, soft studio lighting, warm off-white craft-paper background, subtle natural shadow, no text, no logos, no watermark, square composition.	projects/washi-tape-craft/image/unique-02.png	./image/item.png	./image/unique-02.png
washi-tape-craft	3	product variation	Washi tape	Washi tape	Liquid ink glides across the page with effortless flow, expressive line control, and a refined finish.	Silky liquid ink Ultra-smooth writing Premium roller tip	A distinct premium catalog photograph of Washi tape, variation 3: Washi tape. Show the real Washi tape object clearly and accurately, with a different physical presentation from every other asset: Liquid ink glides across the page with effortless flow, expressive line control, and a refined finish. Product details: Silky liquid ink Ultra-smooth writing Premium roller tip. Use a distinct angle, arrangement, and tasteful material/color variation while keeping the item recognizable. Single product focus, realistic proportions, soft studio lighting, warm off-white craft-paper background, subtle natural shadow, no text, no logos, no watermark, square composition.	projects/washi-tape-craft/image/unique-03.png	./image/item.png	./image/unique-03.png
washi-tape-craft	4	product variation	Washi tape	Washi tape	A smooth fountain nib and refillable reservoir turn every page into a more considered writing experience.	Refillable ink system Fine and medium nibs Polished metal nib	A distinct premium catalog photograph of Washi tape, variation 4: Washi tape. Show the real Washi tape object clearly and accurately, with a different physical presentation from every other asset: A smooth fountain nib and refillable reservoir turn every page into a more considered writing experience. Product details: Refillable ink system Fine and medium nibs Polished metal nib. Use a distinct angle, arrangement, and tasteful material/color variation while keeping the item recognizable. Single product focus, realistic proportions, soft studio lighting, warm off-white craft-paper background, subtle natural shadow, no text, no logos, no watermark, square composition.	projects/washi-tape-craft/image/unique-04.png	./image/item.png	./image/unique-04.png
washi-tape-craft	5	product variation	Washi tape	Washi tape	Precise fiber tips create clean, expressive lines for diagrams, journaling, lettering, and detail work.	0.4mm precision tip Fade-resistant black ink Long-lasting fiber point	A distinct premium catalog photograph of Washi tape, variation 5: Washi tape. Show the real Washi tape object clearly and accurately, with a different physical presentation from every other asset: Precise fiber tips create clean, expressive lines for diagrams, journaling, lettering, and detail work. Product details: 0.4mm precision tip Fade-resistant black ink Long-lasting fiber point. Use a distinct angle, arrangement, and tasteful material/color variation while keeping the item recognizable. Single product focus, realistic proportions, soft studio lighting, warm off-white craft-paper background, subtle natural shadow, no text, no logos, no watermark, square composition.	projects/washi-tape-craft/image/unique-05.png	./image/item.png	./image/unique-05.png
washi-tape-craft	6	about presentation	Washi tape	about presentation 6			A distinct editorial presentation image for a stationery and craft product webpage about Washi tape, role about presentation number 6. Feature Washi tape as the clear subject in a unique composition, different from every other image in the repository, realistic product photography, soft studio lighting, warm off-white craft-paper background, no text, no logos, no watermark, square composition.	projects/washi-tape-craft/image/unique-06.png	./image/item.png	./image/unique-06.png
watercolor-paper-craft	1	product variation	Watercolor paper	Watercolor paper	The reliable everyday choice for notes, lists, and long writing sessions, with a clean line and dependable flow.	0.7mm smooth ballpoint tip Quick-drying blue ink Balanced resin barrel	A distinct premium catalog photograph of Watercolor paper, variation 1: Watercolor paper. Show the real Watercolor paper object clearly and accurately, with a different physical presentation from every other asset: The reliable everyday choice for notes, lists, and long writing sessions, with a clean line and dependable flow. Product details: 0.7mm smooth ballpoint tip Quick-drying blue ink Balanced resin barrel. Use a distinct angle, arrangement, and tasteful material/color variation while keeping the item recognizable. Single product focus, realistic proportions, soft studio lighting, warm off-white craft-paper background, subtle natural shadow, no text, no logos, no watermark, square composition.	projects/watercolor-paper-craft/image/unique-01.png	./image/item.png	./image/unique-01.png
watercolor-paper-craft	2	product variation	Watercolor paper	Watercolor paper	Smooth-flowing gel ink brings bright, expressive color to notes, sketches, and everyday ideas.	24 signature ink colors Quick-drying gel ink Comfortable soft-touch grip	A distinct premium catalog photograph of Watercolor paper, variation 2: Watercolor paper. Show the real Watercolor paper object clearly and accurately, with a different physical presentation from every other asset: Smooth-flowing gel ink brings bright, expressive color to notes, sketches, and everyday ideas. Product details: 24 signature ink colors Quick-drying gel ink Comfortable soft-touch grip. Use a distinct angle, arrangement, and tasteful material/color variation while keeping the item recognizable. Single product focus, realistic proportions, soft studio lighting, warm off-white craft-paper background, subtle natural shadow, no text, no logos, no watermark, square composition.	projects/watercolor-paper-craft/image/unique-02.png	./image/item.png	./image/unique-02.png
watercolor-paper-craft	3	product variation	Watercolor paper	Watercolor paper	Liquid ink glides across the page with effortless flow, expressive line control, and a refined finish.	Silky liquid ink Ultra-smooth writing Premium roller tip	A distinct premium catalog photograph of Watercolor paper, variation 3: Watercolor paper. Show the real Watercolor paper object clearly and accurately, with a different physical presentation from every other asset: Liquid ink glides across the page with effortless flow, expressive line control, and a refined finish. Product details: Silky liquid ink Ultra-smooth writing Premium roller tip. Use a distinct angle, arrangement, and tasteful material/color variation while keeping the item recognizable. Single product focus, realistic proportions, soft studio lighting, warm off-white craft-paper background, subtle natural shadow, no text, no logos, no watermark, square composition.	projects/watercolor-paper-craft/image/unique-03.png	./image/item.png	./image/unique-03.png
watercolor-paper-craft	4	product variation	Watercolor paper	Watercolor paper	A smooth fountain nib and refillable reservoir turn every page into a more considered writing experience.	Refillable ink system Fine and medium nibs Polished metal nib	A distinct premium catalog photograph of Watercolor paper, variation 4: Watercolor paper. Show the real Watercolor paper object clearly and accurately, with a different physical presentation from every other asset: A smooth fountain nib and refillable reservoir turn every page into a more considered writing experience. Product details: Refillable ink system Fine and medium nibs Polished metal nib. Use a distinct angle, arrangement, and tasteful material/color variation while keeping the item recognizable. Single product focus, realistic proportions, soft studio lighting, warm off-white craft-paper background, subtle natural shadow, no text, no logos, no watermark, square composition.	projects/watercolor-paper-craft/image/unique-04.png	./image/item.png	./image/unique-04.png
watercolor-paper-craft	5	product variation	Watercolor paper	Watercolor paper	Precise fiber tips create clean, expressive lines for diagrams, journaling, lettering, and detail work.	0.4mm precision tip Fade-resistant black ink Long-lasting fiber point	A distinct premium catalog photograph of Watercolor paper, variation 5: Watercolor paper. Show the real Watercolor paper object clearly and accurately, with a different physical presentation from every other asset: Precise fiber tips create clean, expressive lines for diagrams, journaling, lettering, and detail work. Product details: 0.4mm precision tip Fade-resistant black ink Long-lasting fiber point. Use a distinct angle, arrangement, and tasteful material/color variation while keeping the item recognizable. Single product focus, realistic proportions, soft studio lighting, warm off-white craft-paper background, subtle natural shadow, no text, no logos, no watermark, square composition.	projects/watercolor-paper-craft/image/unique-05.png	./image/item.png	./image/unique-05.png
watercolor-paper-craft	6	about presentation	Watercolor paper	about presentation 6			A distinct editorial presentation image for a stationery and craft product webpage about Watercolor paper, role about presentation number 6. Feature Watercolor paper as the clear subject in a unique composition, different from every other image in the repository, realistic product photography, soft studio lighting, warm off-white craft-paper background, no text, no logos, no watermark, square composition.	projects/watercolor-paper-craft/image/unique-06.png	./image/item.png	./image/unique-06.png
watercolors-craft	1	product variation	Watercolors	Watercolors	The reliable everyday choice for notes, lists, and long writing sessions, with a clean line and dependable flow.	0.7mm smooth ballpoint tip Quick-drying blue ink Balanced resin barrel	A distinct premium catalog photograph of Watercolors, variation 1: Watercolors. Show the real Watercolors object clearly and accurately, with a different physical presentation from every other asset: The reliable everyday choice for notes, lists, and long writing sessions, with a clean line and dependable flow. Product details: 0.7mm smooth ballpoint tip Quick-drying blue ink Balanced resin barrel. Use a distinct angle, arrangement, and tasteful material/color variation while keeping the item recognizable. Single product focus, realistic proportions, soft studio lighting, warm off-white craft-paper background, subtle natural shadow, no text, no logos, no watermark, square composition.	projects/watercolors-craft/image/unique-01.png	./image/item.png	./image/unique-01.png
watercolors-craft	2	product variation	Watercolors	Watercolors	Smooth-flowing gel ink brings bright, expressive color to notes, sketches, and everyday ideas.	24 signature ink colors Quick-drying gel ink Comfortable soft-touch grip	A distinct premium catalog photograph of Watercolors, variation 2: Watercolors. Show the real Watercolors object clearly and accurately, with a different physical presentation from every other asset: Smooth-flowing gel ink brings bright, expressive color to notes, sketches, and everyday ideas. Product details: 24 signature ink colors Quick-drying gel ink Comfortable soft-touch grip. Use a distinct angle, arrangement, and tasteful material/color variation while keeping the item recognizable. Single product focus, realistic proportions, soft studio lighting, warm off-white craft-paper background, subtle natural shadow, no text, no logos, no watermark, square composition.	projects/watercolors-craft/image/unique-02.png	./image/item.png	./image/unique-02.png
watercolors-craft	3	product variation	Watercolors	Watercolors	Liquid ink glides across the page with effortless flow, expressive line control, and a refined finish.	Silky liquid ink Ultra-smooth writing Premium roller tip	A distinct premium catalog photograph of Watercolors, variation 3: Watercolors. Show the real Watercolors object clearly and accurately, with a different physical presentation from every other asset: Liquid ink glides across the page with effortless flow, expressive line control, and a refined finish. Product details: Silky liquid ink Ultra-smooth writing Premium roller tip. Use a distinct angle, arrangement, and tasteful material/color variation while keeping the item recognizable. Single product focus, realistic proportions, soft studio lighting, warm off-white craft-paper background, subtle natural shadow, no text, no logos, no watermark, square composition.	projects/watercolors-craft/image/unique-03.png	./image/item.png	./image/unique-03.png
watercolors-craft	4	product variation	Watercolors	Watercolors	A smooth fountain nib and refillable reservoir turn every page into a more considered writing experience.	Refillable ink system Fine and medium nibs Polished metal nib	A distinct premium catalog photograph of Watercolors, variation 4: Watercolors. Show the real Watercolors object clearly and accurately, with a different physical presentation from every other asset: A smooth fountain nib and refillable reservoir turn every page into a more considered writing experience. Product details: Refillable ink system Fine and medium nibs Polished metal nib. Use a distinct angle, arrangement, and tasteful material/color variation while keeping the item recognizable. Single product focus, realistic proportions, soft studio lighting, warm off-white craft-paper background, subtle natural shadow, no text, no logos, no watermark, square composition.	projects/watercolors-craft/image/unique-04.png	./image/item.png	./image/unique-04.png
watercolors-craft	5	product variation	Watercolors	Watercolors	Precise fiber tips create clean, expressive lines for diagrams, journaling, lettering, and detail work.	0.4mm precision tip Fade-resistant black ink Long-lasting fiber point	A distinct premium catalog photograph of Watercolors, variation 5: Watercolors. Show the real Watercolors object clearly and accurately, with a different physical presentation from every other asset: Precise fiber tips create clean, expressive lines for diagrams, journaling, lettering, and detail work. Product details: 0.4mm precision tip Fade-resistant black ink Long-lasting fiber point. Use a distinct angle, arrangement, and tasteful material/color variation while keeping the item recognizable. Single product focus, realistic proportions, soft studio lighting, warm off-white craft-paper background, subtle natural shadow, no text, no logos, no watermark, square composition.	projects/watercolors-craft/image/unique-05.png	./image/item.png	./image/unique-05.png
watercolors-craft	6	about presentation	Watercolors	about presentation 6			A distinct editorial presentation image for a stationery and craft product webpage about Watercolors, role about presentation number 6. Feature Watercolors as the clear subject in a unique composition, different from every other image in the repository, realistic product photography, soft studio lighting, warm off-white craft-paper background, no text, no logos, no watermark, square composition.	projects/watercolors-craft/image/unique-06.png	./image/item.png	./image/unique-06.png
wax-seals-craft	1	product variation	Wax seals	Wax seals	The reliable everyday choice for notes, lists, and long writing sessions, with a clean line and dependable flow.	0.7mm smooth ballpoint tip Quick-drying blue ink Balanced resin barrel	A distinct premium catalog photograph of Wax seals, variation 1: Wax seals. Show the real Wax seals object clearly and accurately, with a different physical presentation from every other asset: The reliable everyday choice for notes, lists, and long writing sessions, with a clean line and dependable flow. Product details: 0.7mm smooth ballpoint tip Quick-drying blue ink Balanced resin barrel. Use a distinct angle, arrangement, and tasteful material/color variation while keeping the item recognizable. Single product focus, realistic proportions, soft studio lighting, warm off-white craft-paper background, subtle natural shadow, no text, no logos, no watermark, square composition.	projects/wax-seals-craft/image/unique-01.png	./image/item.png	./image/unique-01.png
wax-seals-craft	2	product variation	Wax seals	Wax seals	Smooth-flowing gel ink brings bright, expressive color to notes, sketches, and everyday ideas.	24 signature ink colors Quick-drying gel ink Comfortable soft-touch grip	A distinct premium catalog photograph of Wax seals, variation 2: Wax seals. Show the real Wax seals object clearly and accurately, with a different physical presentation from every other asset: Smooth-flowing gel ink brings bright, expressive color to notes, sketches, and everyday ideas. Product details: 24 signature ink colors Quick-drying gel ink Comfortable soft-touch grip. Use a distinct angle, arrangement, and tasteful material/color variation while keeping the item recognizable. Single product focus, realistic proportions, soft studio lighting, warm off-white craft-paper background, subtle natural shadow, no text, no logos, no watermark, square composition.	projects/wax-seals-craft/image/unique-02.png	./image/item.png	./image/unique-02.png
wax-seals-craft	3	product variation	Wax seals	Wax seals	Liquid ink glides across the page with effortless flow, expressive line control, and a refined finish.	Silky liquid ink Ultra-smooth writing Premium roller tip	A distinct premium catalog photograph of Wax seals, variation 3: Wax seals. Show the real Wax seals object clearly and accurately, with a different physical presentation from every other asset: Liquid ink glides across the page with effortless flow, expressive line control, and a refined finish. Product details: Silky liquid ink Ultra-smooth writing Premium roller tip. Use a distinct angle, arrangement, and tasteful material/color variation while keeping the item recognizable. Single product focus, realistic proportions, soft studio lighting, warm off-white craft-paper background, subtle natural shadow, no text, no logos, no watermark, square composition.	projects/wax-seals-craft/image/unique-03.png	./image/item.png	./image/unique-03.png
wax-seals-craft	4	product variation	Wax seals	Wax seals	A smooth fountain nib and refillable reservoir turn every page into a more considered writing experience.	Refillable ink system Fine and medium nibs Polished metal nib	A distinct premium catalog photograph of Wax seals, variation 4: Wax seals. Show the real Wax seals object clearly and accurately, with a different physical presentation from every other asset: A smooth fountain nib and refillable reservoir turn every page into a more considered writing experience. Product details: Refillable ink system Fine and medium nibs Polished metal nib. Use a distinct angle, arrangement, and tasteful material/color variation while keeping the item recognizable. Single product focus, realistic proportions, soft studio lighting, warm off-white craft-paper background, subtle natural shadow, no text, no logos, no watermark, square composition.	projects/wax-seals-craft/image/unique-04.png	./image/item.png	./image/unique-04.png
wax-seals-craft	5	product variation	Wax seals	Wax seals	Precise fiber tips create clean, expressive lines for diagrams, journaling, lettering, and detail work.	0.4mm precision tip Fade-resistant black ink Long-lasting fiber point	A distinct premium catalog photograph of Wax seals, variation 5: Wax seals. Show the real Wax seals object clearly and accurately, with a different physical presentation from every other asset: Precise fiber tips create clean, expressive lines for diagrams, journaling, lettering, and detail work. Product details: 0.4mm precision tip Fade-resistant black ink Long-lasting fiber point. Use a distinct angle, arrangement, and tasteful material/color variation while keeping the item recognizable. Single product focus, realistic proportions, soft studio lighting, warm off-white craft-paper background, subtle natural shadow, no text, no logos, no watermark, square composition.	projects/wax-seals-craft/image/unique-05.png	./image/item.png	./image/unique-05.png
wax-seals-craft	6	about presentation	Wax seals	about presentation 6			A distinct editorial presentation image for a stationery and craft product webpage about Wax seals, role about presentation number 6. Feature Wax seals as the clear subject in a unique composition, different from every other image in the repository, realistic product photography, soft studio lighting, warm off-white craft-paper background, no text, no logos, no watermark, square composition.	projects/wax-seals-craft/image/unique-06.png	./image/item.png	./image/unique-06.png
whiteboard-markers-craft	1	product variation	Whiteboard markers	Whiteboard markers	The reliable everyday choice for notes, lists, and long writing sessions, with a clean line and dependable flow.	0.7mm smooth ballpoint tip Quick-drying blue ink Balanced resin barrel	A distinct premium catalog photograph of Whiteboard markers, variation 1: Whiteboard markers. Show the real Whiteboard markers object clearly and accurately, with a different physical presentation from every other asset: The reliable everyday choice for notes, lists, and long writing sessions, with a clean line and dependable flow. Product details: 0.7mm smooth ballpoint tip Quick-drying blue ink Balanced resin barrel. Use a distinct angle, arrangement, and tasteful material/color variation while keeping the item recognizable. Single product focus, realistic proportions, soft studio lighting, warm off-white craft-paper background, subtle natural shadow, no text, no logos, no watermark, square composition.	projects/whiteboard-markers-craft/image/unique-01.png	./image/item.png	./image/unique-01.png
whiteboard-markers-craft	2	product variation	Whiteboard markers	Whiteboard markers	Smooth-flowing gel ink brings bright, expressive color to notes, sketches, and everyday ideas.	24 signature ink colors Quick-drying gel ink Comfortable soft-touch grip	A distinct premium catalog photograph of Whiteboard markers, variation 2: Whiteboard markers. Show the real Whiteboard markers object clearly and accurately, with a different physical presentation from every other asset: Smooth-flowing gel ink brings bright, expressive color to notes, sketches, and everyday ideas. Product details: 24 signature ink colors Quick-drying gel ink Comfortable soft-touch grip. Use a distinct angle, arrangement, and tasteful material/color variation while keeping the item recognizable. Single product focus, realistic proportions, soft studio lighting, warm off-white craft-paper background, subtle natural shadow, no text, no logos, no watermark, square composition.	projects/whiteboard-markers-craft/image/unique-02.png	./image/item.png	./image/unique-02.png
whiteboard-markers-craft	3	product variation	Whiteboard markers	Whiteboard markers	Liquid ink glides across the page with effortless flow, expressive line control, and a refined finish.	Silky liquid ink Ultra-smooth writing Premium roller tip	A distinct premium catalog photograph of Whiteboard markers, variation 3: Whiteboard markers. Show the real Whiteboard markers object clearly and accurately, with a different physical presentation from every other asset: Liquid ink glides across the page with effortless flow, expressive line control, and a refined finish. Product details: Silky liquid ink Ultra-smooth writing Premium roller tip. Use a distinct angle, arrangement, and tasteful material/color variation while keeping the item recognizable. Single product focus, realistic proportions, soft studio lighting, warm off-white craft-paper background, subtle natural shadow, no text, no logos, no watermark, square composition.	projects/whiteboard-markers-craft/image/unique-03.png	./image/item.png	./image/unique-03.png
whiteboard-markers-craft	4	product variation	Whiteboard markers	Whiteboard markers	A smooth fountain nib and refillable reservoir turn every page into a more considered writing experience.	Refillable ink system Fine and medium nibs Polished metal nib	A distinct premium catalog photograph of Whiteboard markers, variation 4: Whiteboard markers. Show the real Whiteboard markers object clearly and accurately, with a different physical presentation from every other asset: A smooth fountain nib and refillable reservoir turn every page into a more considered writing experience. Product details: Refillable ink system Fine and medium nibs Polished metal nib. Use a distinct angle, arrangement, and tasteful material/color variation while keeping the item recognizable. Single product focus, realistic proportions, soft studio lighting, warm off-white craft-paper background, subtle natural shadow, no text, no logos, no watermark, square composition.	projects/whiteboard-markers-craft/image/unique-04.png	./image/item.png	./image/unique-04.png
whiteboard-markers-craft	5	product variation	Whiteboard markers	Whiteboard markers	Precise fiber tips create clean, expressive lines for diagrams, journaling, lettering, and detail work.	0.4mm precision tip Fade-resistant black ink Long-lasting fiber point	A distinct premium catalog photograph of Whiteboard markers, variation 5: Whiteboard markers. Show the real Whiteboard markers object clearly and accurately, with a different physical presentation from every other asset: Precise fiber tips create clean, expressive lines for diagrams, journaling, lettering, and detail work. Product details: 0.4mm precision tip Fade-resistant black ink Long-lasting fiber point. Use a distinct angle, arrangement, and tasteful material/color variation while keeping the item recognizable. Single product focus, realistic proportions, soft studio lighting, warm off-white craft-paper background, subtle natural shadow, no text, no logos, no watermark, square composition.	projects/whiteboard-markers-craft/image/unique-05.png	./image/item.png	./image/unique-05.png
whiteboard-markers-craft	6	about presentation	Whiteboard markers	about presentation 6			A distinct editorial presentation image for a stationery and craft product webpage about Whiteboard markers, role about presentation number 6. Feature Whiteboard markers as the clear subject in a unique composition, different from every other image in the repository, realistic product photography, soft studio lighting, warm off-white craft-paper background, no text, no logos, no watermark, square composition.	projects/whiteboard-markers-craft/image/unique-06.png	./image/item.png	./image/unique-06.png
writing-sets-craft	1	product variation	Writing sets	Writing sets	The reliable everyday choice for notes, lists, and long writing sessions, with a clean line and dependable flow.	0.7mm smooth ballpoint tip Quick-drying blue ink Balanced resin barrel	A distinct premium catalog photograph of Writing sets, variation 1: Writing sets. Show the real Writing sets object clearly and accurately, with a different physical presentation from every other asset: The reliable everyday choice for notes, lists, and long writing sessions, with a clean line and dependable flow. Product details: 0.7mm smooth ballpoint tip Quick-drying blue ink Balanced resin barrel. Use a distinct angle, arrangement, and tasteful material/color variation while keeping the item recognizable. Single product focus, realistic proportions, soft studio lighting, warm off-white craft-paper background, subtle natural shadow, no text, no logos, no watermark, square composition.	projects/writing-sets-craft/image/unique-01.png	./image/item.png	./image/unique-01.png
writing-sets-craft	2	product variation	Writing sets	Writing sets	Smooth-flowing gel ink brings bright, expressive color to notes, sketches, and everyday ideas.	24 signature ink colors Quick-drying gel ink Comfortable soft-touch grip	A distinct premium catalog photograph of Writing sets, variation 2: Writing sets. Show the real Writing sets object clearly and accurately, with a different physical presentation from every other asset: Smooth-flowing gel ink brings bright, expressive color to notes, sketches, and everyday ideas. Product details: 24 signature ink colors Quick-drying gel ink Comfortable soft-touch grip. Use a distinct angle, arrangement, and tasteful material/color variation while keeping the item recognizable. Single product focus, realistic proportions, soft studio lighting, warm off-white craft-paper background, subtle natural shadow, no text, no logos, no watermark, square composition.	projects/writing-sets-craft/image/unique-02.png	./image/item.png	./image/unique-02.png
writing-sets-craft	3	product variation	Writing sets	Writing sets	Liquid ink glides across the page with effortless flow, expressive line control, and a refined finish.	Silky liquid ink Ultra-smooth writing Premium roller tip	A distinct premium catalog photograph of Writing sets, variation 3: Writing sets. Show the real Writing sets object clearly and accurately, with a different physical presentation from every other asset: Liquid ink glides across the page with effortless flow, expressive line control, and a refined finish. Product details: Silky liquid ink Ultra-smooth writing Premium roller tip. Use a distinct angle, arrangement, and tasteful material/color variation while keeping the item recognizable. Single product focus, realistic proportions, soft studio lighting, warm off-white craft-paper background, subtle natural shadow, no text, no logos, no watermark, square composition.	projects/writing-sets-craft/image/unique-03.png	./image/item.png	./image/unique-03.png
writing-sets-craft	4	product variation	Writing sets	Writing sets	A smooth fountain nib and refillable reservoir turn every page into a more considered writing experience.	Refillable ink system Fine and medium nibs Polished metal nib	A distinct premium catalog photograph of Writing sets, variation 4: Writing sets. Show the real Writing sets object clearly and accurately, with a different physical presentation from every other asset: A smooth fountain nib and refillable reservoir turn every page into a more considered writing experience. Product details: Refillable ink system Fine and medium nibs Polished metal nib. Use a distinct angle, arrangement, and tasteful material/color variation while keeping the item recognizable. Single product focus, realistic proportions, soft studio lighting, warm off-white craft-paper background, subtle natural shadow, no text, no logos, no watermark, square composition.	projects/writing-sets-craft/image/unique-04.png	./image/item.png	./image/unique-04.png
writing-sets-craft	5	product variation	Writing sets	Writing sets	Precise fiber tips create clean, expressive lines for diagrams, journaling, lettering, and detail work.	0.4mm precision tip Fade-resistant black ink Long-lasting fiber point	A distinct premium catalog photograph of Writing sets, variation 5: Writing sets. Show the real Writing sets object clearly and accurately, with a different physical presentation from every other asset: Precise fiber tips create clean, expressive lines for diagrams, journaling, lettering, and detail work. Product details: 0.4mm precision tip Fade-resistant black ink Long-lasting fiber point. Use a distinct angle, arrangement, and tasteful material/color variation while keeping the item recognizable. Single product focus, realistic proportions, soft studio lighting, warm off-white craft-paper background, subtle natural shadow, no text, no logos, no watermark, square composition.	projects/writing-sets-craft/image/unique-05.png	./image/item.png	./image/unique-05.png
writing-sets-craft	6	about presentation	Writing sets	about presentation 6			A distinct editorial presentation image for a stationery and craft product webpage about Writing sets, role about presentation number 6. Feature Writing sets as the clear subject in a unique composition, different from every other image in the repository, realistic product photography, soft studio lighting, warm off-white craft-paper background, no text, no logos, no watermark, square composition.	projects/writing-sets-craft/image/unique-06.png	./image/item.png	./image/unique-06.png
